# phpMyAdmin MySQL-Dump
# version 2.2.4
# http://phpwizard.net/phpMyAdmin/
# http://phpmyadmin.sourceforge.net/ (download page)
#
# Servidor: localhost
# Tempo de Generação: Aug 23, 2002 at 12:05 
# Versão do Servidor: 3.23.41
# Versão do PHP: 4.0.6
# Banco de Dados : `graw`
# --------------------------------------------------------

#
# Estrutura da tabela `academiccourse`
#

DROP TABLE IF EXISTS `academiccourse`;
CREATE TABLE `academiccourse` (
  `instituteID` varchar(25) NOT NULL default '',
  `departmentID` varchar(25) NOT NULL default '',
  `academicCourseID` varchar(25) NOT NULL default '',
  `name` varchar(255) NOT NULL default '',
  `code` varchar(10) default NULL,
  PRIMARY KEY  (`instituteID`,`departmentID`,`academicCourseID`),
  UNIQUE KEY `academicCourseID` (`academicCourseID`,`name`,`departmentID`)
) TYPE=MyISAM;

#
# Extraindo dados da tabela `academiccourse`
#

INSERT INTO `academiccourse` (`instituteID`, `departmentID`, `academicCourseID`, `name`, `code`) VALUES ('1010357067520', '1010362252870', '1010426419860', 'Ciência da Computação', 'G55'),
('1025296288050', '1025296465319', '1025296515353', 'Pós-graduação em Informática', 'COPIN');
# --------------------------------------------------------

#
# Estrutura da tabela `academicuser`
#

DROP TABLE IF EXISTS `academicuser`;
CREATE TABLE `academicuser` (
  `userID` varchar(25) default '',
  `instituteID` varchar(25) NOT NULL default '',
  `departmentID` varchar(25) NOT NULL default '',
  `academicCourseID` varchar(25) NOT NULL default '',
  `userName` varchar(30) NOT NULL default '',
  `matriculation` varchar(30) NOT NULL default '',
  `kindOfUserID` char(1) NOT NULL default 'S',
  PRIMARY KEY  (`userName`,`academicCourseID`)
) TYPE=MyISAM;

#
# Extraindo dados da tabela `academicuser`
#

INSERT INTO `academicuser` (`userID`, `instituteID`, `departmentID`, `academicCourseID`, `userName`, `matriculation`, `kindOfUserID`) VALUES ('1019484142388', '1010357067520', '1010362252870', '1010426419860', 'ailton', '1120660', 'P'),
('', '1010357067520', '1010362252870', '1010426419860', 'alcino', '1120979', 'P'),
('', '1010357067520', '1010362252870', '1010426419860', 'arturo', '2309422', 'P'),
('1028134962805', '1010357067520', '1010362252870', '1010426419860', 'cid', '1121093', 'P'),
('1018271591200', '1010357067520', '1010362252870', '1010426419860', 'diniz', '1120719', 'P'),
('1019511473814', '1010357067520', '1010362252870', '1010426419860', 'eliana', '0310567', 'P'),
('1015438291312', '1010357067520', '1010362252870', '1010426419860', 'evandro', '1121007', 'P'),
('1025794822125', '1010357067520', '1010362252870', '1010426419860', 'fabioc', '1121006', 'P'),
('', '1010357067520', '1010362252870', '1010426419860', 'fabiop', '1121086', 'P'),
('', '1010357067520', '1010362252870', '1010426419860', 'fernando', '1119423', 'P'),
('1019503247967', '1010357067520', '1010362252870', '1010426419860', 'jaime', '1119310', 'P'),
('', '1010357067520', '1010362252870', '1010426419860', 'jorge', '1120851', 'P'),
('', '1010357067520', '1010362252870', '1010426419860', 'josea', '1119149', 'P'),
('', '1010357067520', '1010362252870', '1010426419860', 'josed', '1119899', 'P'),
('1025887954643', '1010357067520', '1010362252870', '1010426419860', 'coradine', '0297142', 'P'),
('', '1010357067520', '1010362252870', '1010426419860', 'marcosg', '1119695', 'P'),
('1025779965235', '1010357067520', '1010362252870', '1010426419860', 'mbraga', '2120382', 'P'),
('', '1010357067520', '1010362252870', '1010426419860', 'nilton', '1120115', 'P'),
('', '1010357067520', '1010362252870', '1010426419860', 'olival', '1121199', 'P'),
('', '1010357067520', '1010362252870', '1010426419860', 'orlando', '1119693', 'P'),
('', '1010357067520', '1010362252870', '1010426419860', 'petrucio', '1120930', 'P'),
('', '1010357067520', '1010362252870', '1010426419860', 'silvio', '1119476', 'P'),
('', '1010357067520', '1010362252870', '1010426419860', 'washingt', '1120109', 'P'),
('', '1010357067520', '1010362252870', '1010426419860', 'paulo', '1331811', 'P'),
('', '1010357067520', '1010362252870', '1010426419860', 'rosfran', '1331813', 'P'),
('1018372172359', '1010357067520', '1010362252870', '1010426419860', 'cledja', '1337857', 'P'),
('1026141763486', '1010357067520', '1010362252870', '1010426419860', 'jaf', '1999G55D025V', 'S'),
('1019503912147', '1010357067520', '1010362252870', '1010426419860', 'jegd', '1997G55D026V', 'S'),
('1020271910319', '1010357067520', '1010362252870', '1010426419860', 'mqao', '1996G55D001R', 'S'),
('1020698256660', '1010357067520', '1010362252870', '1010426419860', 'jwss', '1997G55D027V', 'S'),
('1015331789194', '1010357067520', '1010362252870', '1010426419860', 'rbp', '1999G55D041V', 'S'),
('1024946109986', '1010357067520', '1010362252870', '1010426419860', 'cjas', '1997G55D006R', 'S'),
('1018351830989', '1010357067520', '1010362252870', '1010426419860', 'vac', '1999G55D048V', 'S'),
('1019062580257', '1010357067520', '1010362252870', '1010426419860', 'tjta', '1999G55D045V', 'S'),
('1017927390789', '1010357067520', '1010362252870', '1010426419860', 'jagf', '1998G55D020V', 'S'),
('1017148443627', '1010357067520', '1010362252870', '1010426419860', 'skom', '1998G55D002R', 'S'),
('', '1010357067520', '1010362252870', '1010426419860', 'whbl', '1996G55D029V', 'S'),
('1026218361696', '1010357067520', '1010362252870', '1010426419860', 'mttc', '1999G55D035V', 'S'),
('1017145015032', '1010357067520', '1010362252870', '1010426419860', 'eclf', '1999G55D016V', 'S'),
('1018531312709', '1010357067520', '1010362252870', '1010426419860', 'dfp', '2001G55D013V', 'S'),
('1019049525378', '1010357067520', '1010362252870', '1010426419860', 'cos', '2001G55D003V', 'S'),
('1020007158410', '1010357067520', '1010362252870', '1010426419860', 'cbo', '2001G55D007V', 'S'),
('1018531000848', '1010357067520', '1010362252870', '1010426419860', 'nmsb', '2001G55D038V', 'S'),
('', '1010357067520', '1010362252870', '1010426419860', 'cmng', '1998G55D050V', 'S'),
('1019050866592', '1010357067520', '1010362252870', '1010426419860', 'jgsl', '1998G55D004V', 'S'),
('1017752764345', '1010357067520', '1010362252870', '1010426419860', 'rls', '1999G55D043V', 'S'),
('1024421269647', '1010357067520', '1010362252870', '1010426419860', 'dfvg', '2000G55D017V', 'S'),
('1019744987191', '1010357067520', '1010362252870', '1010426419860', 'tpv', '2000G55D043V', 'S'),
('1026841972196', '1010357067520', '1010362252870', '1010426419860', 'gfag', '2000G55D007V', 'S'),
('1028036096193', '1010357067520', '1010362252870', '1010426419860', 'rbaa', '2000G55D042V', 'S'),
('1028033852578', '1010357067520', '1010362252870', '1010426419860', 'abn', '1999G55D004V', 'S'),
('1026662649313', '1010357067520', '1010362252870', '1010426419860', 'ejgj', '1998G55D017V', 'S'),
('1015439644996', '1010357067520', '1010362252870', '1010426419860', 'masj', '1998G55D001T', 'S'),
('1019139944399', '1010357067520', '1010362252870', '1010426419860', 'jgsm', '2001G55D028V', 'S'),
('', '1010357067520', '1010362252870', '1010426419860', 'farle', '1998G55D029V', 'S'),
('1017950139331', '1010357067520', '1010362252870', '1010426419860', 'gacf', '1997G55D023V', 'S'),
('1029328627311', '1010357067520', '1010362252870', '1010426419860', 'dmm', '2000G55D001F', 'S'),
('1019677327950', '1010357067520', '1010362252870', '1010426419860', 'palp', '2001G55D043V', 'S'),
('1019070885655', '1010357067520', '1010362252870', '1010426419860', 'mcap', '2001G55D037V', 'S'),
('1019071557673', '1010357067520', '1010362252870', '1010426419860', 'tmav', '2001G55D050V', 'S'),
('1018471180982', '1010357067520', '1010362252870', '1010426419860', 'rmp', '2001G55D045V', 'S'),
('1019513721235', '1010357067520', '1010362252870', '1010426419860', 'jcs', '2001G55D029V', 'S'),
('1028173095899', '1010357067520', '1010362252870', '1010426419860', 'prcc', '2001G55D040V', 'S'),
('', '1010357067520', '1010362252870', '1010426419860', 'ccsf', '2000G55D023V', 'S'),
('', '1010357067520', '1010362252870', '1010426419860', 'acml', '2000G55D015V', 'S'),
('1016563792202', '1010357067520', '1010362252870', '1010426419860', 'fps', '1997G55D004R', 'S'),
('1019072257712', '1010357067520', '1010362252870', '1010426419860', 'lro', '2001G55D032', 'S'),
('1022090270729', '1010357067520', '1010362252870', '1010426419860', 'easo', '2000G55D033V', 'S'),
('1025029389427', '1010357067520', '1010362252870', '1010426419860', 'assc', '1999G55D001F', 'S'),
('1023908912014', '1010357067520', '1010362252870', '1010426419860', 'hce', '2000G55D038V', 'S'),
('', '1010357067520', '1010362252870', '1010426419860', 'mrc', '1996G55D018V', 'S'),
('', '1010357067520', '1010362252870', '1010426419860', 'aps', '2000G55D034', 'S'),
('1019251974097', '1010357067520', '1010362252870', '1010426419860', 'rpa', '1997G55D042V', 'S'),
('1019050994833', '1010357067520', '1010362252870', '1010426419860', 'cbtg', '1998G55D007V', 'S'),
('1019843336128', '1010357067520', '1010362252870', '1010426419860', 'mrcf', '2000G55D003V', 'S'),
('1019152954166', '1010357067520', '1010362252870', '1010426419860', 'irgj', '2000G55D035V', 'S'),
('', '1010357067520', '1010362252870', '1010426419860', 'mvcc', '2001G55D033V', 'S'),
('1018517966065', '1010357067520', '1010362252870', '1010426419860', 'nct', '2001G55D039V', 'S'),
('1019423755498', '1010357067520', '1010362252870', '1010426419860', 'mcaj', '2001G55D035V', 'S'),
('1027005176702', '1010357067520', '1010362252870', '1010426419860', 'sasm', '2001G55D006E', 'S'),
('1018471144727', '1010357067520', '1010362252870', '1010426419860', 'jbon', '2001G55D027V', 'S'),
('1028225756045', '1010357067520', '1010362252870', '1010426419860', 'lacn', '2001G55D031V', 'S'),
('1017081590858', '1010357067520', '1010362252870', '1010426419860', 'mcb', '2001G55D036V', 'S'),
('1019446197310', '1010357067520', '1010362252870', '1010426419860', 'faacc', '1999G55D018V', 'S'),
('', '1010357067520', '1010362252870', '1010426419860', 'phsb', '2001G55D041V', 'S'),
('1020538312693', '1010357067520', '1010362252870', '1010426419860', 'mcs', '2001G55D034V', 'S'),
('1019676386491', '1010357067520', '1010362252870', '1010426419860', 'pas', '2001G55D042V', 'S'),
('1019070831131', '1010357067520', '1010362252870', '1010426419860', 'evs', '1999G55D007T', 'S'),
('1016224005196', '1010357067520', '1010362252870', '1010426419860', 'bjso', '1999G55D003T', 'S'),
('1019087441845', '1010357067520', '1010362252870', '1010426419860', 'rjms', '1999G55D040V', 'S'),
('1015347803599', '1010357067520', '1010362252870', '1010426419860', 'gvvmf', '2000G55D020V', 'S'),
('', '1010357067520', '1010362252870', '1010426419860', 'fjcs', '1998G55D033V', 'S'),
('', '1010357067520', '1010362252870', '1010426419860', 'ectl', '1998G55D002V', 'S'),
('1016687252266', '1010357067520', '1010362252870', '1010426419860', 'afag', '1999G55D005V', 'S'),
('1019234882319', '1010357067520', '1010362252870', '1010426419860', 'rno', '1998G55D035V', 'S'),
('1019581119050', '1010357067520', '1010362252870', '1010426419860', 'ipo', '2001G55D025V', 'S'),
('1018530873710', '1010357067520', '1010362252870', '1010426419860', 'dsvj', '2001G55D014V', 'S'),
('1017680882034', '1010357067520', '1010362252870', '1010426419860', 'fmb', '2001G55D021V', 'S'),
('1020179615378', '1010357067520', '1010362252870', '1010426419860', 'ctmf', '2001G55D009V', 'S'),
('1018530537981', '1010357067520', '1010362252870', '1010426419860', 'fams', '2001G55D020V', 'S'),
('1024336496530', '1010357067520', '1010362252870', '1010426419860', 'ksp', '2000G55D037V', 'S'),
('1016645351524', '1010357067520', '1010362252870', '1010426419860', 'act', '1999G55D001V', 'S'),
('1028676485869', '1010357067520', '1010362252870', '1010426419860', 'cacc', '2000G55D024V', 'S'),
('1027949734075', '1010357067520', '1010362252870', '1010426419860', 'bao', '2000G55D027V', 'S'),
('1018995994873', '1010357067520', '1010362252870', '1010426419860', 'dmb', '2000G55D002T', 'S'),
('1026933242802', '1010357067520', '1010362252870', '1010426419860', 'lkv', '2000G55D001T', 'S'),
('1018452384965', '1010357067520', '1010362252870', '1010426419860', 'gor', '2001G55D022V', 'S'),
('', '1010357067520', '1010362252870', '1010426419860', 'chss', '2001G55D005V', 'S'),
('1025877060139', '1010357067520', '1010362252870', '1010426419860', 'svlsc', '1998G55D025V', 'S'),
('1016730061655', '1010357067520', '1010362252870', '1010426419860', 'dff', '1999G55D012V', 'S'),
('1017770043725', '1010357067520', '1010362252870', '1010426419860', 'tfls', '1999G55D046V', 'S'),
('1018630512794', '1010357067520', '1010362252870', '1010426419860', 'kss', '1998G55D030V', 'S'),
('1021263388215', '1010357067520', '1010362252870', '1010426419860', 'edsouto', '2001G55D017V', 'S'),
('1018878153623', '1010357067520', '1010362252870', '1010426419860', 'etp', '2001G55D015V', 'S'),
('1018619379980', '1010357067520', '1010362252870', '1010426419860', 'awls', '2001G55D001V', 'S'),
('1018487936089', '1010357067520', '1010362252870', '1010426419860', 'efvr', '2001G55D049V', 'S'),
('1019928394169', '1010357067520', '1010362252870', '1010426419860', 'lsdr', '2001G55D004V', 'S'),
('1018452532035', '1010357067520', '1010362252870', '1010426419860', 'jfac', '2001G55D026V', 'S'),
('1018452664829', '1010357067520', '1010362252870', '1010426419860', 'chsb', '2001G55D006V', 'S'),
('1018651691296', '1010357067520', '1010362252870', '1010426419860', 'cmsf', '2001G55D010V', 'S'),
('1021487095814', '1010357067520', '1010362252870', '1010426419860', 'jvof', '2000G55D032V', 'S'),
('1017752939512', '1010357067520', '1010362252870', '1010426419860', 'patrick', '1999G55D038V', 'S'),
('1027101429236', '1010357067520', '1010362252870', '1010426419860', 'ajms', '1999G55D008T', 'S'),
('1028226143453', '1010357067520', '1010362252870', '1010426419860', 'rcta', '2001G55D044V', 'S'),
('', '1010357067520', '1010362252870', '1010426419860', 'afs', '2000G55D029V', 'S'),
('1025029436714', '1010357067520', '1010362252870', '1010426419860', 'elvys', '2000G55D039V', 'S'),
('1025173937798', '1010357067520', '1010362252870', '1010426419860', 'mflb', '2000G55D049V', 'S'),
('1021486913977', '1010357067520', '1010362252870', '1010426419860', 'mrlb', '2000G55D026V', 'S'),
('1019499371730', '1010357067520', '1010362252870', '1010426419860', 'bob', '1999G55D010V', 'S'),
('1021255187421', '1010357067520', '1010362252870', '1010426419860', 'actl', '1998G55D026V', 'S'),
('1016575802563', '1010357067520', '1010362252870', '1010426419860', 'eps', '1998G55D015V', 'S'),
('1025192798723', '1010357067520', '1010362252870', '1010426419860', 'emss', '1999G55D014V', 'S'),
('1019785357974', '1010357067520', '1010362252870', '1010426419860', 'mfsj', '1998G55D036V', 'S'),
('', '1010357067520', '1010362252870', '1010426419860', 'fpb', '1998G55D024V', 'S'),
('', '1010357067520', '1010362252870', '1010426419860', 'vjsj', '2000G55D004T', 'S'),
('1027032530488', '1010357067520', '1010362252870', '1010426419860', 'clbm', '2000G55D028V', 'S'),
('1023589893786', '1010357067520', '1010362252870', '1010426419860', 'jwsj', '2000G55D010V', 'S'),
('1019749233901', '1010357067520', '1010362252870', '1010426419860', 'aaf', '1993G55D007V', 'S'),
('1025875265469', '1010357067520', '1010362252870', '1010426419860', 'kcms', '1999G55D031V', 'S'),
('1018369114777', '1010357067520', '1010362252870', '1010426419860', 'aama', '2000G55D005V', 'S'),
('', '1010357067520', '1010362252870', '1010426419860', 'cfcd', '2000G55D011V', 'S'),
('1019476177508', '1010357067520', '1010362252870', '1010426419860', 'rpao', '2001G55D048V', 'S'),
('1027615410516', '1010357067520', '1010362252870', '1010426419860', 'rmsm', '2000G55D014V', 'S'),
('1025703364688', '1010357067520', '1010362252870', '1010426419860', 'nts', '2000G55D018V', 'S'),
('1022709335788', '1010357067520', '1010362252870', '1010426419860', 'rrgnf', '1998G55D034V', 'S'),
('', '1010357067520', '1010362252870', '1010426419860', 'llb', '2000G55D002E', 'S'),
('', '1010357067520', '1010362252870', '1010426419860', 'acv', '1997G55D003V', 'S'),
('1025203222825', '1010357067520', '1010362252870', '1010426419860', 'slrs', '2000G55D004V', 'S'),
('1020098106685', '1010357067520', '1010362252870', '1010426419860', 'ksh', '1999G55D033V', 'S'),
('1028286094826', '1010357067520', '1010362252870', '1010426419860', 'svml', '2000G55D045V', 'S'),
('1016302913498', '1010357067520', '1010362252870', '1010426419860', 'acmo', '1999G55D007V', 'S'),
('1020179692089', '1010357067520', '1010362252870', '1010426419860', 'rcpf', '2001G55D019V', 'S'),
('1020257330284', '1010357067520', '1010362252870', '1010426419860', 'evsa', '2001G55D016V', 'S'),
('', '1010357067520', '1010362252870', '1010426419860', 'vaff', '1996G55D028V', 'S'),
('1017770512556', '1010357067520', '1010362252870', '1010426419860', 'jdhb', '1999G55D029V', 'S'),
('', '1010357067520', '1010362252870', '1010426419860', 'dhcls', '1998G55D005', 'S'),
('', '1010357067520', '1010362252870', '1010426419860', 'kam', '2000G55D006V', 'S'),
('', '1010357067520', '1010362252870', '1010426419860', 'hoa', '1998G55D006V', 'S'),
('1027615339793', '1010357067520', '1010362252870', '1010426419860', 'khs', '1999G55D001T', 'S'),
('', '1010357067520', '1010362252870', '1010426419860', 'ecm', '2000G55D044V', 'S'),
('1020348347156', '1010357067520', '1010362252870', '1010426419860', 'jmn', '1999G55D026', 'S'),
('1026153126144', '1010357067520', '1010362252870', '1010426419860', 'jamn', '1998G55D009V', 'S'),
('', '1010357067520', '1010362252870', '1010426419860', 'mpsc', '1997G55D033V', 'S'),
('1017523453083', '1010357067520', '1010362252870', '1010426419860', 'mbcs', '1999G55D036V', 'S'),
('1022616980159', '1010357067520', '1010362252870', '1010426419860', 'ambc', '2001G55D002V', 'S'),
('1019591143638', '1010357067520', '1010362252870', '1010426419860', 'spv', '1998G55D041', 'S'),
('', '1010357067520', '1010362252870', '1010426419860', 'efal', '1998G55D018V', 'S'),
('1017056954518', '1010357067520', '1010362252870', '1010426419860', 'jrso', '1999G55D028V', 'S'),
('', '1010357067520', '1010362252870', '1010426419860', 'ranf', '2000G55D003T', 'S'),
('1016734899516', '1010357067520', '1010362252870', '1010426419860', 'scg', '1999G55D044V', 'S'),
('1018362443321', '1010357067520', '1010362252870', '1010426419860', 'wfan', '1999G55D049V', 'S'),
('1016645622861', '1010357067520', '1010362252870', '1010426419860', 'rfa8', '1997G55D040V', 'S'),
('1023459951983', '1010357067520', '1010362252870', '1010426419860', 'cidorvan', '2000G55D002R', 'S'),
('1017230367133', '1010357067520', '1010362252870', '1010426419860', 'amm', '1999G55D003V', 'S'),
('1017232383457', '1010357067520', '1010362252870', '1010426419860', 'bbb', '1999G55D009V', 'S'),
('1017272177286', '1010357067520', '1010362252870', '1010426419860', 'master', '2002', 'P'),
('1017928643716', '1010357067520', '1010362252870', '1010426419860', 'paulo_2', '1121055', 'P'),
('1018445108826', '1010357067520', '1010362252870', '1010426419860', 'bmcn', '1999g55d008v', 'S'),
('1018631323596', '1010357067520', '1010362252870', '1010426419860', 'lvl', '2001G55D003E', 'S'),
('1019422436314', '1010357067520', '1010362252870', '1010426419860', 'convidado1', '111111111111', 'S'),
('1019422479744', '1010357067520', '1010362252870', '1010426419860', 'convidado2', '222222222222', 'S'),
('1019524316114', '1010357067520', '1010362252870', '1010426419860', 'lnlj', '1998G55D019V', 'S'),
('1019500530252', '1010357067520', '1010362252870', '1010426419860', 'asa', '1998G55D022V', 'S'),
('1019524452416', '1010357067520', '1010362252870', '1010426419860', 'chg', '1998G55D037V', 'S'),
('1019600236718', '1010357067520', '1010362252870', '1010426419860', 'cblo', '1998G55D032V', 'S'),
('1019492372246', '1010357067520', '1010362252870', '1010426419860', 'cema', '1998G55D049V', 'S'),
('1019502819145', '1010357067520', '1010362252870', '1010426419860', 'gmos', '1998G55D014V', 'S'),
('1019649511805', '1010357067520', '1010362252870', '1010426419860', 'icls', '1998G55D027V', 'S'),
('1019579917706', '1010357067520', '1010362252870', '1010426419860', 'nfpa', '1997G55D038V', 'S'),
('1019492177417', '1010357067520', '1010362252870', '1010426419860', 'tval', '1997G55D047V', 'S'),
('1019700068942', '1010357067520', '1010362252870', '1010426419860', 'anav', '1998G55D021V', 'S'),
('1019830851073', '1010357067520', '1010362252870', '1010426419860', 'bms', '1997G55D006V', 'S'),
('1019740508186', '1010357067520', '1010362252870', '1010426419860', 'jjms', '1997G55D052E', 'S'),
('1019742463738', '1010357067520', '1010362252870', '1010426419860', 'faam', '1984G55D001R', 'S'),
('1020010433590', '1010357067520', '1010362252870', '1010426419860', 'dldc', '1997G55D015V', 'S'),
('1020206016225', '1010357067520', '1010362252870', '1010426419860', 'ivt', '2001G55D024V', 'S'),
('1020369242464', '1010357067520', '1010362252870', '1010426419860', 'aac', '1997G55D001R', 'S'),
('1024519872238', '1010357067520', '1010362252870', '1010426419860', 'joaoveloso', '1999G55D024V', 'S'),
('1024583228543', '1010357067520', '1010362252870', '1010426419860', 'ccsc', '2000G55D050V', 'S'),
('1024583349330', '1010357067520', '1010362252870', '1010426419860', 'mmfp', '2000G55D040V', 'S'),
('1024594709116', '1010357067520', '1010362252870', '1010426419860', 'cmj', '1999G55D011V', 'S'),
('1024849865771', '1010357067520', '1010362252870', '1010426419860', 'cfsj', '2001G55D002R', 'S'),
('1024938674289', '1010357067520', '1010362252870', '1010426419860', 'apm', '1351211', 'P'),
('1025030216215', '1010357067520', '1010362252870', '1010426419860', 'aab', '2000G55D030V', 'S'),
('1025056925487', '1010357067520', '1010362252870', '1010426419860', 'kcmo', '1999G55D032V', 'S'),
('1025457270811', '1010357067520', '1010362252870', '1010426419860', 'ags', '1999G55D002V', 'S'),
('1025201469667', '1010357067520', '1010362252870', '1010426419860', 'gbo', '1999G55D002T', 'S'),
('1018466256322', '1010357067520', '1010362252870', '1010426419860', 'mal', '1129599', 'P'),
('1025702315388', '1010357067520', '1010362252870', '1010426419860', 'alan', '2000G55D034V', 'S'),
('1025702865556', '1010357067520', '1010362252870', '1010426419860', 'alexandro', '1998G55D040V', 'S'),
('1027346931626', '1025296288050', '1025296465319', '1025296515353', 'josilene', 'DSC13', 'S'),
('1025709453428', '1010357067520', '1010362252870', '1010426419860', 'adriano', '1998G55D039V', 'S'),
('1025709950535', '1010357067520', '1010362252870', '1010426419860', 'dododgf', '2000G55D003R', 'S'),
('1025803404829', '1010357067520', '1010362252870', '1010426419860', 'aprj', '1999G55D006V', 'S'),
('1025801616515', '1010357067520', '1010362252870', '1010426419860', 'victor', '1999G55D047V', 'S'),
('', '1025296288050', '1025296465319', '1025296515353', 'carol', 'DSC8', 'S'),
('1026826650085', '1025296288050', '1025296465319', '1025296515353', 'nazareno', 'DSC6', 'S'),
('1027094873530', '1025296288050', '1025296465319', '1025296515353', 'luana', 'DSC12', 'S'),
('1026149751572', '1010357067520', '1010362252870', '1010426419860', 'gcmc', '1999G55D019V', 'S'),
('1026140650281', '1010357067520', '1010362252870', '1010426419860', 'julio', '1999G55D030V', 'S'),
('1019737602440', '1010357067520', '1010362252870', '1010426419860', 'daniel', '1997G55D005R', 'S'),
('1026763133129', '1025296288050', '1025296465319', '1025296515353', 'rodrigor', 'DSC3', 'S'),
('', '1025296288050', '1025296465319', '1025296515353', 'masj', '200215819', 'S'),
('1026312316718', '1010357067520', '1010362252870', '1010426419860', 'lms', '2001G55D001T', 'S'),
('1026420891004', '1010357067520', '1010362252870', '1010426419860', 'slc', '1997G55D048V', 'S'),
('1026407249700', '1010357067520', '1010362252870', '1010426419860', 'has', '1999G55D021V', 'S'),
('1026676958393', '1025296288050', '1025296465319', '1025296515353', 'rrgnf', 'DSC1', 'S'),
('1026669832520', '1025296288050', '1025296465319', '1025296515353', 'hyggo', 'DSC2', 'S'),
('', '1025296288050', '1025296465319', '1025296515353', 'pasqueli', 'DSC4', 'S'),
('1026751356336', '1025296288050', '1025296465319', '1025296515353', 'pablo', 'DSC5', 'S'),
('1026838991512', '1025296288050', '1025296465319', '1025296515353', 'caleo', 'DSC7', 'S'),
('', '1025296288050', '1025296465319', '1025296515353', 'edemberg', 'DSC9', 'S'),
('1026756712171', '1025296288050', '1025296465319', '1025296515353', 'eloi', 'DSC10', 'S'),
('1026751861756', '1025296288050', '1025296465319', '1025296515353', 'emerson', 'DSC11', 'S'),
('1026824697073', '1010357067520', '1010362252870', '1010426419860', 'dipm', '2001G55D011V', 'S'),
('1026928000422', '1010357067520', '1010362252870', '1010426419860', 'chca', '2000G55D002V', 'S'),
('1027018223235', '1010357067520', '1010362252870', '1010426419860', 'rlf', '2001G55D047V', 'S'),
('1027349267540', '1010357067520', '1010362252870', '1010426419860', 'tony', '2002I00I069I-6', 'S'),
('1027427649591', '1010357067520', '1010362252870', '1010426419860', 'jns', '1998G55D004R', 'S'),
('1027431809250', '1010357067520', '1010362252870', '1010426419860', 'henrique', '1993G55D006V', 'S'),
('1027530335040', '1010357067520', '1010362252870', '1010426419860', 'amsj', '1995G55D029V', 'S'),
('1029897991245', '1010357067520', '1010362252870', '1010426419860', 'mcl', '1991G55D002V', 'S'),
('1028033625449', '1010357067520', '1010362252870', '1010426419860', 'jcoj', '2000G55D048V', 'S'),
('1027537680086', '1010357067520', '1010362252870', '1010426419860', 'mlc', '1999G55D005T', 'S'),
('1027742288038', '1010357067520', '1010362252870', '1010426419860', 'caac', '2000G55D021V', 'S'),
('1027795156435', '1010357067520', '1010362252870', '1010426419860', 'jra', '2002G55D024V', 'S'),
('1027802201421', '1025296288050', '1025296465319', '1025296515353', 'ebc', 'DSCPROF1', 'P'),
('1027959213022', '1010357067520', '1010362252870', '1010426419860', 'enc', '2001G55D018V', 'S'),
('1027964508169', '1010357067520', '1010362252870', '1010426419860', 'gbs', '1998G55D046V', 'S'),
('1028032720632', '1010357067520', '1010362252870', '1010426419860', 'mm', '1998G55D008V', 'S'),
('', '1010357067520', '1010362252870', '1010426419860', 'rba', '2000G55D042V-6', 'S'),
('1028036739479', '1010357067520', '1010362252870', '1010426419860', 'lidiane', '2000G55D019V', 'S'),
('1028036932694', '1010357067520', '1010362252870', '1010426419860', 'monica', '1997G55D037V', 'S'),
('1028058430689', '1010357067520', '1010362252870', '1010426419860', 'rlp', '1999G55D042V', 'S'),
('1029346380829', '1010357067520', '1010362252870', '1010426419860', 'ghc', '2001G55D004R', 'S'),
('1028209117615', '1010357067520', '1010362252870', '1010426419860', 'dmcs', '1994G55D004V', 'S'),
('1028330120823', '1010357067520', '1010362252870', '1010426419860', 'awsb', '1998G55D003V', 'S'),
('1028285814803', '1010357067520', '1010362252870', '1010426419860', 'demian', '2000G55D025V', 'S'),
('1028552144379', '1010357067520', '1010362252870', '1010426419860', 'rga', '2001G55D046V', 'S'),
('1029683671061', '1010357067520', '1010362252870', '1010426419860', 'ulsm', '2000G55D016V', 'S'),
('1028572422016', '1010357067520', '1010362252870', '1010426419860', 'aldarci', '1887444', 'P'),
('1029784654979', '1010357067520', '1010362252870', '1010426419860', 'elbs', '1998G55D047V', 'S'),
('1028729089301', '1010357067520', '1010362252870', '1010426419860', 'dc', '1998G55D005V', 'S'),
('1028898290944', '1010357067520', '1010362252870', '1010426419860', 'jpsf', '1999G55D023V', 'S'),
('1028922916146', '1010357067520', '1010362252870', '1010426419860', 'daan', '2000G55D041V', 'S');
# --------------------------------------------------------

#
# Estrutura da tabela `administrator`
#

DROP TABLE IF EXISTS `administrator`;
CREATE TABLE `administrator` (
  `userID` varchar(25) NOT NULL default '',
  PRIMARY KEY  (`userID`),
  UNIQUE KEY `userID` (`userID`)
) TYPE=MyISAM;

#
# Extraindo dados da tabela `administrator`
#

# --------------------------------------------------------

#
# Estrutura da tabela `admins`
#

DROP TABLE IF EXISTS `admins`;
CREATE TABLE `admins` (
  `userID` varchar(25) NOT NULL default '',
  `academicID` varchar(25) NOT NULL default '',
  `kindOfAcademic` smallint(6) NOT NULL default '0',
  PRIMARY KEY  (`userID`)
) TYPE=MyISAM;

#
# Extraindo dados da tabela `admins`
#

INSERT INTO `admins` (`userID`, `academicID`, `kindOfAcademic`) VALUES ('12345', '', 4);
# --------------------------------------------------------

#
# Estrutura da tabela `category`
#

DROP TABLE IF EXISTS `category`;
CREATE TABLE `category` (
  `categoryID` varchar(25) NOT NULL default '',
  `title` varchar(255) NOT NULL default '',
  `kindOfCategoryID` char(1) NOT NULL default '',
  `communityID` varchar(25) NOT NULL default '',
  PRIMARY KEY  (`categoryID`),
  UNIQUE KEY `categoryID` (`categoryID`),
  KEY `categoryID_2` (`categoryID`)
) TYPE=MyISAM COMMENT='Each category of documents, links and forum relating to foru';

#
# Extraindo dados da tabela `category`
#

INSERT INTO `category` (`categoryID`, `title`, `kindOfCategoryID`, `communityID`) VALUES ('1017690928896', 'Slides ppt', 'D', '1017690605883'),
('1017691290653', 'Gestao do Conhecimento', 'F', '1017690605883'),
('1017770356770', 'Ferramentas Para SE', 'L', '1016044335989'),
('1017770537488', 'Congressos de IA', 'L', '1016044335989'),
('1017825799585', 'Tutorials', 'L', '1016044335989'),
('1017826613995', 'Grupos de pesquisa', 'L', '1016044335989'),
('1017865042185', 'Segurança', 'D', '1015618391913'),
('1017931586279', 'Segurança', 'L', '1015618391913'),
('1018630474849', 'Material HTML', 'D', '1018630040414'),
('1019062890608', 'Loja virtual usando php ou java', 'F', '1015618391913'),
('1019078307412', 'Material Didático', 'D', '1015439199628'),
('1019163453706', 'Material Didático', 'D', '1016045744316'),
('1019489367134', 'Apresentações das aulas', 'D', '1016044335989'),
('1027195308669', 'cap2-contagem e nomeação', 'D', '1025280704476'),
('1027385689839', 'Maratona de programação', 'L', '1027220991149'),
('1019492658745', 'Ideia !!!', 'F', '1018630040414'),
('1019679086951', 'url', 'L', '1018630040414'),
('1019521673978', 'Main Boards e performance', 'F', '1015439199628'),
('1019522197038', 'C++', 'F', '1019503684356'),
('1019730282074', 'Java e Código Nativo', 'L', '1019521412057'),
('1019742874857', 'Internet 2', 'L', '1019742207241'),
('1019743717416', 'Congressos', 'L', '1019742207241'),
('1019745181654', 'Fatos e Novidades', 'L', '1019742207241'),
('1019746014215', 'Tutoriais', 'L', '1019742207241'),
('1019746342396', 'Cursos de especialização em redes e internet', 'L', '1019742207241'),
('1019746775672', 'Downloads', 'L', '1019742207241'),
('1019840790435', 'C', 'F', '1019521412057'),
('1019841061316', 'Linguagem C', 'D', '1019521412057'),
('1019842155120', 'C', 'L', '1019521412057'),
('1019926154496', 'Gestão do Conhecimento', 'L', '1017690605883'),
('1019926448923', 'Gestão de Conhecimento e Competitividade', 'F', '1017690605883'),
('1019929104096', 'Vírus de Computador', 'F', '1015439199628'),
('1026925052958', 'Imagens', 'L', '1023427471602'),
('1027771450280', 'Notas de Aula', 'D', '1016045744316'),
('1027028302121', 'Sugestões de Palestras', 'F', '1026427482871'),
('1026409984574', 'Compartilhadores', 'D', '1019742207241'),
('1020223863529', 'Dicas', 'D', '1019795057341'),
('1020224335081', 'Conhecendo o Linux', 'F', '1019795057341'),
('1026319232417', 'reuniões', 'F', '1024592802696'),
('1026231399030', 'Inteligência Artificial.', 'F', '1016044335989'),
('1026241820579', 'miscelânia', 'D', '1024592802696'),
('1026163065926', 'como reduzir as mensalidades', 'F', '1024592802696'),
('1026230939305', 'Aplicações da IA', 'L', '1016044335989'),
('1020352978976', 'Visual C++', 'F', '1019521412057'),
('1020387870333', 'Java', 'F', '1019521412057'),
('1020389449332', 'Acadêmico', 'L', '1019521412057'),
('1020806576321', 'Trabalho de Alunos', 'L', '1016045744316'),
('1021058089792', 'Sobrevivência estratégica - Possibilidade infindável de autorenovação', 'F', '1019939868602'),
('1021498062999', 'Seminarios_2002', 'D', '1021497581156'),
('1021719155697', 'Tomio Kikuchi', 'D', '1019939868602'),
('1022419585376', 'eBooks', 'D', '1018034927150'),
('1022420056192', 'Listas de Discussão', 'L', '1018034927150'),
('1022420328970', 'Gramática', 'L', '1018034927150'),
('1024061253776', 'Notas de aulas', 'D', '1023427471602'),
('1024593863514', 'Delphi', 'F', '1019521412057'),
('1024934816818', 'LAN Party', 'F', '1019742207241'),
('1025117940382', 'Notas de aulas', 'D', '1025028206102'),
('1025179698958', 'Linguagem Assembly', 'F', '1015439199628'),
('1025212982938', 'Leitura Complementar', 'L', '1016044335989'),
('1025216239540', 'Reuinões', 'D', '1024592802696'),
('1025216428534', 'Financeiro', 'D', '1024592802696'),
('1025704781499', 'Notas de aula', 'D', '1025704105442'),
('1025729124135', 'Trabalhos', 'D', '1023427471602'),
('1027386189782', 'Introdução', 'D', '1027220991149'),
('1027967475124', 'Delphi5 + Oracle8i', 'F', '1026932502854'),
('1028296370008', 'Provas', 'D', '1025028206102'),
('1028462355815', 'Director', 'L', '1027970948483'),
('1028463831434', 'Apostila', 'D', '1027970948483'),
('1028754502738', 'Local de realizaçao do curso', 'F', '1026427482871'),
('1029358038708', 'UML - Linguagem de Modelagem Unificada', 'L', '1029320981135'),
('1029358190259', 'Boa programação', 'L', '1029320981135'),
('1029358233861', 'Padrões de Projeto Orientado a Objetos', 'L', '1029320981135'),
('1029359733161', 'Convenções de programação', 'F', '1029320981135'),
('1029360153116', 'Pra que serve a Engenharia de Software?', 'F', '1029320981135'),
('1029361031715', 'UML - Linguagem de Modelagem Unificada', 'D', '1029320981135'),
('1029511090381', 'Material - Redes de Computadores', 'D', '1028572556325'),
('1029862185675', 'Listas', 'D', '1016044335989');
# --------------------------------------------------------

#
# Estrutura da tabela `community`
#

DROP TABLE IF EXISTS `community`;
CREATE TABLE `community` (
  `communityID` varchar(25) NOT NULL default '',
  `title` varchar(255) NOT NULL default '',
  `description` longtext NOT NULL,
  `visibility` varchar(25) NOT NULL default '',
  `association` varchar(25) NOT NULL default '',
  `kind` varchar(25) NOT NULL default '',
  `subcategoryID` char(3) default NULL,
  `categoryID` char(3) default NULL,
  `status` char(1) NOT NULL default '',
  `userID` varchar(25) NOT NULL default '',
  `tools` tinyint(4) NOT NULL default '31',
  PRIMARY KEY  (`communityID`),
  UNIQUE KEY `communityID` (`communityID`)
) TYPE=MyISAM;

#
# Extraindo dados da tabela `community`
#

INSERT INTO `community` (`communityID`, `title`, `description`, `visibility`, `association`, `kind`, `subcategoryID`, `categoryID`, `status`, `userID`, `tools`) VALUES ('1015439199628', 'Introdução a Informática', 'Esta disciplina visa fornecer aos alunos dois tipos de competência: (i) Fornecer uma visão geral de um sistema computacional numa visão integrada de seus componentes de hardware e software. Dar (ii) uma visão geral dos principais temas da computação, procurando situar o aluno nas principais disciplinas do curso.  ', '2', '0', 'D', '1', '1', 'A', '1015438291312', 31),
('1015618391913', 'Comércio Eletronico', 'Curso de Comércio Eletronico em nível de Pós Graduação.', '4', '0', 'E', '1', '1', 'A', '1015438291312', 31),
('1016044335989', 'Inteligência Artificial I', 'Trata-se de um primeiro curso de IA abrangendo os tópicos sobre Resolução de Problema/Busca, jogos, Aquisição e Representação de Conhecimento e Sistemas Especialistas: Conceitos, Tecnologias e Aplicações. ', '2', '0', 'D', '1', '1', 'A', '1015438291312', 31),
('1017949971802', 'BioInfoAL', 'Grupo formado por pesquisadores interessados em discutir os rumos da Bioinformática em Alagoas.', '4', '1', 'G', '1', '1', 'A', '1015347803599', 31),
('1018034927150', 'English lovers', 'We are a special group interested in English literature. At the moment we are studying William Shakespeare works. So, you are invited to join us any time.   ', '4', '1', 'G', '80', '10', 'A', '1015438291312', 31),
('1017690605883', 'Gestao do Conhecimento', 'Trata-se de um curso que é parte integrante do elenco de disciplinas do Curso de Especialização em Tecnologia da Informação do TCI/UFAL. ', '4', '1', 'E', '1', '1', 'A', '1015438291312', 31),
('1016045744316', 'Inteligência Artificial II', 'Essa disciplina é uma continuação natural de IA1, envolvendo tópicos sobre Inteligência Artificial Distribuída em suas diversas abordagens, com aplicações em vários domínios de conhecimento.', '2', '0', 'D', '1', '1', 'A', '1015438291312', 31),
('1018630040414', 'Projetando um Data Warehouse', 'Disciplina do Curso de TI<br>Ministrada por Marcus Costa Sampaio.', '4', '0', 'E', '1', '1', 'A', '1018372172359', 31),
('1019503684356', 'Programação 1', 'Aprendizagem de lógica de programação', '2', '0', 'D', '1', '1', 'A', '1019503247967', 31),
('1019521412057', 'Programação', 'Discussão sobre as linguagens de programação.', '1', '0', 'E', '1', '1', 'A', '1018517966065', 31),
('1019742207241', 'Redes e Internet', 'Grupo para debates de tecnológias de redes e da Internet.', '4', '0', 'G', '1', '1', 'A', '1019139944399', 31),
('1019795057341', 'LINUX', 'Este grupo seria basicamente para discutir a respeito de configuracoes e caracteristicas do mesmo!', '4', '0', 'G', '1', '1', 'A', '1019524452416', 31),
('1019939868602', 'AutoEducação Vitalícia', 'Aguarde...', '4', '0', 'G', '12', '5', 'A', '1019534419119', 31),
('1021497581156', 'Seminários de Tecnologia da Informação', 'Seminários do departamento de Tecnologia da Informação da UFAL.', '4', '0', 'E', '1', '1', 'A', '1015438291312', 31),
('1023427471602', 'Computação Gráfica', 'Computação gráfica - conceitos, paradigmas de abstração, dispositivos gráficos; Sistemas de cor; Imagem digital; Transformações geométricas; A modelagem geométrica; Visualização em 3D; \'Rendering\'; Elementos sobre animação; Introdução à Realidade Virtual - a linguagem VRML.', '2', '0', 'D', '1', '1', 'A', '1019484142388', 31),
('1024592802696', 'Formandos 2002', 'Grupo de discussão sobre os pontos importantes da formatura de Ciências da Computação 2002. p.e: escolhas de locais, reuniões importantes, descritivo de receitas, ...', '4', '1', 'G', '1', '1', 'A', '1015439644996', 31),
('1024947765737', 'Laboratório de Programação I', 'Aulas práticas de Programação I', '2', '0', 'D', '1', '1', 'A', '1024938674289', 31),
('1024972883359', 'música', 'grupo de debate da galera que se interessa por música em geral!', '4', '0', 'G', '78', '10', 'A', '1024972245024', 31),
('1025028206102', 'Programação I - turma B', 'Resolução de problemas: algoritmos. Estudo de uma linguagem de programação estruturada: conceito de variável, estrutura de uma programa, comandos básicos, estruturas de decisão e de repetição,  procedimentos e funções, tipos estruturados, recursividade, ponteiros.', '2', '0', 'D', '1', '1', 'A', '1019484142388', 31),
('1025280704476', 'Teoria da Computação', 'Metodologia: Aula expositiva, seminários e debates, pesquisas temáticas, uso de laboratório, etc.', '2', '0', 'D', '1', '1', 'A', '1018466256322', 31),
('1025704105442', 'Análise de Sistemas I', '...', '2', '0', 'D', '1', '1', 'A', '1025779965235', 31),
('1026141445052', 'Análise de Sistemas 2', 'a colocar', '2', '0', 'D', '1', '1', 'A', '1019511473814', 31),
('1026427482871', 'Empreendedorismo em Informática', 'A disciplina apresenta sob a forma de palestras e depoimentos de empreendedores, conceitos básicos de administração e criação de empresas. Objetiva inocular o vírus do empreendedorismo nos alunos da Computação.', '2', '0', 'D', '1', '1', 'A', '1025779965235', 31),
('1026806480296', 'Telecomunicações - Tecnologias e Aplicações', 'O curso abordará os aspectos conceituais sobre a tecnologia de telecomunicações , suas aplicações e o impacto na sociedade.', '4', '0', 'E', '1', '1', 'A', '1021497701327', 31),
('1026932502854', 'Desenvolvimento', 'Grupo que abordaria todos os aspectos, dúvidas e interesses<br>relacionados a desenvolvimento. ', '4', '0', 'G', '1', '1', 'A', '1026149751572', 31),
('1027197159583', 'PRODESSAMENTO DE DADOS', 'ALUNOS DA DISCIPLINA \'PROCESSAMENTO DE DADOS NA AGRONOMIA\' ', '4', '0', 'G', '12', '5', 'A', '1018466256322', 31),
('1028572556325', 'Sistemas Operacionais e Redes I', 'Descrição em breve!', '2', '0', 'D', '1', '1', 'A', '1028572422016', 31),
('1027802681692', 'Sistemas Multi-Agentes', 'Esta disciplina objetiva discutir os sistemas Multi-Agentes com um enfoque voltado para Engenharia de Software. ', '2', '0', 'D', '1', '1', 'A', '1027802201421', 31),
('1027220991149', 'Maratona de programação', 'Grupo de interessados em participar da Maratona de Programação 2002, a ser realizada nos dias 08 e 09/11, no Recife ', '4', '0', 'G', '1', '1', 'A', '1019484142388', 31),
('1027427225488', 'Processamento de Dados e Informática na Agricultura', 'Introdução e Conceitos Básicos; Sistemas Operacionais; Processadores de Texto; Planilhas eletrônicas; Banco de Dados; Redes de Computadores e Internet; Informática na Propriedade Rural.', '4', '0', 'E', '12', '5', 'A', '1018466256322', 31),
('1027970948483', 'Web Design', 'Um estudo interativo sobre as produções de sites, bem como as ferramentas (Photoshop, Fireworks, Flash, Director, Corel Draw, Dreamweaver, etc.) e as linguagens mais usadas para tal finalidade (Html, Css, Dhtml, Php, Asp, Java, Javascript, etc.)<br>', '4', '0', 'G', '1', '1', 'A', '1020369242464', 31),
('1028959798347', 'Banco de Dados I', 'Banco de Dados I', '0', '0', 'E', '1', '1', 'A', '1024421269647', 31),
('1029240591946', 'Análise de Sistemas 1 (Tarde)', 'Análise de Sistemas estruturada e essencial.', '2', '0', 'D', '1', '1', 'A', '1018271591200', 31),
('1029241740412', 'Informática Aplicado à Zootecnia', 'Informática Aplicado à Zootecnia', '4', '1', 'E', '18', '5', 'A', '1018271591200', 31),
('1029320981135', 'Padrões de Software', 'Discutir sobre a importância do desenvolvimento de software visando a reutilização, utilizando padrões de sucesso no mundo OO.', '4', '0', 'E', '1', '1', 'A', '1026669832520', 31),
('1029445174429', 'Pré PosComp', 'Grupo de estudos para todos que farão a prova do PosComp.', '4', '0', 'G', '1', '1', 'A', '1015439644996', 31),
('1029940747770', 'Banco de Dados II', 'Revisão de projetos e estudo de tópicos avançados de Banco de Dados.', '2', '0', 'D', '1', '1', 'A', '1028134962805', 31),
('1029940909128', 'Banco de Dados I', 'Teoria de Banco de dados relacionais...', '2', '0', 'D', '1', '1', 'A', '1028134962805', 31);
# --------------------------------------------------------

#
# Estrutura da tabela `communitycategory`
#

DROP TABLE IF EXISTS `communitycategory`;
CREATE TABLE `communitycategory` (
  `categoryID` char(3) NOT NULL default '',
  `domain` char(1) NOT NULL default '',
  `description` varchar(255) NOT NULL default '',
  PRIMARY KEY  (`categoryID`),
  UNIQUE KEY `categoryID` (`categoryID`,`description`)
) TYPE=MyISAM;

#
# Extraindo dados da tabela `communitycategory`
#

INSERT INTO `communitycategory` (`categoryID`, `domain`, `description`) VALUES ('1', 'A', 'Ciências Exatas e da Terra'),
('5', 'A', 'Ciências Agrárias'),
('6', 'A', 'Ciências Humanas'),
('7', 'A', 'Ciências Sociais Aplicadas'),
('8', 'A', 'Ciências da Saúde'),
('9', 'A', 'Engenharias'),
('10', 'A', 'Lingüística, Letras e Artes'),
('11', 'A', 'Ciências Biológicas');
# --------------------------------------------------------

#
# Estrutura da tabela `communityguests`
#

DROP TABLE IF EXISTS `communityguests`;
CREATE TABLE `communityguests` (
  `communityguestsid` varchar(25) NOT NULL default '',
  `communityID` varchar(25) NOT NULL default '',
  `inviterID` varchar(25) NOT NULL default '',
  `email` varchar(255) NOT NULL default '',
  `message` varchar(255) NOT NULL default '',
  `guestID` varchar(25) NOT NULL default '',
  PRIMARY KEY  (`communityguestsid`)
) TYPE=MyISAM;

#
# Extraindo dados da tabela `communityguests`
#

INSERT INTO `communityguests` (`communityguestsid`, `communityID`, `inviterID`, `email`, `message`, `guestID`) VALUES ('1017693678060', '1017690605883', '1015438291312', 'rosarionet@bol.com.br', 'Francisco,  vc estará recebendo informações sobre como proceder na GraW', ''),
('1017693787851', '1015618391913', '1015438291312', 'heitor@npd.ufal.br', 'Heitor,  insira os arquivos do curso no graw.', '1017863472602'),
('1018035054828', '1018034927150', '1015438291312', 'josyforster@bol.com.br', 'Dear Josy,\r\n  I would like to invite to join us our litterature group', '1018377048288'),
('1018737719487', '1017949971802', '1015347803599', '', '', 'NULL'),
('1018737777872', '1017949971802', '1015347803599', '', 'rtr', 'NULL'),
('1019742673231', '1019521412057', '1018517966065', 'ailton@fapeal.br', 'Caro Professor Ailton, Venho convidar V.Sa. a ser um dos administradores da comunidade Programação do GRAW a qual sou Administrador, tal comunidade se propõe a discutir sobre linguagens de computador em geral. Caso V.Sa. aceite o convite, mail-me para eu', 'NULL'),
('1019951163270', '1019939868602', '1019534419119', 'kenmusso@ofm.com.br', 'Autoeducação é o único processo autoevolução', '1021056706145'),
('1025194348690', '1024592802696', '1024519872238', 'stefany@ofm.com.br', 'João Veloso', 'NULL'),
('1026352754691', '1019521412057', '1018517966065', 'r0drigopaes@yahoo.com.br', 'Fica ae como administrador da comunidade programação!', 'NULL'),
('1026410616517', '1019742207241', '1019139944399', 'superdanix@uol.com.br', 'Ei Dan... essa é uma comunidade que criei no GRAW(Graduação na WEB), você pode entrar, Abraços, Julio Gabriel', '1026421917400'),
('1029360722058', '1029320981135', '1026669832520', 'ebc@fapeal.br', 'Oi Evandro,\r\n  cadastre-se na comunidade de Padrões de Projeto.\r\nHyggo', 'NULL'),
('1029360757353', '1029320981135', '1026669832520', 'ea@fapeal.br', 'Oi Eliana,\r\n  cadastre-se na comunidade de Padrões de Projeto.\r\nHyggo', 'NULL');
# --------------------------------------------------------

#
# Estrutura da tabela `communityinterests`
#

DROP TABLE IF EXISTS `communityinterests`;
CREATE TABLE `communityinterests` (
  `userID` varchar(25) NOT NULL default '',
  `communityID` varchar(25) NOT NULL default '',
  `status` char(1) NOT NULL default '',
  PRIMARY KEY  (`userID`,`communityID`),
  UNIQUE KEY `userID` (`userID`,`communityID`)
) TYPE=MyISAM;

#
# Extraindo dados da tabela `communityinterests`
#

INSERT INTO `communityinterests` (`userID`, `communityID`, `status`) VALUES ('1015439644996', '1025280704476', 'A'),
('1015439644996', '1015439199628', 'A'),
('1015439644996', '1015618391913', 'A'),
('1017230367133', '1023427471602', 'A'),
('1015626066512', '1015618391913', 'A'),
('1015626162712', '1015618391913', 'A'),
('1017770512556', '1016044335989', 'A'),
('1015439644996', '1016045744316', 'A'),
('1019072257712', '1025028206102', 'A'),
('1018372172359', '1018034927150', 'A'),
('1016224005196', '1016044335989', 'A'),
('1016302913498', '1026141445052', 'A'),
('1016302913498', '1015618391913', 'A'),
('1016575802563', '1016045744316', 'A'),
('1016645622861', '1015439199628', 'A'),
('1016575802563', '1015618391913', 'A'),
('1016730061655', '1016044335989', 'A'),
('1017148443627', '1016044335989', 'A'),
('1017523453083', '1016044335989', 'A'),
('1017523453083', '1016045744316', 'A'),
('1017523453083', '1015439199628', 'A'),
('1017759684113', '1017690605883', 'A'),
('1017680882034', '1015439199628', 'A'),
('1017863472602', '1015618391913', 'A'),
('1016687252266', '1015618391913', 'A'),
('1016687252266', '1016044335989', 'A'),
('1017926852704', '1017690605883', 'A'),
('1015331789194', '1015618391913', 'A'),
('1017950139331', '1017949971802', 'A'),
('1015331789194', '1018034927150', 'A'),
('1015439644996', '1018034927150', 'A'),
('1017800925273', '1017690605883', 'A'),
('1017800925273', '1015618391913', 'A'),
('1018271591200', '1017949971802', 'A'),
('1017919219114', '1017690605883', 'A'),
('1017919219114', '1017949971802', 'A'),
('1017919219114', '1015618391913', 'A'),
('1018362443321', '1016044335989', 'A'),
('1018369114777', '1017949971802', 'A'),
('1018372172359', '1017690605883', 'A'),
('1015439644996', '1017949971802', 'A'),
('1017232383457', '1019521412057', 'A'),
('1026592468087', '1019742207241', 'A'),
('1017867494052', '1017690605883', 'A'),
('1018466089438', '1017949971802', 'A'),
('1018471180982', '1015439199628', 'A'),
('1018517966065', '1015439199628', 'A'),
('1018517966065', '1016044335989', 'A'),
('1018517966065', '1016045744316', 'A'),
('1018286709116', '1015618391913', 'A'),
('1019676386491', '1015439199628', 'A'),
('1018286709116', '1017690605883', 'A'),
('1016730061655', '1017949971802', 'A'),
('1016730061655', '1017690605883', 'A'),
('1018619379980', '1015439199628', 'A'),
('1015439644996', '1018630040414', 'A'),
('1018630512794', '1018630040414', 'A'),
('1018630512794', '1017690605883', 'A'),
('1018630512794', '1017949971802', 'A'),
('1018630512794', '1015618391913', 'A'),
('1015331789194', '1018630040414', 'A'),
('1015347803599', '1018630040414', 'A'),
('1017867494052', '1018630040414', 'A'),
('1017743529907', '1018630040414', 'A'),
('1017743529907', '1017690605883', 'A'),
('1018805037297', '1018630040414', 'A'),
('1018630530055', '1018630040414', 'A'),
('1016302913498', '1018630040414', 'A'),
('1016302913498', '1017690605883', 'A'),
('1019049525378', '1015439199628', 'A'),
('1019050866592', '1016044335989', 'A'),
('1019062580257', '1015618391913', 'A'),
('1019062580257', '1018630040414', 'A'),
('1018471144727', '1015439199628', 'A'),
('1018630512794', '1018034927150', 'A'),
('1019152954166', '1016044335989', 'A'),
('1019070831131', '1026427482871', 'A'),
('1018471144727', '1015618391913', 'A'),
('1018517966065', '1015618391913', 'A'),
('1018517966065', '1018630040414', 'A'),
('1019070831131', '1025280704476', 'A'),
('1018517966065', '1017690605883', 'A'),
('1019072257712', '1024947765737', 'A'),
('1018471180982', '1016044335989', 'A'),
('1018471180982', '1016045744316', 'A'),
('1019087441845', '1016044335989', 'A'),
('1019114937006', '1018034927150', 'A'),
('1018878153623', '1015439199628', 'A'),
('1025030216215', '1016044335989', 'A'),
('1025030216215', '1015439199628', 'A'),
('1019676386491', '1019503684356', 'A'),
('1019139944399', '1018630040414', 'A'),
('1025030216215', '1023427471602', 'A'),
('1019139944399', '1017690605883', 'A'),
('1018530873710', '1015439199628', 'A'),
('1019676386491', '1016045744316', 'A'),
('1019492177417', '1016045744316', 'A'),
('1017927390789', '1017690605883', 'A'),
('1017927390789', '1018630040414', 'A'),
('1017680882034', '1019503684356', 'A'),
('1018531312709', '1015439199628', 'A'),
('1019422436314', '1015439199628', 'A'),
('1019422436314', '1016044335989', 'A'),
('1019422436314', '1016045744316', 'A'),
('1019422436314', '1015618391913', 'A'),
('1019422436314', '1018630040414', 'A'),
('1019423755498', '1015439199628', 'A'),
('1015439644996', '1017690605883', 'A'),
('1019476177508', '1015439199628', 'A'),
('1019676386491', '1016044335989', 'A'),
('1019749233901', '1016045744316', 'A'),
('1019072257712', '1023427471602', 'A'),
('1019499371730', '1026141445052', 'A'),
('1019503912147', '1016045744316', 'A'),
('1019503912147', '1015618391913', 'A'),
('1019503912147', '1018630040414', 'A'),
('1019503912147', '1017690605883', 'A'),
('1015439644996', '1019503684356', 'A'),
('1019503912147', '1016044335989', 'A'),
('1019511473814', '1017949971802', 'A'),
('1018517966065', '1019503684356', 'A'),
('1019234882319', '1016045744316', 'A'),
('1019234882319', '1019503684356', 'A'),
('1019072257712', '1015439199628', 'A'),
('1019072257712', '1016044335989', 'A'),
('1019072257712', '1016045744316', 'A'),
('1019072257712', '1019503684356', 'A'),
('1019072257712', '1015618391913', 'A'),
('1019139944399', '1015618391913', 'A'),
('1017919219114', '1021497581156', 'A'),
('1019579917706', '1016045744316', 'A'),
('1019600236718', '1016045744316', 'A'),
('1019676386491', '1015618391913', 'A'),
('1019676386491', '1018630040414', 'A'),
('1019677327950', '1015439199628', 'A'),
('1019677327950', '1019503684356', 'A'),
('1019677327950', '1019521412057', 'A'),
('1015347803599', '1019521412057', 'A'),
('1015347803599', '1019503684356', 'A'),
('1015347803599', '1016045744316', 'A'),
('1015347803599', '1016044335989', 'A'),
('1015347803599', '1015439199628', 'A'),
('1017926831200', '1018630040414', 'A'),
('1017926831200', '1017690605883', 'A'),
('1017926831200', '1015618391913', 'A'),
('1019500530252', '1015439199628', 'A'),
('1019524316114', '1016045744316', 'A'),
('1019524316114', '1019521412057', 'A'),
('1019500530252', '1016045744316', 'A'),
('1019500530252', '1016044335989', 'A'),
('1019500530252', '1019503684356', 'A'),
('1019500530252', '1019521412057', 'A'),
('1019740508186', '1016045744316', 'A'),
('1019139944399', '1019521412057', 'A'),
('1019251974097', '1016045744316', 'A'),
('1019742463738', '1016045744316', 'A'),
('1019524452416', '1016045744316', 'A'),
('1017863472602', '1018034927150', 'A'),
('1017752764345', '1016044335989', 'A'),
('1017752764345', '1015618391913', 'A'),
('1016645351524', '1026427482871', 'A'),
('1017145015032', '1025704105442', 'A'),
('1025954574702', '1019742207241', 'A'),
('1019503912147', '1019521412057', 'A'),
('1018362443321', '1019503684356', 'A'),
('1018362443321', '1019521412057', 'A'),
('1019843336128', '1019503684356', 'A'),
('1019843336128', '1019521412057', 'A'),
('1015439644996', '1019521412057', 'A'),
('1018372172359', '1021497581156', 'A'),
('1019502819145', '1016045744316', 'A'),
('1019929737755', '1018630040414', 'A'),
('1019929737755', '1017690605883', 'A'),
('1019649511805', '1016045744316', 'A'),
('1020010433590', '1016045744316', 'A'),
('1019591143638', '1016045744316', 'A'),
('1018517966065', '1019795057341', 'A'),
('1019062580257', '1019521412057', 'A'),
('1019830851073', '1016045744316', 'A'),
('1025203222825', '1016044335989', 'A'),
('1019087441845', '1019795057341', 'A'),
('1019843336128', '1016044335989', 'A'),
('1017523453083', '1019503684356', 'A'),
('1017523453083', '1019521412057', 'A'),
('1017523453083', '1018034927150', 'A'),
('1018471144727', '1019503684356', 'A'),
('1018471144727', '1019521412057', 'A'),
('1018471144727', '1019742207241', 'A'),
('1021497701327', '1021497581156', 'A'),
('1019050994833', '1019795057341', 'A'),
('1024421269647', '1025704105442', 'A'),
('1020271910319', '1019795057341', 'A'),
('1020271910319', '1019742207241', 'A'),
('1019830851073', '1019521412057', 'A'),
('1018651691296', '1025280704476', 'A'),
('1018651691296', '1019503684356', 'A'),
('1018651691296', '1015618391913', 'A'),
('1018487936089', '1015439199628', 'A'),
('1018487936089', '1019521412057', 'A'),
('1019749233901', '1018630040414', 'A'),
('1018452384965', '1015439199628', 'A'),
('1018452384965', '1019521412057', 'A'),
('1018452384965', '1019503684356', 'A'),
('1018471180982', '1019503684356', 'A'),
('1018471180982', '1019521412057', 'A'),
('1020348347156', '1015618391913', 'A'),
('1020348347156', '1018630040414', 'A'),
('1020348347156', '1019742207241', 'A'),
('1020348347156', '1019795057341', 'A'),
('1020348347156', '1016045744316', 'A'),
('1020348347156', '1023427471602', 'A'),
('1019484142388', '1019521412057', 'A'),
('1020356685078', '1017690605883', 'A'),
('1019139944399', '1019795057341', 'A'),
('1020356685078', '1019742207241', 'A'),
('1020356685078', '1015618391913', 'A'),
('1019087441845', '1023427471602', 'A'),
('1020356685078', '1018630040414', 'A'),
('1018012753846', '1017690605883', 'A'),
('1017523453083', '1015618391913', 'A'),
('1017523453083', '1018630040414', 'A'),
('1017523453083', '1019742207241', 'A'),
('1017523453083', '1019795057341', 'A'),
('1017523453083', '1017690605883', 'A'),
('1017680882034', '1019521412057', 'A'),
('1023459951983', '1019503684356', 'A'),
('1023459951983', '1016044335989', 'A'),
('1015331789194', '1021497581156', 'A'),
('1015347803599', '1019742207241', 'A'),
('1015347803599', '1019795057341', 'A'),
('1017927390789', '1016045744316', 'A'),
('1019070831131', '1015439199628', 'A'),
('1015331789194', '1017690605883', 'A'),
('1018452664829', '1019503684356', 'A'),
('1018452664829', '1015439199628', 'A'),
('1016730061655', '1019795057341', 'A'),
('1016730061655', '1019742207241', 'A'),
('1016730061655', '1018630040414', 'A'),
('1016730061655', '1018034927150', 'A'),
('1024421269647', '1026427482871', 'A'),
('1016730061655', '1016045744316', 'A'),
('1018630512794', '1019742207241', 'A'),
('1019050994833', '1024592802696', 'A'),
('1019929737755', '1019742207241', 'A'),
('1020979813480', '1015618391913', 'A'),
('1017145015032', '1019742207241', 'A'),
('1017145015032', '1016044335989', 'A'),
('1018012753846', '1018630040414', 'A'),
('1021061041042', '1017949971802', 'A'),
('1021061041042', '1019939868602', 'A'),
('1015347803599', '1017690605883', 'A'),
('1020910249386', '1017690605883', 'A'),
('1020910249386', '1018630040414', 'A'),
('1020910249386', '1019742207241', 'A'),
('1021250054245', '1017690605883', 'A'),
('1018388296174', '1017690605883', 'A'),
('1018388296174', '1018630040414', 'A'),
('1018388296174', '1019742207241', 'A'),
('1018388296174', '1019795057341', 'A'),
('1018388296174', '1015618391913', 'A'),
('1021382957628', '1015618391913', 'A'),
('1017759684113', '1018630040414', 'A'),
('1017759684113', '1015618391913', 'A'),
('1017800925273', '1018630040414', 'A'),
('1017800925273', '1019742207241', 'A'),
('1017800925273', '1019795057341', 'A'),
('1017800925273', '1021497581156', 'A'),
('1021547530655', '1019742207241', 'A'),
('1021547530655', '1019795057341', 'A'),
('1021547530655', '1021497581156', 'A'),
('1017743529907', '1021497581156', 'A'),
('1017743529907', '1015618391913', 'A'),
('1017743529907', '1019742207241', 'A'),
('1017743529907', '1019795057341', 'A'),
('1017926831200', '1021497581156', 'A'),
('1017926831200', '1019742207241', 'A'),
('1017926831200', '1019795057341', 'A'),
('1017926852704', '1015618391913', 'A'),
('1017926852704', '1018630040414', 'A'),
('1017926852704', '1019742207241', 'A'),
('1017926852704', '1019795057341', 'A'),
('1017926852704', '1021497581156', 'A'),
('1020356685078', '1021497581156', 'A'),
('1015438291312', '1019939868602', 'A'),
('1022090270729', '1019795057341', 'A'),
('1022090270729', '1021497581156', 'A'),
('1022090270729', '1019742207241', 'A'),
('1022090270729', '1015618391913', 'A'),
('1022090270729', '1016044335989', 'A'),
('1022090270729', '1026806480296', 'A'),
('1022090270729', '1019521412057', 'A'),
('1021255187421', '1019521412057', 'A'),
('1021255187421', '1019503684356', 'A'),
('1021255187421', '1019795057341', 'A'),
('1021255187421', '1018630040414', 'A'),
('1021255187421', '1019742207241', 'A'),
('1020179615378', '1025280704476', 'A'),
('1020356685078', '1019795057341', 'A'),
('1022589830581', '1019795057341', 'A'),
('1022589830581', '1019742207241', 'A'),
('1022589830581', '1018630040414', 'A'),
('1019070885655', '1019521412057', 'A'),
('1022447074478', '1019795057341', 'A'),
('1022447074478', '1019742207241', 'A'),
('1022709335788', '1015618391913', 'A'),
('1022709335788', '1017949971802', 'W'),
('1022709335788', '1017690605883', 'A'),
('1022709335788', '1018630040414', 'A'),
('1022709335788', '1019742207241', 'A'),
('1022709335788', '1019795057341', 'A'),
('1022709335788', '1021497581156', 'A'),
('1022709335788', '1019521412057', 'A'),
('1022090270729', '1017949971802', 'W'),
('1017759684113', '1019742207241', 'A'),
('1017759684113', '1021497581156', 'A'),
('1018041208928', '1021497581156', 'A'),
('1018041208928', '1017690605883', 'A'),
('1017680882034', '1018034927150', 'A'),
('1023459951983', '1019521412057', 'A'),
('1023459951983', '1015439199628', 'A'),
('1019070831131', '1019521412057', 'A'),
('1019070831131', '1019503684356', 'A'),
('1019070831131', '1016044335989', 'A'),
('1019070831131', '1016045744316', 'A'),
('1019070831131', '1015618391913', 'A'),
('1019070831131', '1017949971802', 'W'),
('1019070831131', '1017690605883', 'A'),
('1019070831131', '1018630040414', 'A'),
('1019070831131', '1019742207241', 'A'),
('1019070831131', '1019795057341', 'A'),
('1019070831131', '1021497581156', 'A'),
('1019139944399', '1021497581156', 'A'),
('1016575802563', '1015439199628', 'A'),
('1015439644996', '1023427471602', 'A'),
('1016730061655', '1023427471602', 'A'),
('1023459951983', '1023427471602', 'A'),
('1015347803599', '1023427471602', 'A'),
('1024065445864', '1019742207241', 'A'),
('1024065445864', '1021497581156', 'A'),
('1017950139331', '1018630040414', 'A'),
('1017950139331', '1019742207241', 'A'),
('1017950139331', '1021497581156', 'A'),
('1017950139331', '1016045744316', 'A'),
('1017950139331', '1023427471602', 'A'),
('1017950139331', '1019521412057', 'A'),
('1017950139331', '1018034927150', 'A'),
('1019700068942', '1023427471602', 'A'),
('1025030216215', '1019503684356', 'A'),
('1019513721235', '1015439199628', 'A'),
('1019070885655', '1015439199628', 'A'),
('1019070885655', '1019503684356', 'A'),
('1018995994873', '1016044335989', 'A'),
('1018530537981', '1025028206102', 'A'),
('1016302913498', '1023427471602', 'A'),
('1016302913498', '1016045744316', 'A'),
('1016302913498', '1021497581156', 'A'),
('1016302913498', '1017949971802', 'W'),
('1016302913498', '1018034927150', 'A'),
('1016734899516', '1023427471602', 'A'),
('1018369114777', '1023427471602', 'A'),
('1016734899516', '1016045744316', 'A'),
('1017770512556', '1016045744316', 'A'),
('1017770512556', '1023427471602', 'A'),
('1020348347156', '1021497581156', 'A'),
('1024585782347', '1015618391913', 'A'),
('1024519872238', '1016045744316', 'A'),
('1024519872238', '1023427471602', 'A'),
('1024519872238', '1019521412057', 'A'),
('1024519872238', '1015618391913', 'A'),
('1024519872238', '1017690605883', 'A'),
('1024519872238', '1021497581156', 'A'),
('1020098106685', '1021497581156', 'A'),
('1024583228543', '1016044335989', 'A'),
('1024594709116', '1016045744316', 'A'),
('1024594709116', '1023427471602', 'A'),
('1024265573543', '1021497581156', 'A'),
('1018445108826', '1023427471602', 'A'),
('1018445108826', '1016045744316', 'A'),
('1024938674289', '1016044335989', 'A'),
('1024583228543', '1019521412057', 'A'),
('1018372172359', '1023427471602', 'A'),
('1019070831131', '1024947765737', 'A'),
('1019070831131', '1023427471602', 'A'),
('1018369114777', '1016044335989', 'A'),
('1015331789194', '1023427471602', 'A'),
('1025056925487', '1016045744316', 'A'),
('1025056925487', '1023427471602', 'A'),
('1017056954518', '1023427471602', 'A'),
('1017056954518', '1016045744316', 'A'),
('1019087441845', '1019742207241', 'A'),
('1025029389427', '1016044335989', 'A'),
('1025029436714', '1016044335989', 'A'),
('1025029436714', '1019521412057', 'A'),
('1024336496530', '1023427471602', 'A'),
('1024946109986', '1016044335989', 'A'),
('1024946109986', '1025028206102', 'A'),
('1024336496530', '1016044335989', 'A'),
('1021486913977', '1016044335989', 'A'),
('1016302913498', '1024592802696', 'A'),
('1025192798723', '1023427471602', 'A'),
('1025192798723', '1016045744316', 'A'),
('1020179615378', '1019503684356', 'A'),
('1020179615378', '1025028206102', 'A'),
('1019251974097', '1024592802696', 'A'),
('1017752939512', '1023427471602', 'A'),
('1017752939512', '1016045744316', 'A'),
('1017752939512', '1024592802696', 'A'),
('1025201469667', '1016044335989', 'A'),
('1019087441845', '1016045744316', 'A'),
('1025203222825', '1025028206102', 'A'),
('1025203222825', '1024947765737', 'A'),
('1025203222825', '1019503684356', 'A'),
('1025203222825', '1019795057341', 'A'),
('1025203222825', '1021497581156', 'A'),
('1025203222825', '1019742207241', 'A'),
('1025203222825', '1018630040414', 'A'),
('1025203222825', '1015618391913', 'A'),
('1025203222825', '1017690605883', 'A'),
('1025203222825', '1017949971802', 'W'),
('1025203222825', '1023427471602', 'A'),
('1025203222825', '1015439199628', 'A'),
('1025203222825', '1016045744316', 'A'),
('1025203222825', '1019521412057', 'A'),
('1019087441845', '1024592802696', 'A'),
('1017770043725', '1023427471602', 'A'),
('1017770043725', '1024592802696', 'A'),
('1025056925487', '1024592802696', 'A'),
('1024594709116', '1024592802696', 'A'),
('1016734899516', '1024592802696', 'A'),
('1017523453083', '1026932502854', 'A'),
('1016645622861', '1023427471602', 'A'),
('1015439644996', '1024947765737', 'A'),
('1017056954518', '1024592802696', 'A'),
('1017056954518', '1019795057341', 'A'),
('1020098106685', '1016044335989', 'A'),
('1020098106685', '1019742207241', 'A'),
('1019072257712', '1025280704476', 'A'),
('1019072257712', '1019521412057', 'A'),
('1021487095814', '1016044335989', 'A'),
('1021487095814', '1019503684356', 'A'),
('1021487095814', '1024947765737', 'A'),
('1021487095814', '1019521412057', 'A'),
('1021487095814', '1023427471602', 'A'),
('1024336496530', '1019521412057', 'A'),
('1019139944399', '1025280704476', 'A'),
('1019139944399', '1024972883359', 'A'),
('1025030216215', '1025028206102', 'A'),
('1024938674289', '1019521412057', 'A'),
('1024938674289', '1015439199628', 'A'),
('1018445108826', '1024592802696', 'A'),
('1029784654979', '1024592802696', 'A'),
('1024583228543', '1023427471602', 'A'),
('1025457270811', '1023427471602', 'A'),
('1025457270811', '1016045744316', 'A'),
('1025203222825', '1025280704476', 'A'),
('1025702315388', '1016044335989', 'A'),
('1025702865556', '1016044335989', 'A'),
('1023459951983', '1025704105442', 'A'),
('1017927390789', '1019521412057', 'A'),
('1024583349330', '1016044335989', 'A'),
('1024583349330', '1025704105442', 'A'),
('1025709453428', '1025704105442', 'A'),
('1025709453428', '1016044335989', 'A'),
('1025709950535', '1016044335989', 'A'),
('1020098106685', '1025704105442', 'A'),
('1025709950535', '1025028206102', 'A'),
('1019737602440', '1021497581156', 'A'),
('1018878153623', '1019503684356', 'A'),
('1018878153623', '1024947765737', 'A'),
('1018878153623', '1025280704476', 'A'),
('1018878153623', '1019521412057', 'A'),
('1019737602440', '1024592802696', 'A'),
('1019737602440', '1019742207241', 'A'),
('1019737602440', '1018630040414', 'A'),
('1019737602440', '1017690605883', 'A'),
('1019737602440', '1019795057341', 'A'),
('1019737602440', '1017949971802', 'W'),
('1025457270811', '1024592802696', 'A'),
('1025029389427', '1025704105442', 'A'),
('1017232383457', '1023427471602', 'A'),
('1025709950535', '1025280704476', 'A'),
('1017752764345', '1016045744316', 'A'),
('1017752764345', '1023427471602', 'A'),
('1017752764345', '1019521412057', 'A'),
('1021487095814', '1025704105442', 'A'),
('1021487095814', '1018630040414', 'A'),
('1021487095814', '1019742207241', 'A'),
('1024946109986', '1025704105442', 'A'),
('1019423755498', '1019503684356', 'A'),
('1019423755498', '1025028206102', 'A'),
('1019423755498', '1025280704476', 'A'),
('1021486913977', '1025704105442', 'A'),
('1018271591200', '1026427482871', 'A'),
('1021486913977', '1019503684356', 'A'),
('1021486913977', '1023427471602', 'A'),
('1021486913977', '1024947765737', 'A'),
('1021486913977', '1019521412057', 'A'),
('1029331712317', '1019795057341', 'A'),
('1024336496530', '1025704105442', 'A'),
('1025203222825', '1025704105442', 'A'),
('1025801616515', '1016045744316', 'A'),
('1025801616515', '1025280704476', 'A'),
('1025803404829', '1023427471602', 'A'),
('1018369114777', '1025704105442', 'A'),
('1015347803599', '1025704105442', 'A'),
('1018369114777', '1025280704476', 'A'),
('1025801616515', '1026427482871', 'A'),
('1017770043725', '1016045744316', 'A'),
('1017752764345', '1024592802696', 'A'),
('1018517966065', '1023427471602', 'A'),
('1017230367133', '1016045744316', 'A'),
('1016645351524', '1023427471602', 'A'),
('1016645351524', '1025280704476', 'A'),
('1016645351524', '1016045744316', 'A'),
('1020369242464', '1016045744316', 'A'),
('1020369242464', '1023427471602', 'A'),
('1018517966065', '1024947765737', 'A'),
('1018517966065', '1025028206102', 'A'),
('1018517966065', '1025280704476', 'A'),
('1018517966065', '1025704105442', 'A'),
('1018517966065', '1017949971802', 'W'),
('1018517966065', '1021497581156', 'A'),
('1018517966065', '1019742207241', 'A'),
('1025173937798', '1025704105442', 'A'),
('1025173937798', '1016044335989', 'A'),
('1019072257712', '1025704105442', 'A'),
('1019072257712', '1017949971802', 'W'),
('1017148443627', '1023427471602', 'A'),
('1017148443627', '1016045744316', 'A'),
('1025875265469', '1023427471602', 'A'),
('1025875265469', '1016045744316', 'A'),
('1017523453083', '1023427471602', 'A'),
('1017523453083', '1025704105442', 'A'),
('1017523453083', '1024592802696', 'A'),
('1017752764345', '1018630040414', 'A'),
('1017752764345', '1019742207241', 'A'),
('1017752764345', '1019795057341', 'A'),
('1017752764345', '1021497581156', 'A'),
('1017752764345', '1017690605883', 'A'),
('1025877060139', '1023427471602', 'A'),
('1016687252266', '1025704105442', 'A'),
('1016730061655', '1025280704476', 'A'),
('1018286709116', '1018630040414', 'A'),
('1016645351524', '1021497581156', 'A'),
('1016645351524', '1019521412057', 'A'),
('1024583228543', '1025704105442', 'A'),
('1024583228543', '1019795057341', 'A'),
('1018995994873', '1025704105442', 'A'),
('1020098106685', '1024972883359', 'A'),
('1019928394169', '1016044335989', 'A'),
('1019928394169', '1025280704476', 'A'),
('1025030216215', '1025704105442', 'A'),
('1025030216215', '1019521412057', 'A'),
('1025030216215', '1019795057341', 'A'),
('1025030216215', '1019742207241', 'A'),
('1017523453083', '1021497581156', 'A'),
('1015331789194', '1026141445052', 'A'),
('1026141763486', '1026141445052', 'A'),
('1019050866592', '1025280704476', 'A'),
('1019050866592', '1025704105442', 'A'),
('1019050866592', '1019521412057', 'A'),
('1019050866592', '1019503684356', 'A'),
('1019050866592', '1024947765737', 'A'),
('1018530873710', '1025280704476', 'A'),
('1018369114777', '1026141445052', 'A'),
('1019737602440', '1025280704476', 'A'),
('1019737602440', '1016044335989', 'A'),
('1026140650281', '1016044335989', 'A'),
('1019737602440', '1025704105442', 'A'),
('1026140650281', '1025704105442', 'A'),
('1026140650281', '1019521412057', 'A'),
('1016645622861', '1024592802696', 'A'),
('1019087441845', '1026141445052', 'A'),
('1016563792202', '1025028206102', 'A'),
('1016563792202', '1016044335989', 'A'),
('1019070885655', '1025028206102', 'A'),
('1019843336128', '1025704105442', 'A'),
('1019700068942', '1026141445052', 'A'),
('1026140650281', '1025280704476', 'A'),
('1026140650281', '1019503684356', 'A'),
('1026140650281', '1015439199628', 'A'),
('1026140650281', '1024947765737', 'A'),
('1026140650281', '1023427471602', 'A'),
('1026140650281', '1025028206102', 'A'),
('1020348347156', '1024592802696', 'A'),
('1025201469667', '1025704105442', 'A'),
('1025201469667', '1019503684356', 'A'),
('1025201469667', '1025028206102', 'A'),
('1025201469667', '1019742207241', 'A'),
('1017770512556', '1024592802696', 'A'),
('1019700068942', '1024592802696', 'A'),
('1019070885655', '1025280704476', 'A'),
('1017523453083', '1026141445052', 'A'),
('1023908912014', '1016044335989', 'A'),
('1023908912014', '1025704105442', 'A'),
('1026149751572', '1016045744316', 'A'),
('1026149751572', '1023427471602', 'A'),
('1026149751572', '1026141445052', 'A'),
('1020369242464', '1026141445052', 'A'),
('1025702315388', '1025704105442', 'A'),
('1026312316718', '1019503684356', 'A'),
('1016645622861', '1026141445052', 'A'),
('1016734899516', '1026141445052', 'A'),
('1016645351524', '1024592802696', 'A'),
('1016645351524', '1019795057341', 'A'),
('1016645351524', '1026141445052', 'A'),
('1016645351524', '1019742207241', 'A'),
('1017230367133', '1019795057341', 'A'),
('1017230367133', '1024592802696', 'A'),
('1026153126144', '1016045744316', 'A'),
('1026153126144', '1023427471602', 'A'),
('1017230367133', '1026141445052', 'A'),
('1017770043725', '1026141445052', 'A'),
('1026141763486', '1024592802696', 'A'),
('1026141763486', '1023427471602', 'A'),
('1026141763486', '1016045744316', 'A'),
('1025801616515', '1023427471602', 'A'),
('1025801616515', '1026141445052', 'A'),
('1025801616515', '1024592802696', 'A'),
('1020098106685', '1023427471602', 'A'),
('1020098106685', '1019521412057', 'A'),
('1026398326573', '1019795057341', 'A'),
('1019070831131', '1025704105442', 'A'),
('1019070831131', '1026141445052', 'A'),
('1019070831131', '1025028206102', 'A'),
('1026407249700', '1025280704476', 'A'),
('1017680882034', '1025280704476', 'A'),
('1026407249700', '1019503684356', 'A'),
('1017148443627', '1026141445052', 'A'),
('1026407249700', '1025028206102', 'A'),
('1026407249700', '1019521412057', 'A'),
('1017148443627', '1021497581156', 'A'),
('1017148443627', '1024592802696', 'A'),
('1017148443627', '1019795057341', 'A'),
('1017148443627', '1019742207241', 'A'),
('1017148443627', '1018630040414', 'A'),
('1019071557673', '1025280704476', 'A'),
('1019071557673', '1021497581156', 'A'),
('1019071557673', '1019795057341', 'A'),
('1019071557673', '1019742207241', 'A'),
('1026420891004', '1016045744316', 'A'),
('1026420891004', '1023427471602', 'A'),
('1026420891004', '1015618391913', 'A'),
('1026420891004', '1018630040414', 'A'),
('1026420891004', '1019742207241', 'A'),
('1026420891004', '1019795057341', 'A'),
('1026420891004', '1021497581156', 'A'),
('1026420891004', '1024592802696', 'A'),
('1026153126144', '1019795057341', 'A'),
('1019050994833', '1016045744316', 'A'),
('1026421917400', '1019742207241', 'A'),
('1021255187421', '1025280704476', 'A'),
('1019476177508', '1025280704476', 'A'),
('1026218361696', '1016044335989', 'A'),
('1026218361696', '1025704105442', 'A'),
('1026592468087', '1021497581156', 'A'),
('1015331789194', '1026427482871', 'A'),
('1018517966065', '1026427482871', 'A'),
('1018517966065', '1026141445052', 'A'),
('1015331789194', '1019521412057', 'A'),
('1021487095814', '1026427482871', 'A'),
('1021487095814', '1025028206102', 'A'),
('1026662649313', '1016045744316', 'A'),
('1026662649313', '1023427471602', 'A'),
('1026662649313', '1026141445052', 'A'),
('1026662649313', '1026427482871', 'A'),
('1021487095814', '1016045744316', 'A'),
('1019676386491', '1024947765737', 'A'),
('1019676386491', '1025028206102', 'A'),
('1024265573543', '1019795057341', 'A'),
('1019139944399', '1027970948483', 'A'),
('1024265573543', '1019742207241', 'A'),
('1024265573543', '1018630040414', 'A'),
('1019139944399', '1027220991149', 'A'),
('1024265573543', '1017949971802', 'W'),
('1018452384965', '1025280704476', 'A'),
('1026764171721', '1017690605883', 'A'),
('1026764171721', '1015618391913', 'A'),
('1026764171721', '1021497581156', 'A'),
('1026764171721', '1018630040414', 'A'),
('1017523453083', '1026806480296', 'A'),
('1017752939512', '1026427482871', 'A'),
('1021497701327', '1019742207241', 'A'),
('1021497701327', '1017690605883', 'A'),
('1017752939512', '1026141445052', 'A'),
('1021487095814', '1026806480296', 'A'),
('1026824697073', '1025280704476', 'A'),
('1024421269647', '1019503684356', 'A'),
('1017523453083', '1026427482871', 'A'),
('1017523453083', '1024947765737', 'A'),
('1017523453083', '1025028206102', 'A'),
('1017523453083', '1025280704476', 'A'),
('1018466256322', '1016044335989', 'A'),
('1018466256322', '1015439199628', 'A'),
('1018466256322', '1026427482871', 'A'),
('1017056954518', '1026141445052', 'A'),
('1017056954518', '1026427482871', 'A'),
('1020348347156', '1026427482871', 'A'),
('1020348347156', '1026141445052', 'A'),
('1020348347156', '1026806480296', 'A'),
('1020007158410', '1025280704476', 'A'),
('1020369242464', '1024592802696', 'A'),
('1026928000422', '1025280704476', 'A'),
('1026928000422', '1025704105442', 'A'),
('1026928000422', '1019503684356', 'A'),
('1026928000422', '1016044335989', 'A'),
('1026928000422', '1019742207241', 'A'),
('1026928000422', '1024947765737', 'A'),
('1019050866592', '1028572556325', 'A'),
('1026928000422', '1015439199628', 'A'),
('1026928000422', '1019521412057', 'A'),
('1026928000422', '1019795057341', 'A'),
('1016645351524', '1026806480296', 'A'),
('1026933242802', '1019503684356', 'A'),
('1026933242802', '1024947765737', 'A'),
('1026933242802', '1025028206102', 'A'),
('1026933242802', '1019521412057', 'A'),
('1026933242802', '1015618391913', 'A'),
('1026933242802', '1019742207241', 'A'),
('1026933242802', '1021497581156', 'A'),
('1026933242802', '1026806480296', 'A'),
('1024519872238', '1026427482871', 'A'),
('1024519872238', '1026141445052', 'A'),
('1024519872238', '1026806480296', 'A'),
('1024519872238', '1018630040414', 'A'),
('1025753135892', '1021497581156', 'A'),
('1019499371730', '1019521412057', 'A'),
('1015331789194', '1026932502854', 'A'),
('1026669832520', '1015618391913', 'A'),
('1017232383457', '1016045744316', 'A'),
('1017232383457', '1026141445052', 'A'),
('1017232383457', '1026427482871', 'A'),
('1027005176702', '1025280704476', 'A'),
('1027005176702', '1026427482871', 'A'),
('1021263388215', '1025280704476', 'A'),
('1019476177508', '1019503684356', 'A'),
('1019049525378', '1025280704476', 'A'),
('1019049525378', '1019503684356', 'A'),
('1027032530488', '1016044335989', 'A'),
('1027032530488', '1025704105442', 'A'),
('1027032530488', '1023427471602', 'A'),
('1020369242464', '1026427482871', 'A'),
('1017230367133', '1026427482871', 'A'),
('1019071557673', '1025028206102', 'A'),
('1019071557673', '1019503684356', 'A'),
('1027005176702', '1025028206102', 'A'),
('1027005176702', '1024947765737', 'A'),
('1027005176702', '1015439199628', 'A'),
('1017232383457', '1024592802696', 'A'),
('1027005176702', '1025704105442', 'A'),
('1027005176702', '1026141445052', 'A'),
('1027005176702', '1016044335989', 'A'),
('1027005176702', '1016045744316', 'A'),
('1027005176702', '1023427471602', 'A'),
('1027005176702', '1019521412057', 'A'),
('1017752764345', '1026427482871', 'A'),
('1017752764345', '1026141445052', 'A'),
('1016645351524', '1026932502854', 'A'),
('1021263388215', '1019503684356', 'A'),
('1027275442610', '1019742207241', 'A'),
('1018619379980', '1019521412057', 'A'),
('1023459951983', '1027220991149', 'A'),
('1017230367133', '1019521412057', 'A'),
('1027346931626', '1019795057341', 'A'),
('1019050994833', '1027220991149', 'A'),
('1025702865556', '1025704105442', 'A'),
('1025702865556', '1026427482871', 'A'),
('1027349267540', '1016044335989', 'A'),
('1017230367133', '1027220991149', 'A'),
('1017523453083', '1027220991149', 'A'),
('1018995994873', '1024947765737', 'A'),
('1025203222825', '1026427482871', 'A'),
('1025203222825', '1026806480296', 'A'),
('1025203222825', '1026932502854', 'A'),
('1025203222825', '1027220991149', 'A'),
('1018517966065', '1027220991149', 'A'),
('1018517966065', '1026806480296', 'A'),
('1018517966065', '1026932502854', 'A'),
('1019737602440', '1025028206102', 'A'),
('1025173937798', '1016045744316', 'A'),
('1025173937798', '1026427482871', 'A'),
('1019071557673', '1027220991149', 'A'),
('1018995994873', '1027220991149', 'A'),
('1027427649591', '1025280704476', 'A'),
('1027427649591', '1016044335989', 'A'),
('1027427649591', '1023427471602', 'A'),
('1027427649591', '1026427482871', 'A'),
('1018995994873', '1015439199628', 'A'),
('1027431809250', '1025280704476', 'A'),
('1027431809250', '1016044335989', 'A'),
('1018471180982', '1025280704476', 'A'),
('1027537680086', '1025280704476', 'A'),
('1019700068942', '1026427482871', 'A'),
('1018362443321', '1025704105442', 'A'),
('1027018223235', '1025280704476', 'A'),
('1016224005196', '1026427482871', 'A'),
('1025801616515', '1019503684356', 'A'),
('1019737602440', '1019521412057', 'A'),
('1017056954518', '1017949971802', 'W'),
('1017056954518', '1026932502854', 'A'),
('1018531000848', '1025280704476', 'A'),
('1027615410516', '1025280704476', 'A'),
('1027615339793', '1025280704476', 'A'),
('1027615720118', '1015618391913', 'A'),
('1027615720118', '1017949971802', 'W'),
('1027615720118', '1017690605883', 'A'),
('1027615720118', '1018630040414', 'A'),
('1027615720118', '1019742207241', 'A'),
('1027615720118', '1019795057341', 'A'),
('1027615720118', '1021497581156', 'A'),
('1027615720118', '1026806480296', 'A'),
('1027615720118', '1026932502854', 'A'),
('1027615720118', '1027220991149', 'A'),
('1018369114777', '1026427482871', 'A'),
('1028309076561', '1027427225488', 'A'),
('1024421269647', '1023427471602', 'A'),
('1018369114777', '1021497581156', 'A'),
('1018995994873', '1025028206102', 'A'),
('1018369114777', '1027220991149', 'A'),
('1018369114777', '1026932502854', 'A'),
('1018530537981', '1025280704476', 'A'),
('1016734899516', '1026427482871', 'A'),
('1025056925487', '1026427482871', 'A'),
('1025056925487', '1026141445052', 'A'),
('1018445108826', '1026427482871', 'A'),
('1025457270811', '1026427482871', 'A'),
('1027689874394', '1021497581156', 'A'),
('1027689874394', '1015618391913', 'A'),
('1025702315388', '1026427482871', 'A'),
('1019581119050', '1025280704476', 'A'),
('1018487936089', '1025280704476', 'A'),
('1022090270729', '1025704105442', 'A'),
('1019139944399', '1026932502854', 'A'),
('1019139944399', '1026806480296', 'A'),
('1018445108826', '1026141445052', 'A'),
('1027742288038', '1016044335989', 'A'),
('1027742288038', '1025704105442', 'A'),
('1019677327950', '1025280704476', 'A'),
('1020179615378', '1019521412057', 'A'),
('1026751861756', '1027802681692', 'A'),
('1027949734075', '1025280704476', 'A'),
('1026676958393', '1027802681692', 'A'),
('1027949734075', '1019503684356', 'A'),
('1026149751572', '1026427482871', 'A'),
('1025875265469', '1026427482871', 'A'),
('1025875265469', '1026141445052', 'A'),
('1025875265469', '1026932502854', 'A'),
('1017770512556', '1026141445052', 'A'),
('1017770512556', '1026427482871', 'A'),
('1027959213022', '1025280704476', 'A'),
('1027959213022', '1015439199628', 'A'),
('1027959213022', '1016044335989', 'A'),
('1027959213022', '1016045744316', 'A'),
('1027959213022', '1019503684356', 'A'),
('1027959213022', '1023427471602', 'A'),
('1027959213022', '1024947765737', 'A'),
('1027959213022', '1025028206102', 'A'),
('1027959213022', '1025704105442', 'A'),
('1027959213022', '1026141445052', 'A'),
('1027959213022', '1026427482871', 'A'),
('1027959213022', '1019521412057', 'A'),
('1027959213022', '1021497581156', 'A'),
('1027959213022', '1027220991149', 'A'),
('1027959213022', '1026932502854', 'A'),
('1027959213022', '1026806480296', 'A'),
('1027959213022', '1019795057341', 'A'),
('1027959213022', '1019742207241', 'A'),
('1027959213022', '1018630040414', 'A'),
('1027959213022', '1015618391913', 'A'),
('1024519872238', '1024592802696', 'A'),
('1027964508169', '1026427482871', 'A'),
('1028033173808', '1019795057341', 'A'),
('1028033173808', '1026932502854', 'A'),
('1028033173808', '1018630040414', 'A'),
('1028033173808', '1019742207241', 'A'),
('1022090270729', '1027970948483', 'A'),
('1016730061655', '1026427482871', 'A'),
('1016730061655', '1026141445052', 'A'),
('1016645351524', '1027970948483', 'A'),
('1016645351524', '1027220991149', 'A'),
('1016730061655', '1019503684356', 'A'),
('1028036739479', '1019521412057', 'A'),
('1028036739479', '1025280704476', 'A'),
('1029263222063', '1021497581156', 'A'),
('1026669832520', '1027802681692', 'A'),
('1028058536040', '1027970948483', 'A'),
('1028058536040', '1017690605883', 'W'),
('1028058430689', '1016045744316', 'A'),
('1028058430689', '1023427471602', 'A'),
('1028058430689', '1026141445052', 'A'),
('1028058430689', '1026427482871', 'A'),
('1028058430689', '1015618391913', 'A'),
('1028058430689', '1024592802696', 'A'),
('1020098106685', '1027970948483', 'A'),
('1019050994833', '1026427482871', 'A'),
('1028120564568', '1027427225488', 'A'),
('1028121364681', '1027427225488', 'A'),
('1026149751572', '1019521412057', 'A'),
('1020271910319', '1018034927150', 'W'),
('1026141763486', '1026427482871', 'A'),
('1028225756045', '1025280704476', 'A'),
('1028209117615', '1016045744316', 'A'),
('1028209117615', '1023427471602', 'A'),
('1028285814803', '1025280704476', 'A'),
('1028286094826', '1025704105442', 'A'),
('1028286094826', '1016044335989', 'A'),
('1028286094826', '1019742207241', 'A'),
('1028286094826', '1019795057341', 'A'),
('1028286094826', '1027970948483', 'A'),
('1015347803599', '1026141445052', 'A'),
('1028300893273', '1027427225488', 'A'),
('1017523453083', '1027970948483', 'A'),
('1028226143453', '1025280704476', 'A'),
('1028032720632', '1026427482871', 'A'),
('1028330120823', '1026141445052', 'A'),
('1028330120823', '1026427482871', 'A'),
('1016224005196', '1025280704476', 'A'),
('1027303215000', '1027197159583', 'A'),
('1017230367133', '1021497581156', 'A'),
('1018452532035', '1025280704476', 'A'),
('1017148443627', '1027970948483', 'A'),
('1028552144379', '1019503684356', 'A'),
('1028552144379', '1025280704476', 'A'),
('1028552144379', '1025028206102', 'A'),
('1028552144379', '1024947765737', 'A'),
('1025029389427', '1028572556325', 'A'),
('1028552144379', '1015439199628', 'A'),
('1028552144379', '1019521412057', 'A'),
('1025173937798', '1028572556325', 'A'),
('1021486913977', '1028572556325', 'A'),
('1021487095814', '1028572556325', 'A'),
('1021486913977', '1015618391913', 'A'),
('1021486913977', '1018630040414', 'A'),
('1021486913977', '1019742207241', 'A'),
('1021486913977', '1019795057341', 'A'),
('1021486913977', '1026806480296', 'A'),
('1021486913977', '1027970948483', 'A'),
('1021486913977', '1021497581156', 'A'),
('1016687252266', '1028572556325', 'A'),
('1016687252266', '1019521412057', 'A'),
('1021061041042', '1027220991149', 'A'),
('1027346931626', '1027802681692', 'A'),
('1018369114777', '1028572556325', 'A'),
('1015347803599', '1028572556325', 'A'),
('1015347803599', '1027970948483', 'A'),
('1026140650281', '1028572556325', 'A'),
('1029784654979', '1023427471602', 'A'),
('1023908912014', '1028572556325', 'A'),
('1023908912014', '1019521412057', 'A'),
('1027742288038', '1028572556325', 'A'),
('1024583349330', '1028572556325', 'A'),
('1028898290944', '1016044335989', 'A'),
('1024336496530', '1028572556325', 'A'),
('1019700068942', '1027970948483', 'A'),
('1028922916146', '1016044335989', 'A'),
('1028922916146', '1025704105442', 'A'),
('1028922916146', '1028572556325', 'A'),
('1028847084321', '1026806480296', 'A'),
('1028847084321', '1015618391913', 'A'),
('1028847084321', '1017690605883', 'W'),
('1028847084321', '1018630040414', 'A'),
('1028847084321', '1019795057341', 'A'),
('1028847084321', '1019742207241', 'A'),
('1028847084321', '1027970948483', 'A'),
('1028847084321', '1027220991149', 'A'),
('1028847084321', '1026932502854', 'A'),
('1028847084321', '1021497581156', 'A'),
('1022090270729', '1026427482871', 'A'),
('1025030216215', '1026427482871', 'A'),
('1025030216215', '1025280704476', 'A'),
('1025030216215', '1028572556325', 'A'),
('1017148443627', '1026427482871', 'A'),
('1017148443627', '1028572556325', 'A'),
('1018530537981', '1019503684356', 'A'),
('1027530335040', '1016045744316', 'A'),
('1027530335040', '1023427471602', 'A'),
('1027530335040', '1026141445052', 'A'),
('1027530335040', '1026427482871', 'A'),
('1028033625449', '1025280704476', 'A'),
('1028729089301', '1026427482871', 'A'),
('1025056925487', '1029940747770', 'A'),
('1028729089301', '1026141445052', 'A'),
('1028729089301', '1016045744316', 'A'),
('1028729089301', '1023427471602', 'A'),
('1025709453428', '1028572556325', 'A'),
('1027964508169', '1024592802696', 'A'),
('1029330490802', '1017949971802', 'W'),
('1029331712317', '1027970948483', 'A'),
('1029331712317', '1019742207241', 'A'),
('1029331712317', '1024972883359', 'A'),
('1029345274591', '1026806480296', 'A'),
('1029345274591', '1026932502854', 'A'),
('1015331789194', '1029320981135', 'A'),
('1016645351524', '1029320981135', 'A'),
('1017770043725', '1029320981135', 'A'),
('1018369114777', '1029320981135', 'A'),
('1017752939512', '1029320981135', 'A'),
('1022090270729', '1028572556325', 'A'),
('1022090270729', '1028959798347', 'A'),
('1025029436714', '1025704105442', 'A'),
('1025029436714', '1028959798347', 'A'),
('1025029436714', '1028572556325', 'A'),
('1025029436714', '1029240591946', 'A'),
('1017770512556', '1029320981135', 'A'),
('1025030216215', '1029240591946', 'A'),
('1025030216215', '1029940909128', 'A'),
('1016730061655', '1029320981135', 'A'),
('1016730061655', '1024592802696', 'A'),
('1016730061655', '1027970948483', 'A'),
('1019700068942', '1029320981135', 'A'),
('1017230367133', '1029320981135', 'A'),
('1015439644996', '1026141445052', 'A'),
('1015439644996', '1026427482871', 'A'),
('1015439644996', '1021497581156', 'A'),
('1015439644996', '1029320981135', 'A'),
('1017148443627', '1029445174429', 'A'),
('1017148443627', '1029320981135', 'A'),
('1017148443627', '1026806480296', 'A'),
('1017148443627', '1015618391913', 'A'),
('1017148443627', '1026932502854', 'A'),
('1027431809250', '1028959798347', 'A'),
('1028209117615', '1026427482871', 'A'),
('1018369114777', '1029445174429', 'A'),
('1018369114777', '1027970948483', 'A'),
('1016730061655', '1029445174429', 'A'),
('1028572422016', '1016044335989', 'A'),
('1015347803599', '1028959798347', 'A'),
('1015347803599', '1029320981135', 'A'),
('1025702315388', '1028959798347', 'A'),
('1018452532035', '1019503684356', 'A'),
('1024583228543', '1028572556325', 'A'),
('1021487095814', '1029240591946', 'A'),
('1027742288038', '1029940909128', 'A'),
('1018517966065', '1028572556325', 'A'),
('1018517966065', '1029240591946', 'A'),
('1018517966065', '1028959798347', 'A'),
('1018517966065', '1027970948483', 'A'),
('1018517966065', '1029320981135', 'A'),
('1018517966065', '1029445174429', 'A'),
('1029784654979', '1016045744316', 'A'),
('1021487095814', '1015439199628', 'A'),
('1019737602440', '1028959798347', 'A'),
('1026140650281', '1028959798347', 'A'),
('1029683671061', '1025704105442', 'A'),
('1029683671061', '1028959798347', 'A'),
('1017148443627', '1028959798347', 'A'),
('1015439644996', '1028959798347', 'A'),
('1024583349330', '1029240591946', 'A'),
('1024583349330', '1016045744316', 'A'),
('1025029389427', '1029240591946', 'A'),
('1025029389427', '1028959798347', 'A'),
('1023459951983', '1028572556325', 'A'),
('1023459951983', '1029940909128', 'A'),
('1028058430689', '1029320981135', 'A'),
('1028058430689', '1017949971802', 'W'),
('1024938674289', '1019503684356', 'A'),
('1024938674289', '1025028206102', 'A'),
('1027964508169', '1023427471602', 'A'),
('1015439644996', '1029940747770', 'A'),
('1021547530655', '1026932502854', 'A'),
('1021547530655', '1027220991149', 'A'),
('1021547530655', '1029320981135', 'A'),
('1021547530655', '1018630040414', 'A'),
('1017770512556', '1029940747770', 'A'),
('1017770512556', '1029445174429', 'A'),
('1017770512556', '1019742207241', 'A'),
('1028729089301', '1029940747770', 'A'),
('1025056925487', '1015618391913', 'A'),
('1025056925487', '1019521412057', 'A'),
('1025056925487', '1019742207241', 'A'),
('1025056925487', '1019795057341', 'A'),
('1025056925487', '1021497581156', 'A'),
('1025056925487', '1026806480296', 'A'),
('1025056925487', '1027970948483', 'A'),
('1025056925487', '1029320981135', 'A'),
('1025056925487', '1029445174429', 'A'),
('1021487095814', '1029940909128', 'A');
# --------------------------------------------------------

#
# Estrutura da tabela `communityinvitation`
#

DROP TABLE IF EXISTS `communityinvitation`;
CREATE TABLE `communityinvitation` (
  `communityInvitationID` varchar(25) NOT NULL default '',
  `communityID` varchar(25) NOT NULL default '',
  `invitedID` varchar(25) NOT NULL default '',
  `inviterID` varchar(25) NOT NULL default '',
  PRIMARY KEY  (`communityInvitationID`)
) TYPE=MyISAM;

#
# Extraindo dados da tabela `communityinvitation`
#

# --------------------------------------------------------

#
# Estrutura da tabela `communitysubcategory`
#

DROP TABLE IF EXISTS `communitysubcategory`;
CREATE TABLE `communitysubcategory` (
  `subcategoryID` char(3) NOT NULL default '',
  `categoryID` char(3) NOT NULL default '',
  `description` varchar(255) NOT NULL default '',
  PRIMARY KEY  (`subcategoryID`,`categoryID`),
  UNIQUE KEY `subcategoryID` (`subcategoryID`)
) TYPE=MyISAM;

#
# Extraindo dados da tabela `communitysubcategory`
#

INSERT INTO `communitysubcategory` (`subcategoryID`, `categoryID`, `description`) VALUES ('1', '1', 'Ciência da Computação'),
('85', '1', 'Meteorologia'),
('5', '1', 'Astronomia'),
('6', '1', 'Física'),
('7', '1', 'Geociências'),
('8', '1', 'Matemática'),
('9', '1', 'Oceanografia'),
('10', '1', 'Probabilidade e Estatística'),
('11', '1', 'Química'),
('12', '5', 'Agronomia'),
('13', '5', 'Ciência e Tecnologia de Alimentos'),
('14', '5', 'Engenharia Agrícola'),
('15', '5', 'Medicina Veterinária'),
('16', '5', 'Recursos Florestais e Engenharia Florestal'),
('17', '5', 'Recursos Pesqueiros e Engenharia de Pesca'),
('18', '5', 'Zootecnia'),
('19', '11', 'Biofísica'),
('20', '11', 'Biologia Geral'),
('21', '11', 'Bioquímica'),
('22', '11', 'Botânica'),
('23', '11', 'Ecologia'),
('24', '11', 'Farmacologia'),
('25', '11', 'Fisiologia'),
('26', '11', 'Genética'),
('27', '11', 'Imunologia'),
('28', '11', 'Microbiologia'),
('29', '11', 'Morfologia'),
('30', '11', 'Parasitologia'),
('31', '11', 'Zoologia'),
('32', '6', 'Antropologia'),
('33', '6', 'Arqueologia'),
('34', '6', 'Ciência Política'),
('35', '6', 'Educação'),
('36', '6', 'Filosofia'),
('37', '6', 'Geografia'),
('38', '6', 'História'),
('39', '6', 'Psicologia'),
('40', '6', 'Sociologia'),
('41', '6', 'Teologia'),
('42', '7', 'Administração'),
('43', '7', 'Arquitetura e Urbanismo'),
('44', '7', 'Ciência da Informação'),
('45', '7', 'Comunicação'),
('46', '7', 'Demografia'),
('47', '7', 'Desenho Industrial'),
('48', '7', 'Direito'),
('49', '7', 'Economia'),
('50', '7', 'Economia Doméstica'),
('51', '7', 'Museologia'),
('52', '7', 'Planejamento Urbano e Regional'),
('53', '7', 'Serviço Social'),
('54', '7', 'Turismo'),
('55', '8', 'Educação Física'),
('56', '8', 'Enfermagem'),
('57', '8', 'Farmácia'),
('58', '8', 'Fisioterapia e Terapia Ocupacional'),
('59', '8', 'Fonoaudiologia'),
('60', '8', 'Medicina'),
('61', '8', 'Nutrição'),
('62', '8', 'Odontologia'),
('63', '8', 'Saúde Coletiva'),
('64', '9', 'Engenharia Aeroespacial'),
('65', '9', 'Engenharia Biomédica'),
('66', '9', 'Engenharia Civil'),
('67', '9', 'Engenharia Elétrica'),
('81', '9', 'Engenharia Mecatrônica'),
('69', '9', 'Engenharia Mecânica'),
('70', '9', 'Engenharia Naval e Oceânica'),
('71', '9', 'Engenharia Nuclear'),
('72', '9', 'Engenharia Química'),
('73', '9', 'Engenharia Sanitária'),
('74', '9', 'Engenharia de Materiais e Metalúrgica'),
('75', '9', 'Engenharia de Minas'),
('76', '9', 'Engenharia de Produção'),
('77', '9', 'Engenharia de Transportes'),
('78', '10', 'Artes'),
('79', '10', 'Letras'),
('80', '10', 'Lingüística');
# --------------------------------------------------------

#
# Estrutura da tabela `country`
#

DROP TABLE IF EXISTS `country`;
CREATE TABLE `country` (
  `countryID` tinyint(3) NOT NULL default '0',
  `description` varchar(50) NOT NULL default '',
  PRIMARY KEY  (`countryID`)
) TYPE=MyISAM;

#
# Extraindo dados da tabela `country`
#

INSERT INTO `country` (`countryID`, `description`) VALUES (1, 'Brasil'),
(2, 'Exterior');
# --------------------------------------------------------

#
# Estrutura da tabela `course`
#

DROP TABLE IF EXISTS `course`;
CREATE TABLE `course` (
  `communityID` varchar(25) NOT NULL default '',
  `program` longtext NOT NULL,
  `hours` tinyint(4) NOT NULL default '0',
  `bibliography` longtext NOT NULL,
  PRIMARY KEY  (`communityID`)
) TYPE=MyISAM;

#
# Extraindo dados da tabela `course`
#

INSERT INTO `course` (`communityID`, `program`, `hours`, `bibliography`) VALUES ('1015439199628', 'Será preenchido depois.', 80, 'Tan'),
('1015618391913', 'E-Commerce. E-Business.', 30, 'XX'),
('1016044335989', '1. Resolução de Problemas/Busca.<br>2. Aquisição e Representação de Conhecimento<br>3. Sistemas Especialistas: Conceitos, Tecnologias e Aplicações. <br>Obs.: Em breve será descrito todo o Plano de Curso', 80, 'Stuart Russell & Peter Norvig. Artificial Intelligence: A Modern Approach.\r\nElaine Rich & Kervin Knight. Inteligência Artificial. Makron books.<br>Guilherme Bittencourt. Inteligência Artificial.'),
('1017690605883', 'O curso consta de duas partes: Uma voltada para discutir o conhecimento que é trabalho dentro de uma organização/empresa, analisando os processos de aquisição, armazenamento e transmissão do conhecimento. Na segunda parte, discutem-se as tecnologias que dão suporte à gestão do conhecimento.', 32, 'A ser definida'),
('1018630040414', '1-Apresentar os conceitos e terminologia de sistemas de Data Warehousing<br>2-Discutir como projetar um Data Warehouse (DW)<br>3-Discutir como implementar um DW<br>4-Sedimentar os conhecimentos adquiridos por meio de um projeto de DW', 16, 'The Data Warehouse Lifecycle Toolkit, Ralph Kimball et al, John Wiley & Sons, 1998. <br>The Data Warehouse Toolkit, Ralph Kimball, John Wiley & Sons, 1996. Obs: Existe tradução para o Português. <br>Essential Oracle8i Data Warehousing, Gary Dodge & Tim Gorman, John Wiley & Sons, 2000. <br>Data Warehousing and Business Intelligence for E-Commerce, Alan R. Simon, Steven L. Shaffer, Morgan Kaufmann Publishers, 2001 <br>'),
('1016045744316', '1. Tópicos Avançados em Aquisição de Conhecimento;<br><br>2. Tópicos Avançados em Representação de Conhecimento;<br><br>3. IA Distribuída e suas principais abordagens. Resolução Distribuída de Problemas e Sistemas Multiagentes;<br> <br>4. Aplicações em diversos domínios: <br>    <br>4.1. Segurança de Redes de Telecomunicações/Computadores;     <br><br>4.2. Comércio Eletrônico;<br><br>4.3. Jogos; <br><br>4.4. Recuperação de Informação.', 80, 'Russell & Norvig. Artificial Intelligence: A Modern Approach.<BR> <img src=http://www.cs.berkeley.edu/~russell/aima-cover.gif>'),
('1019503684356', '1 - introdução;<br>2 -...', 127, 'Aprendendo a progrMA...'),
('1019521412057', 'Algoritmos, Estudo do C/C++, Java, Delphi, entre outras.', 120, 'C Completo e Total<br>Core Java Vol 1 e 2'),
('1021497581156', 'Em breve.', 1, 'Em Breve.'),
('1023427471602', 'Parte I - Bases da CG<br>1 - Introdução<br>1.1 - Conceito <br>1.2 - Paradigmas de abstração<br>1.3 - Aplicações da CG<br>2 - Cor<br>2.1 - Espaços de cor<br>2.2 - Sólido de cor<br>2.3 - Sistemas de cor<br>3 - Dispositivos gráficos <br>3.1 - Formato dos dados gráficos<br>3.2 - Classificação dos dispositivos<br>3.2 - Monitores de vídeo<br>4 - Imagem<br>4.1 - Imagem contínua e imagem digital, <br>4.2 - Quantização e Codificação<br>5 - Aspectos geométricos da computação gráfica<br>5.1 - Fundamentos sobre vetores e coordenadas<br>5.2 - Coordenadas homogêneas<br>5.3 - Transformações geométricas<br>6 - Modelagem geométrica<br>6.1 - Representação de objetos <br>6.2 - Representação poligonal<br>7 - Visualização<br>7.1 - A câmara virtual e o suporte de exibição<br>7.2 - Transformações geométricas de visualização<br>7.3 - Mapeamento para o viewport<br>8 - Rendering<br>Parte II - Realidade Virtual (RV) e a linguagem VRML<br>1 - Introdução<br>1.1 - Sistemas com interfaces não convencionais<br>1.2 - Breve histórico sobre a RV<br>1.3 - Aplicações de Realidade Virtual<br>2 - Geração de mundos virtuais<br>2.1. Modelagem<br>2.2. Programação e plataformas para aplicação de RV<br>3 - A linguagem VRML<br>4 - A construção dos objetos em VRML<br>4.1 - O nó Shape<br>4.2 - Agrupamento e transformações<br>5 - Animação em VRML<br>6 - Interação com o mundo virtual em VRML <br>4.1 - Sensores de toque; <br>4.2 - Sensores de proximidade<br>7 - Mapeamento de texturas.<br>8 - Iluminação: luz pontual, luz direcional, spot. <br>9 - Backgrounds<br>10 - Montagem de mundos virtuais a partir de arquivos preexistentes<br>11 - Âncoras<br>12 - Controle do ponto de vista<br>', 80, '1 - Computação Gráfica, Vol. 1, J. M. Gomes e L. C. Velho, IMPA, Rio de Janeiro, 1998.<br>2 - Computação Gráfica: Imagem, J. M. Gomes e L. C. Velho, IMPA/SBM, Rio de Janeiro, 1994.<br>3 - Vrml 2.0 Sourcebook, 2a ed. - A.L. Ames, D.R. Nadeau e J.L. Moreland, John Wiley, New York, 1997<br>BIBLIOGRAFIA COMPLEMENTAR:<br>1 - 3d  Computer Graphics  2a ed. - Allan Watt - Addison-Wesley - 1993.<br>2 - Computer Graphics - C Version - Hearn, D.; Baker, M.P.- Prentice Hall, Nj, 1997.'),
('1024947765737', 'A fazer', 80, 'A colocar'),
('1025028206102', 'CONTEÚDO PROGRAMÁTICO:<br>PARTE <br>I1 - Introdução <br>1.1 - O sistema computador - hardware, software<br>1.2 - A resolução de problemas usando o computador<br>1.3 - Lógica de programação - algoritmo<br>2 - Linguagem algorítmica<br>3 - Tipos primitivos e variáveis<br>4 - Expressões <br>4.1 - Aritméticas <br>4.2 - Lógicas e relacionais<br>5 - Comandos básicos5.1 - Comando de atribuição5.2 - Comandos de entrada e saída6 - Estruturas de controle6.1 - Estrutura seqüencial6.2 - Estrutura de seleção6.3 - Estrutura de repetição7 - Modularização - funções8 - Estruturas de dados 8.1 - Vetores e matrizes 8.2 - Cadeias de caracteres (strings)9 - Pesquisa e ordenaçãoPARTE II10 - A linguagem c10.1 - Um programa em c - estrutura e compilação10.2 - Tipos primitivos, variáveis e constantes10.3 - Funções de entrada de saída11- Operadores e expressões11.1 - Atribuição11.2 - Operadores aritméticos11.3 - Operadores lógicos e relacionais12 - Estruturas de seleção 12.1 - As estruturas if e if-else 12.2 - As estruturas else-if e switch-case13 - Estruturas de repetição13.1 - A estrutura for13.2 - As estruturas while e do-while14 - Variáveis do tipo apontador15 - Funções15.1 - Retorno15.2 - Passagem de parâmetros15.3 - Recursividade16 - Estruturas de dados 16.1 - Vetores e matrizes16.2 - Strings16.3 - Registros - structs17 - Arquivos17.1 - Abertura e fechamento de arquivos17.2 - Leitura e escrita em arquivos seqüenciais17.3 - Leitura e escrita em arquivos de acesso aleatório18 - Alocação dinâmica - listas', 127, '1 - Aprendendo a programar - programando numa linguagem algorítmica executável (ILA), Jaime Evaristo, Sérgio Crespo - Book Express, RJ, 2000.2 - Lógica de programação - a construção de algoritmos e estruturas de dados, 2aed., André L.V. Forbellone; Henri F.Ebesrpacher - Makron Books, SP, 2000.3 - Aprendendo a Programar Programando em C, Jaime Evaristo, em fase de publicação pela Book Express, RJ4 - Treinamento em Linguagem C - Mód.1 e 2 - Victorine V. Mizrahi - McGrall-Hill, 1990.<br>BIBLIOGRAFIA COMPLEMENTAR:1 - The C Programming Language - Kernighan, B.W.; Ritchie, D.M. - Prentice-Hall, NJ,1988'),
('1025280704476', 'A definir', 120, 'A colocar'),
('1025704105442', '....', 120, '...'),
('1026141445052', 'a colocar', 80, 'Padrões de Projeto - Soluções Reutilizáveis de Software Orientado a Objetos [Gamma, E. et all]<br>Utilzando UML e Padrões - Uma Introdução à Análise e ao Projeto Orientado à Objetos [ Larman, C.]<br>'),
('1026427482871', 'Apresentação da disciplina e sua metodologia<br>Teoria Visionária e características do empreendedor<br>Treinamento em Software Multimídia<br>Criatividade (I e II)<br>Plano de Negócios simplificado<br>Criação e lançamento de uma empresa no mercado<br>Teste sua idéia de empresa<br>Apresentação de um Plano de Negócios completo<br>Análise de mercado<br>Fundamentos de marketing (I e II)<br>Planejamento financeiro<br>Conceitos básicos de legislação empresarial<br>Dinâmica de grupo<br>Liderança<br>Depoimento de um empreendedor (I)<br>Conceitos básicos de propaganda<br>Mudança organizacional<br>Técnicas de negociação<br>Depoimento de um empreendedor (II)<br>Sistemas de suporte<br>Apresentação dos Planos de Negócios<br>Júri / Escolha dos melhores planos<br>Exposição/Venda numa feira de Informática<br>', 120, 'Carlzon, Jan, \'A Hora da Verdade\', Rio de Janeiro, COP, 1990.<br>Coéffé, Michel, \'Guia dos Métodos de Estudo\', São Paulo, Martins Fontes, 1998.<br>Dolabela, Fernando, \'O Segredo de Luísa\', São Paulo, Cultura, 1999.<br>Dolabela, Fernando, \'Oficina do Empreendedor\', São Paulo, <br>Cultura, 1999.<br>Dolabela, Fernando, \'Boa Idéia! E Agora?\', São Paulo, Cultura, 2000.<br>Instituto Euvaldo Lodi, \'Empreendedorismo: Ciência, Técnica e Arte\', Brasília, CNI IEL Nacional, 2000.<br>Salim, Cesar, \'Construindo Planos de Negócios\', Rio de Janeiro, Campus, 2001.<br>Von Oech, Roger, \'Um Toc na Cuca\', São Paulo, Cultura, 1999.<br>'),
('1026806480296', 'Convergência Tecnológica - Introdução à Tecnologia da Informação - Introdução à telefonia - Multiplexação - sistemas PCM - Introdução as Técnicas de comunicação de dados - Sistemas SDH - Fotônica - WLL - ', 80, 'www.3com.com<br>www.cisco.com<br>www.atmforun<br>www.ieee.com<br>www.alcatel.com<br>www.siemens.com'),
('1027802681692', 'Em breve estará disponível...', 30, 'Russell & Norvig. Artificial Intelligence: A Modern Approach.<br><img src=http://www.cs.berkeley.edu/~russell/aima-cover.gif>'),
('1028572556325', 'Conteúdo programático em breve!', 120, 'Referências em breve!'),
('1028959798347', 'Banco de Dados I', 120, 'Banco de Dados I'),
('1029240591946', 'Será inserido posteriormente', 120, 'GANE, Chris e SARSON,Trish - Análise Estruturada de Sistemas, LTC,1983<br>YORDON,Edward - Análise Estruturada Moderna, Ed. Campus, 1992<br>McMENAMIN, Stephen e PALMER,John F. - Análise Essencial de Sistemas, MAKRON Books, 1991<br>POMPILHO, S. - Análise Essencial: Guia Pratico de Análise de Sisemas, INFOBOOK S.A., 1994<br>'),
('1029241740412', 'Será divulgado', 120, 'Será divulgado'),
('1029320981135', 'Tópicos relacionados ao curso:<br>   - Análise e projeto OO<br>   - UML<br>   - Design Patterns<br>  ', 80, '  - UML e Padrões - Craig Larman<br>  - UML - Guia do usuário - Booch, Rambaugh e Jacobson<br>  - Padrões de Software - Elementos reutilizáveis para software orientado a objetos - Erick Gamma'),
('1029940747770', '1. Transações;<br>2. Concorrências;', 80, 'Elmasri and S. B. Navathe: Fundamentals of Database Systems, 3rd ed., Addison Wesley, 2000.'),
('1029940909128', '1. Projeto Lógico;<br>2. Projeto Físico;<br>...', 80, 'R. Elmasri and S. B. Navathe: Fundamentals of Database Systems, 3rd ed., Addison Wesley, 2000'),
('1027427225488', '1 - Introdução e Conceitos Básicos<br>	Aula 01 - Apresentação da disciplina e de sua programação escolar (bibliografia e metodologia de ensino e de avaliação), considerações gerais.<br>	Aula 02 - Computação e Computadores: conceitos e evolução conceitual.<br>	Aula 03 - Computação e Computadores: um pouco de história 1.<br>	Aula 04 - Computação e Computadores: um pouco de história 2.<br>Aula 05 - Computação e Computadores: organização física e lógica.<br><br>2 - Sistemas Operacionais<br>Aula 06 - Conceitos de OS, operacionalidade e compilação.<br>Aula 07 - Tipos de OS, principais OS disponíveis no mercado, DOS, Windows, Linux.<br><br>3 - Processadores de Texto e Planilhas Eletrônicas<br>Aula 08 - Conceitos e aplicações de processadores de texto.<br>Aula 09 - Uso de Processadores de texto.<br>Aula 10 - Conceitos e exemplos de processadores de apresentação. O PowerPoint.<br>Aula 11 - Conceitos e exemplos de planilhas eletrônicas. O 	Excel.<br>Aula 12 -	 Usando o Excel.<br><br>4 - Banco de Dados<br>	Aula 13 - Conceitos básicos, finalidades e exemplos de banco de dados. <br>	Aula 14  Conceito e uso do Access 1.<br>Aula 15 - Conceito e uso do Access 2<br>Aula 16  Conceito e uso de redes.<br>Aula 17  Conceito e uso da Internet.<br><br>5  Informática Rural<br>Aula 18 - Informática Rural  Visão histórica e conceituação<br>Aula 19  Informática na propriedade rural  avaliação e seleção de sistemas de computação para empresas rurais.<br>Aula 20  Sistemas Aplicativos para empresas rurais: aspectos comerciais e técnicos<br>', 80, 'Livro Texto: Norton, P.  INTRODUÇÃO À INFORMÁTICA  MAKRON Books, Rio de Janeiro, 1997.');
# --------------------------------------------------------

#
# Estrutura da tabela `department`
#

DROP TABLE IF EXISTS `department`;
CREATE TABLE `department` (
  `departmentID` varchar(25) NOT NULL default '',
  `instituteID` varchar(25) NOT NULL default '',
  `departmentCode` varchar(5) NOT NULL default '',
  `name` varchar(255) NOT NULL default '',
  `webdomain` varchar(255) NOT NULL default '',
  PRIMARY KEY  (`departmentID`,`instituteID`)
) TYPE=MyISAM;

#
# Extraindo dados da tabela `department`
#

INSERT INTO `department` (`departmentID`, `instituteID`, `departmentCode`, `name`, `webdomain`) VALUES ('1010362252870', '1010357067520', 'TCI', 'Tecnologia da Informação', 'tci.ufal.br'),
('1025296465319', '1025296288050', 'DSC', 'Departamento de Sistemas e Computação', 'dsc.ufpb.br'),
('1025297468850', '1025296288050', 'DEE', 'Departamento de Engenharia Elétrica', 'dee.ufpb.br');
# --------------------------------------------------------

#
# Estrutura da tabela `discipline`
#

DROP TABLE IF EXISTS `discipline`;
CREATE TABLE `discipline` (
  `communityID` varchar(25) NOT NULL default '',
  `disciplineCode` varchar(10) NOT NULL default '',
  `instituteID` varchar(25) NOT NULL default '',
  `departmentID` varchar(25) NOT NULL default '',
  `academicCourseID` varchar(25) NOT NULL default '',
  PRIMARY KEY  (`communityID`,`instituteID`,`departmentID`,`academicCourseID`),
  UNIQUE KEY `disciplineCode` (`disciplineCode`),
  UNIQUE KEY `communityID` (`communityID`)
) TYPE=MyISAM;

#
# Extraindo dados da tabela `discipline`
#

INSERT INTO `discipline` (`communityID`, `disciplineCode`, `instituteID`, `departmentID`, `academicCourseID`) VALUES ('1015439199628', 'TCI-102', '1010357067520', '1010362252870', '1010426419860'),
('1016044335989', 'IMA-655', '1010357067520', '1010362252870', '1010426419860'),
('1016045744316', 'IMA-659', '1010357067520', '1010362252870', '1010426419860'),
('1019503684356', 'TCI-101', '1010357067520', '1010362252870', '1010426419860'),
('1023427471602', 'IMA-658', '1010357067520', '1010362252870', '1010426419860'),
('1024947765737', 'TCI-105', '1010357067520', '1010362252870', '1010426419860'),
('1025028206102', 'TCI101', '1010357067520', '1010362252870', '1010426419860'),
('1025280704476', 'IMA-618', '1010357067520', '1010362252870', '1010426419860'),
('1025704105442', 'IMA-624', '1010357067520', '1010362252870', '1010426419860'),
('1026141445052', 'IMA-656', '1010357067520', '1010362252870', '1010426419860'),
('1026427482871', 'IMA-632', '1010357067520', '1010362252870', '1010426419860'),
('1027802681692', 'COPIN01', '1025296288050', '1025296465319', '1025296515353'),
('1028572556325', 'IMA-345', '1010357067520', '1010362252870', '1010426419860'),
('1029240591946', 'IMA-624 A', '1010357067520', '1010362252870', '1010426419860'),
('1029940747770', 'IMA-657', '1010357067520', '1010362252870', '1010426419860'),
('1029940909128', 'IMA-625', '1010357067520', '1010362252870', '1010426419860');
# --------------------------------------------------------

#
# Estrutura da tabela `document`
#

DROP TABLE IF EXISTS `document`;
CREATE TABLE `document` (
  `documentID` varchar(25) NOT NULL default '',
  `communityID` varchar(25) NOT NULL default '',
  `title` varchar(60) NOT NULL default '',
  `fileName` varchar(255) NOT NULL default '',
  `size` varchar(20) NOT NULL default '',
  `description` longtext NOT NULL,
  `categoryID` varchar(25) NOT NULL default '',
  PRIMARY KEY  (`documentID`,`communityID`),
  UNIQUE KEY `documentID` (`documentID`)
) TYPE=MyISAM;

#
# Extraindo dados da tabela `document`
#

INSERT INTO `document` (`documentID`, `communityID`, `title`, `fileName`, `size`, `description`, `categoryID`) VALUES ('1017691094765', '1017690605883', 'Gestão do Conhecimento', 'Gestão Estratégica do Conhecimento.ppt', '356864', 'Gestão Estratégica do Conhecimento', '1017690928896'),
('1017691182119', '1017690605883', 'Economia da Informação, do Conhecimento e da Apren', 'Economia da Informação do Conhecimento e do Aprendizado.ppt', '188928', 'Economia da Informação, do Conhecimento e da Aprendizagem', '1017690928896'),
('1019163522543', '1016045744316', 'Agentes Móveis para Computadores Móveis', 'IAPresent.ppt', '992256', 'Apresentação da equipe:<br>Raquel<br>André', '1019163453706'),
('1019078407166', '1015439199628', 'Tecnologia de Monitores', 'Monitores.ppt', '208896', 'Este documento dar uma visão panorâmica das 3 principais tecnologias de monitores disponíveis no mercado: CRT, LCD e Plasma.', '1019078307412'),
('1018630627651', '1018630040414', 'Material do Curso', 'Maceio.zip', '654669', 'Material do Curso', '1018630474849'),
('1019163635723', '1015439199628', 'Internet', 'Slides.ppt', '684544', 'Um pouco da história da internet', '1019078307412'),
('1025223981654', '1016044335989', 'Introdução a Inteligência Aritifical (IA)', 'Introducao.zip', '1171051', 'Aula de apresentação da Inteligência Artificial: áreas e aplicações', '1019489367134'),
('1019681523484', '1015439199628', 'Histórico dos Vírus de Computadores', 'VÍRUS.ppt', '110592', 'Apresentação sobre o histórico dos vírus de computador, sua expansão e os exemplos mais famosos da história.', '1019078307412'),
('1019841697665', '1019521412057', 'Princípios do C, até estrutura de Repetição', 'aulasprogc.zip', '30053', 'Início do C até estrutura de repetição(while/do-while)', '1019841061316'),
('1019841744507', '1019521412057', 'Apontadores', 'apont.zip', '4573', 'Explica a variável do tipo apontador', '1019841061316'),
('1019841781583', '1019521412057', 'Funções', 'funcao.zip', '9005', 'Explica as bases do C para funções', '1019841061316'),
('1019841823482', '1019521412057', 'Recursividade', 'recurs.zip', '7391', 'Explica recursidade em C', '1019841061316'),
('1019841864546', '1019521412057', 'Arquivos', 'arquivos.zip', '18045', 'Explica Arquivos em C', '1019841061316'),
('1019841922215', '1019521412057', 'Vetores', 'vetor.zip', '44610', 'Explica vetores em C', '1019841061316'),
('1019841973942', '1019521412057', 'Alocação Dinâmica', 'alocdinam.zip', '11099', 'Explica alocação dinâmica em C', '1019841061316'),
('1020177969304', '1015439199628', 'Redes de Computadores', 'Trabalho Introdução.ppt', '344064', 'Introdução a Redes de Computadores e um overview sobre os tipos de redes e protocolos.', '1019078307412'),
('1020178911419', '1015439199628', 'Monitores - A evolução e a tecnologia', 'monitores.pps', '457216', 'Uma breve abordagem da evolução dos monitores de computadores, incluindo as tecnologias de Emissão de Campo e de Plasma.', '1019078307412'),
('1020180280930', '1015439199628', 'Processadores de Computador', 'Processadores.ppt', '1199104', 'Informações gerais sobre os diferentes tipos de processadores de computado.', '1019078307412'),
('1020224185922', '1019795057341', 'Atualizando o Kernel', 'configkernel.htm', '10556', 'Aqui, encontra-se uma dica sobre como vc pode atualizar seu kernel antigo!', '1020223863529'),
('1020380158015', '1016045744316', 'RMI (Remote Method Invocation)', 'IAPresent-RMI.ppt', '188416', 'Autores:<br>André Lins<br>Raquel Fortaleza', '1019163453706'),
('1020443303599', '1016045744316', 'Information Retrieval', 'Apresentacao_Information_Retrieval.ppt', '260608', 'Apresentação sobre Information Retrieval.', '1019163453706'),
('1020806284906', '1016045744316', 'FIPA', 'apresentacao_fipa.ppt', '427008', 'Uma arquitetura abstrata para comunicação de agentes.<br>Jardel Ferreira.<br>Fabricio Paulo.<br>Emanuel Constantino.', '1019163453706'),
('1020807097464', '1017690605883', 'CRM - Customer Relationship Management', 'palestraCRM.ppt', '131584', 'Conhecer cada vez mais o cliente e suas necessidades para ofertar produtos e serviços de seu exclusivo interesse, estabelecendo uma relação de confiança e fidelidade.', '1017690928896'),
('1021409184624', '1016045744316', 'Agentes de Entretenimento', 'entretenimento.ppt', '187392', 'Equipe:<br>   Adelmo Gomes<br>   Bruno Madeiro<br>   Robson Pastor', '1019163453706'),
('1021498208315', '1021497581156', 'Tendências em Tecnologia da Informação', 'seminario2.ppt', '13140480', 'Fala sobre as principais tendências do mercado e de aplicações tecnológicas.', '1021498062999'),
('1021719237413', '1019939868602', 'Os 3 sangues', '3 sangues II.doc', '27136', 'Trecho de palestra do professor Tomio Kikuchi em 1997.', '1021719155697'),
('1022419894187', '1018034927150', 'As palavras mais comuns da língua inglesa', 'As palavras mais comuns da língua inglesa .pdf', '252332', 'Este livro fornece uma abordagem para o aprendizado do inglês instrumental, ou inglês para leitura. A partir do estudo das palavras mais comuns da língua inglesa e de exemplos de utilização, conduz o aluno à compreensão de textos técnicos em um prazo que varia entre três e seis meses. <br>', '1022419585376'),
('1022420183611', '1018034927150', 'Armadilhas da Língua Inglesa', 'Armadilhas.pdf', '134522', 'Esta publicação aborda as armadilhas da língua inglesa, palavras que normalmente não constam dos dicionários ou que podem ter seu significado confundido devido à sua semelhança com palavras em português. <br>', '1022419585376'),
('1022420250786', '1018034927150', 'Beatles', 'beatles.pdf', '321257', 'Arquivo PDF com a coletânea completa das letras dos Beatles', '1022419585376'),
('1025113259179', '1023427471602', 'Capítulo 2 - Cores', 'CGCap2Cor.zip', '129987', 'Aspectos teóricos da reconstrução das cores.', '1024061253776'),
('1025113314897', '1023427471602', 'Capítulo 1 - Introdução', 'CGcap1Introd.zip', '478842', 'Introdução à Computação Gráfica', '1024061253776'),
('1025118640407', '1025028206102', 'Notas das aulas 1 a 6', 'PrAulas1a6.doc', '148480', 'Notas de todas as aulas até a primeira avaliação.<br>', '1025117940382'),
('1025118879026', '1025028206102', 'Const & funções predefinidas do ILA', 'funcoesPredef.doc', '55808', 'Constantes e funções predefinidas do ILA', '1025117940382'),
('1025216309738', '1024592802696', 'Reunião 01', '001.txt', '1488', 'Reunião 01 da comissão de formatura no dia 27/06/2002', '1025216239540'),
('1026241881443', '1024592802696', 'Regras quanto ao pagamento das mensalidades', 'regras do pagamento das mensalidades.txt', '1156', 'Documento atualizado com as regras do pagamento das mensalidades', '1026241820579'),
('1025704950605', '1025704105442', 'Slides da primeira aula', 'analise1.ppt', '1360384', 'Disco 1', '1025704781499'),
('1025705019068', '1025704105442', 'Slides da primeira aula', 'analise2.ppt', '1003520', 'Disco 2', '1025704781499'),
('1025729319812', '1023427471602', 'Trabalho 1', 'CgTrab1(individual).doc', '34816', 'Sobre aplicações de CG (entrega: prazo expirado)', '1025729124135'),
('1025729437830', '1023427471602', 'Trabalho 2', 'CgTrab2(individual).doc', '24576', 'Sobre cores (entrega: prazo expirado)', '1025729124135'),
('1026276038794', '1025028206102', 'Cronograma 1 (atualiz. 10/07)', 'Cronograma1.doc', '33792', 'Atividades previstas até a primeira prova', '1025117940382'),
('1026280203816', '1023427471602', 'Capítulo 3 - Dispositivos gráficos', 'CGcap3Disposit.zip', '658609', 'Breve estudo sobre dispositivos gráficos', '1024061253776'),
('1026410117292', '1019742207241', 'vDHCP 0.10', 'vdhcp010.zip', '294103', 'Esse é um ótimo programa para quem deseja compartilhar sua conexão com outros computadores em rede, basta instalar esse programa no servidor, junto com o ICS (Internet Conection Sharing).', '1026409984574'),
('1026410316460', '1019742207241', 'Analog X 4.12', 'analogx412.exe', '185456', 'Para quem não tem ICS (Internet Conection Sharing), esse programa só a partir dos windows 98 SE. Não tem o mesmo potencial de compartilhação do ICS junto com o servidor de DHCP, mas ajuda muito.', '1026409984574'),
('1026763342715', '1016044335989', 'Problemas, Busca e Jogos', 'busca_e_jogos.zip', '1753893', 'Aula sobre:<br> - Formulação, tipos e resolução de problemas<br> - Mecanismos de busca<br> - Jogos', '1019489367134'),
('1027195624988', '1025280704476', 'contagem e nomeação', 'Introd-CAP-02.DOC', '72192', 'elementos de teoria dos conjuntos, contagem, indução finita, etc', '1027195308669'),
('1026920316280', '1023427471602', 'Capítulo 4 - Imagem', 'CGcap4Imagem.zip', '184713', 'Imagem digital - Conceitos, definições', '1024061253776'),
('1026923437345', '1023427471602', 'Trabalho 3', 'CgTrab3(em equipe).doc', '22528', 'Sobre imagem (entrega: prazo expirado)', '1025729124135'),
('1027195730524', '1025280704476', 'conteúdo programático', 'Teoria da Computação.doc', '37888', 'título, professor, ementa,bibliografia.', '1027195308669'),
('1027386278469', '1027220991149', 'Leia-me', 'Leia-me.txt', '1853', 'Breve descrição sobre a Maratona de programção ACM', '1027386189782'),
('1027430771835', '1025280704476', '1a lista de exercícios', 'II-lista de exercicios 1.doc', '26112', 'exercícios sobre conjuntos', '1027195308669'),
('1027771567954', '1016045744316', 'Backward Chaining', 'ia.ppt', '83968', 'Encadeamento para trás.', '1027771450280'),
('1028296032616', '1025028206102', 'Notas da aula 7', 'PrAulas7.zip', '7939', 'Aula sobre vetores e matrizes', '1025117940382'),
('1028657240828', '1025028206102', 'Cronograma 2 (atualiz. 06/08)', 'prCronograma2.doc', '19968', 'Atrividades previstas até a 2a. prova (1o.bim.)', '1025117940382'),
('1028296467508', '1025028206102', '1a. prova', 'SolProva1.zip', '12610', 'Texto da prova e solução', '1028296370008'),
('1028464163873', '1027970948483', 'Apostila Director 7', 'director7.zip', '456904', 'Uma coletânia de informações sobre este software.', '1028463831434'),
('1028569648286', '1023427471602', 'Capítulo 5 - Fundamentos geométricos da CG', 'CGcap5Geom.zip', '75107', 'vetores geométricos, coordenadas homogêneas, transformações geométricas', '1024061253776'),
('1029029801422', '1023427471602', 'Capítulo 6 - Modelagem geométrica', 'CGcap6Model.zip', '106214', 'Elementos sobre modelagem e representação de objetos', '1024061253776'),
('1029362123173', '1029320981135', 'UML e o Processo Iterativo da Rational', 'uml.zip', '112705', '   Como eu disse na última aula, não é objetivo do curso mostrar uma metodologia ou processo de desenvolvimento de software. UML é apenas uma notação utilizada e terá pouco enfoque no contexto desta disciplina.<br>    Este documento é uma apresentação feita pela Rational (empresa detentora dos direitos da UML) sobre UML e o processo iterativo da Rational.<br>    Proponho que todos leiam este documento, à medida que o assunto UML for encaminhado.<br>    Discutirei com a professora Eliana a possibilidade de uma equipe ou duas, apresentarem seminários sobre estes assuntos em horários a serem definidos. Sendo assim, estes alunos, liberados de 1 dos mini-testes que estarão por vir.<br>    Qualquer dúvida, ou sugestão, enviem-me um e-mail.', '1029361031715'),
('1029511159218', '1028572556325', 'Introdução ao TCP/IP', 'Introdução ao TCP IP.zip', '97444', 'Introdução a TCI/IP', '1029511090381'),
('1029519493134', '1028572556325', 'Notas de Aula de redes parte 1', 'notas de aula - redes parte 1.zip', '262775', '<br>', '1029511090381'),
('1029519710351', '1028572556325', 'Notas de Aula de redes parte 2', 'notas de aula - redes parte 2.zip', '514516', 'Segunda parte do material do curso de sistemas Operacionais e Redes', '1029511090381'),
('1029519793947', '1028572556325', 'O Futuro da Internet é o passado', 'O_futuro_da_Internet_e_o_passado.zip', '201633', 'Texto apresentado em Seminário de Comércio Eletrônico', '1029511090381'),
('1029519857668', '1028572556325', 'Introdução a Comunicação Digital', 'Intr_Comunic_Digital.zip', '109451', 'Texto de apoio', '1029511090381'),
('1029862384227', '1016044335989', 'Primeira lista de IA', 'lista1-001.zip', '457880', 'Primeira lista de IA em relação a primeira unidade do curso.<br>Capítulos 3,4 e 5 do livro AIMA.<br><br>Data de entrega e demonstração: 23/09/2002 e 24/09/2002', '1029862185675'),
('1030114841481', '1023427471602', 'Capítulo 7 - Visualização', 'CgtextVisu.zip', '138617', 'Transformações de visualização e elementos sobre renderização', '1024061253776');
# --------------------------------------------------------

#
# Estrutura da tabela `externaluser`
#

DROP TABLE IF EXISTS `externaluser`;
CREATE TABLE `externaluser` (
  `userID` varchar(25) NOT NULL default '',
  PRIMARY KEY  (`userID`),
  UNIQUE KEY `userID` (`userID`)
) TYPE=MyISAM;

#
# Extraindo dados da tabela `externaluser`
#

INSERT INTO `externaluser` (`userID`) VALUES ('1015626066512'),
('1015626162712'),
('1016141203421'),
('1016563792202'),
('1017684430812'),
('1017743529907'),
('1017759684113'),
('1017800925273'),
('1017863472602'),
('1017867494052'),
('1017919219114'),
('1017926831200'),
('1017926852704'),
('1017928354457'),
('1018012753846'),
('1018041208928'),
('1018286709116'),
('1018377048288'),
('1018388296174'),
('1018459448841'),
('1018464841413'),
('1018465886345'),
('1018466089438'),
('1018466132243'),
('1018466256322'),
('1018630530055'),
('1018672878990'),
('1018805037297'),
('1019099663906'),
('1019114937006'),
('1019145886395'),
('1019193564334'),
('1019425575060'),
('1019534419119'),
('1019605774411'),
('1019605793383'),
('1019737602440'),
('1019929737755'),
('1020227709355'),
('1020356685078'),
('1020375000771'),
('1020381135064'),
('1020381165976'),
('1020381253869'),
('1020488632086'),
('1020782542848'),
('1020786060913'),
('1020873878785'),
('1020873956617'),
('1020910249386'),
('1020979813480'),
('1021056706145'),
('1021061041042'),
('1021250054245'),
('1021382957628'),
('1021488071464'),
('1021497701327'),
('1021506547587'),
('1021547530655'),
('1021832673715'),
('1021992975029'),
('1022302881603'),
('1022342542842'),
('1022361733602'),
('1022447074478'),
('1022501478464'),
('1022589830581'),
('1022609508875'),
('1022711942816'),
('1024065445864'),
('1024265573543'),
('1024585782347'),
('1024963137982'),
('1024972245024'),
('1025001740790'),
('1025244462350'),
('1025753135892'),
('1025954574702'),
('1026398326573'),
('1026421917400'),
('1026423723630'),
('1026507269625'),
('1026626061856'),
('1026763884913'),
('1026764171721'),
('1027101882698'),
('1027102166270'),
('1027102979152'),
('1027105358562'),
('1027275442610'),
('1027303215000'),
('1027615720118'),
('1027615780244'),
('1027689874394'),
('1027699233787'),
('1027700234406'),
('1027721717791'),
('1027907243569'),
('1027946520577'),
('1027953641429'),
('1028033173808'),
('1028058536040'),
('1028120564568'),
('1028121364681'),
('1028202858465'),
('1028300893273'),
('1028309047587'),
('1028309076561'),
('1028310968201'),
('1028310980341'),
('1028311053813'),
('1028311119560'),
('1028311134390'),
('1028312713768'),
('1028312763342'),
('1028348381969'),
('1028510482651'),
('1028511608067'),
('1028547173676'),
('1028678022356'),
('1028778168658'),
('1028847084321'),
('1028847916546'),
('1029165715004'),
('1029187263452'),
('1029263222063'),
('1029330490802'),
('1029331712317'),
('1029345274591'),
('1029519671752'),
('1030045116479');
# --------------------------------------------------------

#
# Estrutura da tabela `extracourse`
#

DROP TABLE IF EXISTS `extracourse`;
CREATE TABLE `extracourse` (
  `communityID` varchar(25) NOT NULL default '',
  `instituteID` varchar(25) default NULL,
  `departmentID` varchar(25) default NULL,
  `academicCourseID` varchar(25) default NULL,
  PRIMARY KEY  (`communityID`),
  UNIQUE KEY `communityID` (`communityID`)
) TYPE=MyISAM;

#
# Extraindo dados da tabela `extracourse`
#

INSERT INTO `extracourse` (`communityID`, `instituteID`, `departmentID`, `academicCourseID`) VALUES ('1015618391913', NULL, NULL, NULL),
('1017690605883', NULL, NULL, NULL),
('1018630040414', NULL, NULL, NULL),
('1019521412057', '1010357067520', '1010362252870', '1010426419860'),
('1021497581156', NULL, NULL, NULL),
('1026806480296', NULL, NULL, NULL),
('1028959798347', '1010357067520', '1010362252870', '1010426419860'),
('1027427225488', NULL, NULL, NULL),
('1029241740412', NULL, NULL, NULL),
('1029320981135', NULL, NULL, NULL);
# --------------------------------------------------------

#
# Estrutura da tabela `forumcategory`
#

DROP TABLE IF EXISTS `forumcategory`;
CREATE TABLE `forumcategory` (
  `categoryID` varchar(25) NOT NULL default '',
  `creatorID` varchar(25) NOT NULL default '',
  PRIMARY KEY  (`categoryID`),
  UNIQUE KEY `categoryID` (`categoryID`),
  KEY `categoryID_2` (`categoryID`)
) TYPE=MyISAM COMMENT='Category for forum';

#
# Extraindo dados da tabela `forumcategory`
#

INSERT INTO `forumcategory` (`categoryID`, `creatorID`) VALUES ('1017691290653', '1015438291312'),
('1019062890608', '1019062580257'),
('1019490426125', '1015438291312'),
('1019492658745', '1019139944399'),
('1019521673978', '1018517966065'),
('1019522197038', '1018517966065'),
('1029360153116', '1026669832520'),
('1029359733161', '1026669832520'),
('1019840790435', '1018517966065'),
('1019926448923', '1015438291312'),
('1019929104096', '1015438291312'),
('1028754502738', '1026149751572'),
('1027967475124', '1026149751572'),
('1027028302121', '1015331789194'),
('1020224335081', '1019524452416'),
('1026319232417', '1019700068942'),
('1026231399030', '1024938674289'),
('1026163065926', '1024519872238'),
('1020352978976', '1018517966065'),
('1020387870333', '1015331789194'),
('1021058089792', '1021056706145'),
('1024593863514', '1024519872238'),
('1024934816818', '1019139944399'),
('1025179698958', '1018878153623');
# --------------------------------------------------------

#
# Estrutura da tabela `grouping`
#

DROP TABLE IF EXISTS `grouping`;
CREATE TABLE `grouping` (
  `groupingID` varchar(25) NOT NULL default '',
  `goal` longtext NOT NULL,
  `courseID` varchar(25) default NULL,
  PRIMARY KEY  (`groupingID`)
) TYPE=MyISAM;

#
# Extraindo dados da tabela `grouping`
#

INSERT INTO `grouping` (`groupingID`, `goal`, `courseID`) VALUES ('1017949971802', 'Estudo sobre:\r\n*Algoritmos Genéticos;\r\n*Biologia Computacional;\r\n*Data Mining em sequências de DNA.', NULL),
('1018034927150', 'Our main goal is to be proficient in English literature.', NULL),
('1019742207241', 'Uma forma rápida e versátil de troca de informações e desnvolvimento de novas tecnológias na area.', NULL),
('1019795057341', 'Capacitar os alunos e interessados em aprimorar seus conhecimentos nesta plataforma, a qual vejo que sera o futuro das corporacoes!', NULL),
('1019939868602', 'Aguarde...', NULL),
('1024592802696', 'o mesmo que descrição', NULL),
('1024972883359', 'promover a interação entre os tocadores! discutir sobre ritmos, tecnologias, instrumentos, bandas....', NULL),
('1026932502854', 'Manifestar o interesse e dúvidas sobre programação, web design, servidores web, so, redes, etc..\r\nMas sempre se voltando ao desenvolvimento de sistemas e/ou outro tipo de abordagem.', NULL),
('1027197159583', 'MANTER ATUALIZADOS, OS ALUNOS DA DISCIPLINA, COM O DESENVOLVIMENTO DA MESMA', NULL),
('1027220991149', 'Acompanhar o treinamento dos possíveis participantes', NULL),
('1027970948483', 'Haver uma troca de idéias sobre design na web, bem como as resoluções sobre dúvidas que vierem a surgir no desenvolvimento de uma aplicação que envolva as ferramentas e as linguagens para a produção de sites na internet.', NULL),
('1029445174429', 'Estudar e revisar todos os principais conceitos da bibliografia do teste, além de prover material atualizados sobre os temas.\r\n\r\n*** Fundamentos de Computação ***\r\n- Arquitetura de Computadores; \r\n- Circuitos Digitais; \r\n- Estrutura de Dados; \r\n- Linguagem Formais, Autômatos e Computabilidade; \r\n- Linguagens de Programação; \r\n- Projeto e Análise de Algoritmos; \r\n- Pesquisa e Ordenação; \r\n- Sistemas Operacionais; \r\n- Técnicas de Programação; \r\n- Teoria dos Grafos. \r\n\r\n*** Tecnologia da Computação ***\r\n- Banco de Dados; \r\n- Compiladores; \r\n- Computação Gráfica; \r\n- Engenharia de Software; \r\n- Inteligência Artificial;  \r\n- Processamento de Imagens; \r\n- Redes de Computadores; \r\n- Sistemas Distribuídos. ', NULL),
('1030115131831', 'Interagir mais os estudantes de computação da UFAL à assuntos relativos a nossa executiva nacional', NULL);
# --------------------------------------------------------

#
# Estrutura da tabela `institute`
#

DROP TABLE IF EXISTS `institute`;
CREATE TABLE `institute` (
  `instituteID` varchar(25) NOT NULL default '',
  `name` varchar(255) NOT NULL default '',
  `abbreviation` varchar(30) NOT NULL default '',
  `stateID` tinyint(2) NOT NULL default '0',
  `countryID` tinyint(2) NOT NULL default '0',
  PRIMARY KEY  (`instituteID`)
) TYPE=MyISAM;

#
# Extraindo dados da tabela `institute`
#

INSERT INTO `institute` (`instituteID`, `name`, `abbreviation`, `stateID`, `countryID`) VALUES ('1010357067520', 'Universidade Federal de Alagoas', 'UFAL', 2, 1),
('1025296288050', 'Universidade Federal de Campina Grande', 'UFCG', 15, 1);
# --------------------------------------------------------

#
# Estrutura da tabela `kindofuser`
#

DROP TABLE IF EXISTS `kindofuser`;
CREATE TABLE `kindofuser` (
  `kindOfUserID` char(1) NOT NULL default '',
  `description` varchar(100) NOT NULL default '',
  PRIMARY KEY  (`kindOfUserID`),
  UNIQUE KEY `kindOfUserID` (`kindOfUserID`)
) TYPE=MyISAM;

#
# Extraindo dados da tabela `kindofuser`
#

# --------------------------------------------------------

#
# Estrutura da tabela `link`
#

DROP TABLE IF EXISTS `link`;
CREATE TABLE `link` (
  `linkID` varchar(25) NOT NULL default '',
  `communityID` varchar(25) NOT NULL default '',
  `title` varchar(50) NOT NULL default '',
  `address` varchar(200) NOT NULL default '',
  `description` longtext NOT NULL,
  `categoryID` varchar(25) NOT NULL default '',
  PRIMARY KEY  (`linkID`,`communityID`),
  UNIQUE KEY `linkID` (`linkID`)
) TYPE=MyISAM;

#
# Extraindo dados da tabela `link`
#

INSERT INTO `link` (`linkID`, `communityID`, `title`, `address`, `description`, `categoryID`) VALUES ('1017770481137', '1016044335989', 'Expert Sinta', 'http://www.lia.ufc.br/~bezerra/', 'Ferramenta de desenvolvimento de sistemas especialista desenvolvido por pesquisadores do Laboratório de Inteligência Artificial da Universidade Federal do Ceará.', '1017770356770'),
('1017770829874', '1016044335989', 'XVI Brazilian Symposium On Artificial Intelligence', 'http://www.cin.ufpe.br/~sbiarn02/', 'Trata-se de uma conferência de porte internacional (basta o comitê de programa que é formado por prestigiados pesquisadores de várias partes do mundo. Dessa vez esse evento ocorrerá bem pertinho da gente, ou seja, em Recife-PE. Então, temos uma oportunidade ímpar para vários pesquisadores de renome, tanto nacional quanto estrangeiro.', '1017770537488'),
('1017826169242', '1016044335989', 'Databases and Artificial Intelligence', 'http://www.cee.hw.ac.uk/~alison/ai3notes/all.html', 'É um grande resumo de tudo que é visto na disciplina, além de informações adicionais. Segue abaixo a lista de assuntos vistos em sala.<br><br>* Introduction;<br>* Knowledge Representation and Inference;<br>* Using Search in Problem Solving;<br>* Expert Systems;', '1017825799585'),
('1017826814269', '1016044335989', 'AI on the Web', 'http://www.cs.berkeley.edu/~russell/ai.html', 'Relação de 854 links sobre Inteligência Artificial, desde revistas especializadas, grupos de pesquisa, softwares diversos... Uma coleção pessoal do pesquisador Stuart Russel, autor do livro Artificial Intelligence: A Modern Approach. ', '1017826613995'),
('1017931649266', '1015618391913', 'Aspectos de Segurança em Comércio Eletrônico', 'http://www.ufal.br/~heitor/seguranca', 'Palestra sobre segurança em comércio eletrônico<br>Nível - Introdutório', '1017931586279'),
('1017931753993', '1015618391913', 'Aspectos de Segurança em Comércio Eletrônico II', 'http://www.ufal.br/~heitor/seguranca/web.zip', 'Versão para download da palestra sobre segurança em comércio eletrônico', '1017931586279'),
('1019679131254', '1018630040414', 'URL', 'http://www.dsc.ufpb.br/~sampaio/', 'URL', '1019679086951'),
('1019730336932', '1019521412057', 'Java e Código Nativo', 'http://www.bearcave.com/software/java/comp_java.html', 'Pagina muito interessante sobre java e codigo nativo<br>', '1019730282074'),
('1019743264212', '1019742207241', 'Projeto da Intenet 2', 'http://www.rnp.br/rnp2/rnp2-internet2.html', 'Saiba um pouco dessa nova tecnologia!', '1019742874857'),
('1019743495930', '1019742207241', 'Internet2 Website (Página ofícial)', 'http://www.internet2.edu/', 'Página oficial sobre a Internet2!', '1019742874857'),
('1019744000234', '1019742207241', '20º simpósio Brasileiro de redes de computadores', 'http://www.sbrc2002.nce.ufrj.br/', 'Site direcionado ao simpósio brasileiro de Redes de computadores de 2002, que será entre 20/05 e 24/05 em Búzios - RJ.', '1019743717416'),
('1019745517879', '1019742207241', 'Novidades e acontecimentos (ZDNET)', 'http://www.zdnet.pt/redes/index.shtml', 'Atualidades, informações, notícias...', '1019745181654'),
('1019746113226', '1019742207241', 'Tutoriais (Lemon)', 'http://www.lemon.com.br/canais/tutoriais/internetredes.cfm', 'Página com vários tutoriais sobre aplicativos de rede e internet.', '1019746014215'),
('1019746697817', '1019742207241', 'Pos - Graduação', 'http://www.ibpi.com.br/asis/as_curso.html', 'Curso de pos-graduação em Segurança de Informações na Internet. Pela ASIS (Advanced School of Internet Security).', '1019746342396'),
('1019746899993', '1019742207241', 'Downloads (Site - Copie já)', 'http://www.copieja.com/categoria.asp?categoria=127', 'Site bem completo. Com vários aplicativos para diversas áreas de rede e internet.', '1019746775672'),
('1019748929860', '1019742207241', 'Um pouco sobre redes...', 'http://www.webpuc.hpg.ig.com.br/index.html', 'Site legal, que mostra o básico sobre redes...', '1019746014215'),
('1019781750251', '1019521412057', 'AmbySoft', 'http://www.ambysoft.com/', 'Site muito interessante para desenvolvedores', '1019730282074'),
('1019842226237', '1019521412057', 'Portal C', 'http://www.portalc.nip.net', 'Bom site de referência para C, tem compiladores, códigos fontes de vários programas, entre outras coisas.', '1019842155120'),
('1019926286446', '1017690605883', 'Gestão do Conhecimento', 'http://www.informal.com.br/', 'Nesta página pode-se encontrar boas entrevistas, uma faq com questões interessantes.', '1019926154496'),
('1020389305490', '1019521412057', '\'The C Programming Language\', 2nd edition', 'http://users.powernet.co.uk/eton/kandr2/', '\'The C Programming Language\', 2nd edition,<br>Kernighan and Ritchie<br>Answers to Exercises<br>Maintained by Richard Heathfield<br>', '1019842155120'),
('1020389528505', '1019521412057', 'http://www.dsc.ufpb.br/~jacques/', 'http://www.dsc.ufpb.br/~jacques/', 'Comentário do Rodrigo Mosca: \'Aqui está uma das melhores páginas de professores que eu já vi... lá tem vários cursos ministrados principalmente no mestrado da UFPB... tem um muito legal de Design Pattern... realmente vale a pena colocar esse link.\'', '1020389449332'),
('1020806627732', '1016045744316', 'IDS Baseados em Sistemas Multiagentes', 'http://www.ufal.br/~ids/index_arquivos/frame.htm', 'Equipe:<br>Alan Walber<br>Eunice Palmeira<br>Marcelio Malta<br>Marcelo Queiroz<br>Marcílio Júnior ', '1020806576321'),
('1022420106435', '1018034927150', 'efr2', 'http://br.groups.yahoo.com/group/efr2/', 'This is a list for developing the reading ability <br>of the English language for speakers of Portuguese. Every day a humorours message or quote is sent to its subscribers. The most difficult words are commented with their translations into portuguese', '1022420056192'),
('1022420359149', '1018034927150', 'Verbos Irregulares da Língua Inglesa', 'http://www.idph.net/idiomas/verbosirregulares.shtml', 'Tabela contendo a lista dos verbos irregulares da língua inglesa e suas traduções.', '1022420328970'),
('1023398979488', '1018034927150', 'English Made in Brazil', 'http://www.sk.com.br/sk.html', 'A great site with list of vocabularies, pronunciation tips, Word-Formation, Word Histories Gramma and others...', '1022420328970'),
('1023408467125', '1018034927150', 'Novo ingles', 'http://www.ingles.com.br', 'Novo site sobre ingles.<br>p.s.: apenas teste.', '1022420328970'),
('1024427876709', '1018034927150', 'English-Zone.com', 'http://www.english-zone.com', 'The best place to begin studying and remember our classes... It contains many tips and online tests... Perfect for us!', '1022420328970'),
('1025213663581', '1016044335989', 'A.I. - O Filme', 'http://www.cin.ufpe.br/~apm/ia1/links/super.html', 'Reportagem da revista Super Interessante sobre o filme A.I. (Inteligência Artificial).', '1025212982938'),
('1026231214841', '1016044335989', 'Tecnologia cria dublê de voz', 'http://www.cnn.com.br/2002/tec/07/03/voz/index.html', 'Pesquisadores do Instituto de Tecnologia de Massachusetts (MIT) combinaram inteligência artificial e videografia... é ler e conferir!', '1026230939305'),
('1025635726514', '1016044335989', 'Laboratório de Visão Cognitiva de Harvard', 'http://www.wjh.harvard.edu/~viscog/lab/', 'Link para o laboratório que estuda visão cognitiva em Harvard. Os principais pontos de pesquisa são:<br>-Detecção de mudanças;<br>-Cegueira intencional;<br>-Atualização espacial;<br>-Teorias indutivas.<br>Os vídeos estão no link \'Demonstrations\':<br>http://www.wjh.harvard.edu/~viscog/lab/demos.html', '1025212982938'),
('1026925155554', '1023427471602', '\'All About Digital Images\'', 'http://mentor.coe.uwf.edu/eme6415/digital_image/index.htm', 'Dá uma visão bastante prática sobre imagens digitais: captura, resolução, compressão, formatos de arquivos, etc.', '1026925052958'),
('1027385763259', '1027220991149', 'Maratona de programação', 'http://maratona.ime.usp.br', 'Site esclarecedor!', '1027385689839'),
('1027386669471', '1027220991149', 'ACM Programming Contest', 'http://icpc.baylor.edu/icpc/', 'Site oficial', '1027385689839'),
('1027387275477', '1027220991149', 'ACM South American Regional Programming Contest', 'http://www.dcc.unicamp.br/~acmcntst/', 'Site oficial (Regional da América do Sul)', '1027385689839'),
('1028059603947', '1016044335989', 'AIMA on the Web', 'http://www.cs.berkeley.edu/~russell/aima.html', 'Site do livro:<br>Artificial Intelligence: A Modern Approach<br>by Stuart Russell and Peter Norvig<br>The Intelligent Agent Book<br>', '1017826613995'),
('1028462505076', '1027970948483', 'Director (Criação de aplicativos Multimídia)', 'http://www.macromedia.com/software/director/  http://www.director-online.com/  http://www.mcli.dist.maricopa.edu/director/  http://www.mediamacros.com/  http://www.mug.com.br/', 'Para quem tem interesse no estudo do director, abaixo estao relacionados alguns sites que abragem muito bem essa tecnologia.', '1028462355815'),
('1029358467662', '1029320981135', 'Java Code Conventions - Convenções de código Java', 'http://java.sun.com/docs/codeconv/', '   Convenções padronizadas de programação na  linguagem Java, utilizadas pelos programadores da Sun Microsystems. Está disponível para download e on-line. <br>   ', '1029358190259'),
('1029359258400', '1029320981135', 'UML - Tutorial', 'http://www.iis.com.br/~coriceu/prodsoft/apresuml/', '  Descrição dos principais conceitos e diagramas em relação à UML. Apresentação on-line. <br>  Já que o objetivo do curso não é aprofundar o conhecimento em UML, não custa nada dar uma olhada neste documento. :)', '1029358038708'),
('1029359656241', '1029320981135', 'Jacques Sauvé - HP', 'http://www.dsc.ufpb.br/~jacques/cursos/2002.1/poo/', '  Os padrões da Gangue dos 4 (Gang of Four) serão apresentados, nesta disciplina, baseando-se neste link. Ainda não defini os padrões que serão abordados em sala. Na dúvida, leia todos! ', '1029358233861');
# --------------------------------------------------------

#
# Estrutura da tabela `message`
#

DROP TABLE IF EXISTS `message`;
CREATE TABLE `message` (
  `messageID` varchar(25) NOT NULL default '',
  `ownerMessageID` varchar(25) default NULL,
  `title` varchar(255) NOT NULL default '',
  `userID` varchar(25) NOT NULL default '',
  `description` longtext NOT NULL,
  `communityID` varchar(25) NOT NULL default '',
  `categoryID` varchar(25) NOT NULL default '',
  PRIMARY KEY  (`messageID`),
  UNIQUE KEY `messageID` (`messageID`)
) TYPE=MyISAM;

#
# Extraindo dados da tabela `message`
#

INSERT INTO `message` (`messageID`, `ownerMessageID`, `title`, `userID`, `description`, `communityID`, `categoryID`) VALUES ('1017691466037', '', 'Gestão do Conhecimento: Quando investir?', '1015438291312', 'Este fórum visa uma discussão no tema Gestão do Conhecimento, tentando responder à pergunta: vale a pena investir? Como investir? Quanto custa?', '1017690605883', '1017691290653'),
('1018322558739', '1017691466037', 'Resp: Gestão do Conhecimento: Quando investir?', '1017800925273', 'No meu entender a resposta a esta pergunta seria \'já\', porem percebo que depende muito da estrutura existente na empresa interessada no processo de gestao, assim como do despertar dos administradores para este novo conceito.', '1017690605883', '1017691290653'),
('1019493097773', '', 'O que significa?', '1019139944399', 'Eu já ouvi falar bastante sobre Data Warehouse... só que eu não sei bem o que é e como funciona.<br>Seria possível alguem me esplicar ?', '1018630040414', '1019492658745'),
('1019521792714', '', 'Placas Mãe e perfomance', '1018517966065', 'ALguém poderia dá um breve histórico da evolução das placas mãe, ou indicar algum site onde se possa tomar nota disso.', '1015439199628', '1019521673978'),
('1019522357098', '', 'C++ e Computação Gráfica', '1018517966065', 'Onde posso encontrar referências na internet ou bibliográficas sobre bibliotecas gráficas para C++?', '1019503684356', '1019522197038'),
('1019537293428', '1019522357098', 'Resp: C++ e Computação Gráfica', '1019234882319', 'Já olhou em http://www.tol.pro.br ?????  <br>Ví uns tutoriais e umas coisas por lá...', '1019503684356', '1019522197038'),
('1019754993274', '1019521792714', 'Resp: Placas Mãe e perfomance', '1015331789194', 'Nao entendo muito de hardware.. mas sei de um site excelente sobre esse assunto com muitos aspectos técnicos e práticos... ai vai:<br>http://www.clubedohardware.com.br<br>', '1015439199628', '1019521673978'),
('1019755485998', '1019522357098', 'Resp: C++ e Computação Gráfica', '1015331789194', 'Um biblioteca gráfica excelente é o QT que tem algumas versões free tanto pra linux quanto pra windows...<br>Aqui vai o endereço:<br>http://www.trolltech.com/products/qt/index.html<br><br>Outra tbm muito boa é o gtk que foi usada pelo GIMP, tambem existem varios builders para ela , mais informaoes em:<br>http://www.gtk.org/<br>', '1019503684356', '1019522197038'),
('1019840729040', '', 'API', '1018517966065', 'Tava estudando as bibliotecas gráficas do C quando me deparei com a frase \'Essas bibliotecas não funcionam no Windows, pois este últimos já tem um pacote de funções gráficas que são parte da API...\' O que é API? qual sua utilidade? Como uso? e como acho???', '1019503684356', '1019522197038'),
('1019840805938', '', 'API', '1018517966065', 'Tava estudando as bibliotecas gráficas do C quando me deparei com a frase \'Essas bibliotecas não funcionam no Windows, pois este últimos já tem um pacote de funções gráficas que são parte da API...\' O que é API? qual sua utilidade? Como uso? e como acho???', '1019521412057', '1019840790435'),
('1019849273995', '1019840805938', 'Resp: API', '1015331789194', 'Pra inicio ... API siginifica Aplication Program Interface, ou seja, simplificando nada mais eh do que um conjunto de bibliotecas, sejam elas gráficas ou nao, que você pode usar no seu programa. Por exemplo... quando vc programa em c e usa algumas bibliotecas como a conio , a stdlib e etc... elas disponibilizam uma interface (ou seja.. uma maneira de voce usa-las, explicando quais sao seus metodos, parametros, retornos , etc...) você já está usando uma api. O windows já disponibiliza uma API (que ele tbm usa) para se voce quiser fazer seus programas graficos poder usa-la. Porem eu nao recomendo que vc use essa api, pois eu particularmente acho muito confusa. Alias nao recomendo nem que voce faca nada grafico em C... (talvez seja melhor C++). Mas se vc quer fazer algo grafico em C ... eu recomendo que vc use o GTK.', '1019521412057', '1019840790435'),
('1019926794486', '', 'Gestão do Conhecimento e Competitividade', '1015438291312', 'Você acha que uma empresa pode sobreviver no mercado globalalizado sem investir em Gestão de Conhecimento?', '1017690605883', '1017691290653'),
('1019929890755', '', 'Vírus', '1015438291312', 'O que há de comum entre um vírus biológico e um vírus de computador? (Sugestão: leiam artigos de John von Newmann - década de 40)', '1015439199628', '1019929104096'),
('1019996779324', '1019493097773', 'Resp: O que significa?', '1015331789194', 'Julio,<br> Vc pode obter muitas informações sobre DW em : http://www.dwinfocenter.org/ . Mas posso adiantar, com uma visão bastante simplificada o seguinte: DW é como se vc pegasse a informações de várias fontes de dados ( na maioria delas da parte operacional da sua empresa ), e unisse elas seguindo algumas restrições, para que essas informações possam a ser úteis na tomada de decisão por parte da gerência da empresa. :)', '1018630040414', '1019492658745'),
('1020020407259', '1019929890755', 'Resp: Vírus', '1018619379980', 'Vírus:<br> - Alteram o funcionamento normal do computador /<br>   organismo;<br> - Auto-reproduzem-se sem a intervenção direta do<br>   usuário / organismo;<br> - Atuam imediatamente a contaminação do organis<br>   mo / computador ou aguardam a melhor ocasião<br>   para tal<br> - Quanto mais atual, mais destrutivo;<br> - Mutantes, dificultando a localização e destrui-<br>   ção pelos antivírus / anticorpos.<br><br> Uma boa referência: <br> - http://www.seguraweb.com/virus.htm', '1015439199628', '1019929104096'),
('1029881081519', '1029360424460', 'Resp: Onde fica o limite entre usar ou não a engenharia de software?', '1018369114777', 'Talvez não seja necessária uma modelagem minuciosa, dependendo do problema. Mas uma documentação mínima é necessária. Até para demonstrar o que motivou aquela ferramenta e qual foi o raciocínio básico.', '1029320981135', '1029360153116'),
('1029621028357', '1029360089931', 'Resp: Resp: Por que programar seguindo um padrão de codificação?', '1015439644996', 'Os padrões surgem realmente para que qualquer \'leitor de código\' possa entender o que realmente o que tem ali, tipo, todos devem \'falar a mesma lingua\'... Desde que esse leitor \'já tenha sido educado\' para entender \'aquele lição\'... <br><br>Respondendo a: <br>Resp: Por que programar seguindo um padrão de codificação?', '1029320981135', '1029359733161'),
('1029534812901', '1029360089931', 'Resp: Por que programar seguindo um padrão de codificação?', '1017770043725', 'Seguir um padrão de codificação hoje é extremamente indispensável, isso levando em conta manutenção, legibilidade e outros aspectos. Porque como o Alex mesmo citou, facilitaria muito o trabalho em grupo de programadores com estilos diferentes. Outro agravante que deve ser levado em conta são os usuários de forum tipo JAVA, ASP, PHP, etc, estes na sua grande maioria não possuem um padrão em sua programação, dificultando assim que outros programadores possam resolver suas duvidas e também por este motivo é importante manter-se um padrão de codificação  ', '1029320981135', '1029359733161'),
('1029521092074', '1029360424460', 'Resp: Onde fica o limite entre usar ou não a engenharia de software?', '1017230367133', 'Na minha opinião, não as metodologias de software como um todo, mas apenas a fase de análise do modelo tradicional de desenvolvimento O.O. é um bocado complicada. Vejamos, deve-se usar de forma maciça a UML ou outros diagramas para modelar algo que nem está feito, só ideias, e elas mudam muito.  Geralmente a compreensão \'real\' do problema só vem qdo. vc. o lê pela segunda ou terceira vez, a primeira solução nunca é a melhor.<br>Creio que seja uma das causas de tanto problema com a eng. de software. <br>Não que eu não goste UML, mas os diagramas que tentam representar o comportamento dinâmico do sistema atrapalham um bocado, e qdo. o vc. tem que alterar os fontes lá vai de volta alterar os diagramas e é aí que está o entrave. Uma análise e documentação leve serviria bem tanto para sistemas pequenos como grandes.<br><br>Pra construir o circuito elétrico/eletrônico usamos coisas físicas e bem definidas, e na parte de desenvolvimento de software não temos isto ainda, portanto creio que não deviamos levar tão a sério a forma de análise e modelagem de outras áreas.<br><br>Ainda em tempo, eu acho que Extreme Programming (www.extremeprogramming.org) chega mais perto da metodologia ideal!!!<br>', '1029320981135', '1029360153116'),
('1029520949050', '1027967652080', 'Resp: Estreiando', '1018369114777', 'Olá Gustavo,<br><br>Bom, Já trabalhei com ambos de forma isolada.<br>Para fazer a integração de ambos vc deve utilizar-se de um driver ODBC, que acredito que venha no próprio CD do Oracle, caso não venha vc pode conseguir no site do desenvolvedor. Esta desta forma vc pode trabalhar com os componentes do próprio DELPHI, o problema é que fica lento a medida que sua base toma proporções maiores. <br>Neste caso o interessante é utilizar componentes DELPHI específicos para manipulação de DB Oracle. Aí surge outro problema, normalmente essas soluções de bancos de dados pagas, possuem componentes de manipulação pagos.<br>Espero ter ajudado, qualquer coisa entre em contato, posso dar uma olhada nisso com vc.', '1026932502854', '1027967475124'),
('1029520431846', '1029360089931', 'Resp: Por que programar seguindo um padrão de codificação?', '1018369114777', 'A padronização na codificação ajuda o entendimento do código por terceiros e até mesmo pelo próprio programador (um certo tempo depois). Além de ajudar na nomenclatura de métodos, propriedades, classes, ...<br>Outra ferramenta bastante interessante são os Padrões de Software, que como foi defendido pelo Hyggo, é muito difícil vc encontrar hj em dia um problema que nunca foi deparado por ninguem. Estes problemas já têm solução e com um embasamento em Engenharia de Software bastante atraente (normalmente). ', '1029320981135', '1029359733161'),
('1029518825512', '1029360089931', 'Resp: Por que programar seguindo um padrão de codificação?', '1017230367133', 'Bom, eu acho que adotando-se um padrão para se programar, o problema de que cada programador de uma equipe de desenvolvimento tenha um estilo diferente de programar se acaba. O código fica mais legível e organizado, bem como o programador com o tempo assimila o estilo e deixa de escrever código ora de um jeito, ora de outro.<br>Por exemplo, vi numa lista de programação uma mensagem de um cara(novato) perguntando se realmente deveriamos endentar um programa, e que ele não tinha se acostumado a isso. Daí presumi que nem todo mundo tem a mesma consciência na hora de programar e isso ajuda muito.', '1029320981135', '1029359733161'),
('1029360089931', '', 'Por que programar seguindo um padrão de codificação?', '1026669832520', '  Um dos links disponibilizados por mim é o da página da Sun Microsystems sobre as convenções de codificação para a linguagem Java. Nesta página, eles recomendam fortemente que os programadores utilizem estas convenções na implementação de seus programas.<br>  Mas por que mudar o meu estilo de programação, perdendo tempo em me adequar a uma convenção, se elas não melhoram o desempenho do código em termos da sua execução? <br>  ', '1029320981135', '1029359733161'),
('1029360424460', '', 'Onde fica o limite entre usar ou não a engenharia de software?', '1026669832520', '  A utilização da engenharia de software é cada vez mais um fator indispensável no desenvolvimento de software.<br>  Mas será que todos os sistemas necessitam da \'burocracia\' imposta pelas metodologias desta engenharia?<br>  Quando é que o problema é complexo o suficiente para necessitar de uma engenharia de software? Sempre?<br>  Em comparação a outras engenharias... será que um engenheiro elétrico, faria um projeto detalhado para iluminar uma casinha de bonecas???', '1029320981135', '1029360153116'),
('1028754527247', '', 'Local de realização', '1026149751572', 'Leiam o email..', '1026427482871', '1028754502738'),
('1028306031616', '1020387926088', 'Resp: Java e aplicações comerciais Stand Alone', '1024519872238', 'A grande questão de java neste tipo de aplicação ainda é o desempenho<br><br>Respondendo a: <br>Resp: Java e aplicações comerciais Stand Alone', '1019521412057', '1020387870333'),
('1028137620352', '1020387926088', 'Resp: Java e aplicações comerciais Stand Alone', '1017230367133', 'Rodrigo, creio que depende muito da capacidade das maquinas que vao rodar o software,porem li numa revista que o Java ja supera o Delphi nos EUA. Portanto, nao sei dizer se realmente isso influencia muito.<br>Geralmente o que o programador quer e um RAD(Rapid Application Development) e criar as aplicacoes facilmente, se a linguagem oferecer um ambiente deste tipo creio que nao ha problema', '1019521412057', '1020387870333'),
('1028136966716', '', 'Na baixa', '1026149751572', '   Alguem q tenha algum programa desenvolvido especialmente para a disciplina Estrutura de dados, por favor, queiram me repassar, pois facilitaria a minha vida neste disciplina..<br>   Falo..<br><br>   qq material, mandem para gustavoguri@bol.com.br', '1019521412057', '1020352978976'),
('1028136833643', '', 'Exemplos', '1026149751572', '  Atençao Joao Veloso e outros que utilizem Delphi, gostaria que se algum de voces tivessem aplicativos em Delphi, exemplos, etc..passassem os para mim...<br>  Vou começar num projeto de sistema voltado pra processos administrativos e qualquer tipo de exemplo que tivesse uma interface legal e uma organizaçao de janelas bem feita, pudesse ser repassado para o meu email: gustavoguri@bol.com.br<br>', '1019521412057', '1024593863514'),
('1027967652080', '', 'Estreiando', '1026149751572', '  Fico muito feliz por haverem pessoas \'instigadas\' nesse curso.<br>  Gostaria de saber se existem pessoas nesse grupo que ja desenvolveram algo em Delphi/Oracle.<br>  Ja li e tive a oportunidade de mexer com os dois. Gostaria de saber como interagir os dois, de uma maneira facil e rapida.<br>  T+', '1026932502854', '1027967475124'),
('1027850794668', '1027028367048', 'Resp: Leitura Dinâmica', '1025779965235', 'Ok, Pessoal!<br><br>A sugestão está registrada e aceita. Já estou procurando um instrutor para um curso rápido de leitura dinâmica.<br>Quando tiver um nome confirmado, avisarei a todos.<br>', '1026427482871', '1027028302121'),
('1020387926088', '', 'Java e aplicações comerciais Stand Alone', '1015331789194', 'O que vcs acham do desenvovimento de aplicações Stand Alone com JAVA ?', '1019521412057', '1020387870333'),
('1027028367048', '', 'Leitura Dinâmica', '1015331789194', 'Assistindo a aula, achei muito interesante a idéia da leitura dinâmica. Será que não seria possível a criação de um curso de leitura dinâmica dentro dessa disciplina ?', '1026427482871', '1027028302121'),
('1027226882442', '1027028367048', 'Leitura Dinâmica', '1025801616515', 'Também achei interessante a Leitura Dinâmica e gostaria que tivéssemos palestras sobre o tema.<br>', '1026427482871', '1027028302121'),
('1027538356008', '1026232027895', 'Resp: Que bicho é esse?', '1018369114777', 'IA é uma área bastante interessante de estudo, pois proporciona a resolução de problemas que antes não poderiam ser resolvidos por uma máquina.<br>Dizer que já descobrimos (principalmente nós alunos) tudo o que podemos fazer com IA seria muita pretenção, estamos tendo uma primeira visão desta área agora.<br>Acredito que IA é uma área que ainda tem muito a crescer.<br>Quanto a matéria da Super Interessante, achei bastante interessante por colocar em discussão um tema bastante discutido, que é a questão da máquina substituir o homem. E o mais interessante é que esta matéria já dá uma dica de como isto poderá ser alcançado. Tem um pouco de viagem, mas com um bocado de realidade.', '1016044335989', '1026231399030'),
('1026653342437', '1020387926088', 'Resp: Resp: Java e aplicações comerciais Stand Alone', '1015331789194', 'Caro nelson... aplicações StandAlone são aquelas aplicações que geralmente rodam somente em um cliente, por exemplo o Word é uma aplicação StandAlone , porém o graW não é , pois ele roda em um servidor. Então a minha pergunta seria, vc acha viável construir sistemas como por exemplo um controle de estoque usando Java Swing (Interface Gráfica para Java), ou será que linguagens convencionais como o Delphi ainda são imbatíveis nesse ponto?<br><br>Respondendo a: <br>Resp: Java e aplicações comerciais Stand Alone', '1019521412057', '1020387870333'),
('1026581987677', '1026319467160', 'Resp: Reunião com os formandos', '1018445108826', 'Concordo com a Ana no que se refere as definições feitas pela comissão onde não foi dada nenhuma opção de escolha aos formandos, apenas tomamos conhecimento do que já havia sido decidido, devendo assim existir uma maior interação entre comissão e formandos<br><br>Respondendo a: <br>Reunião com os formandos', '1024592802696', '1026319232417'),
('1026577973806', '1026319467160', 'Reunião com os formandos', '1024519872238', 'O que acontece é que a comissão precisa de um orçamento base pra chegar a um valor para formatura e em cima desse valor fechar com a empresa de eventos e começar a arrecadar dinheiro através das mensalidades, rifas, etc. Sendo assim a comissão analisou todas as opções tipo: locais dos eventos, se ia ter capa nas cadeiras, vela nas mesas, passadeira na igreja,... e depois de extensa discussão, levando em conta sempre a relação custo/beneficio, chegou ao orçamento que foi apresentado formalmente aos formandos no começo da última semana em sala de aula tanto pela manhã como pela tarde. <br><br>O orçamento é a proposta de formatura da comissão para os formandos. A partir do momento que a proposta é apresentada os formandos vão se manifestar, aprovando-a ou não. Quando eu escrevi que a comissão iria apresentar o orçamento para discussão e questionamento eu não fui claro o suficiente: A formatura só vai acontecer quando os formandos aprovarem o orçamento em votação (como maioria).<br><br>Coisas como cor da roupa dos formandos devem ser decididas no futuro no mesmo formato pois a questão financeira é decisiva agora. <br><br>É bom que esta discussão esteja acontecendo pra que fique definido o papel de todos na formatura. A metodologia da comissão é exatamente como o orçamento, uma proposta. Se os formandos não estão satisfeitos operar-se as mudanças que tiverem de ser feitas. O objetivo é realizar uma festa bonita e viavel financeiramente.<br><br>Respondendo a: <br>Resp: Resp: Reunião com os formandos', '1024592802696', '1026319232417'),
('1026508962194', '', 'E-mail da Ana sobre as Reuniões !!!', '1020369242464', 'Gostaria de dizer que o email que mandei para a lista do graw sobre uma reuniao com as alegações e nao elagações :))) que tinha escrito no email foi em virtude do que está acontecendo sobre as decisoes que estão sendo realizadas atualmente ou melhor a maneira que estão sendo realizadas.<br><br>Em primeiro lugar gostaria de parabenizar as pessoas que se pronunciaram para participar da organização da formatura, porém, se entendi bem pelo email do João, acho que a Ana está com toda razão e que devemos nos reunir num horario oportuno para ambas as turmas de formandos (manha e tarde), para analizarmos essa situação.<br><br>Bem, finalizando gostaria de dizer que uma comissao de formatura é feita para mostrar varias proposta para serem decididas por todos os formandos e não decidir para que haja questionamento.<br><br>Obs.: Mandei outro email p/ lista falando sobre isso, mas acho que houve algum problema.<br><br>Obrigada, Alcimeire.', '1024592802696', '1026319232417'),
('1026415456638', '1026319467160', 'Resp: Resp: Reunião com os formandos', '1019700068942', 'Joao<br>Primeiro obrigada por ter respondido a minha pergunta. Voce falou que a comissão é quem irá decidir as coisas como os locais de baile, colação etc. Tudo bem, eu acho que seria interessante que a comissão buscasse os locais e oferecesse  opções aos formandos e nao só comunicasse os locais já definidos. Quanto a roupa tambem sera a só a comissao que definira a cor? Desculpe se estou sendo chata, mas acho que deveria ter reuniões entre os formandos e que todos tivessem alguma decisão.<br>Obrigada <br><br><br>Respondendo a: <br>Resp: Reunião com os formandos', '1024592802696', '1026319232417'),
('1026319467160', '', 'Reunião com os formandos', '1019700068942', 'Gostaria de saber se as reuniões citadas no graw são só para os participantes da comissão ou se haverá alguma reunião para os outros formandos Gostaria de saber também se todos os formandos podem participar nas horas de decisão ou se só é a comissão de formatura que decide as coisas, tipo baile, missa. rifas, etc<br>Obrigada', '1024592802696', '1026319232417'),
('1026352254445', '1020387926088', 'Resp: Java e aplicações comerciais Stand Alone', '1018517966065', 'O que são aplicações Stand Alone!?', '1019521412057', '1020387870333'),
('1026393814529', '1026319467160', 'Resp: Reunião com os formandos', '1024519872238', 'As reuniões semanais são pra comissão se encontrar(manhã/tarde) e fazer avaliações sobre o que foi feito durante a semana e planejar as atividades da próxima semana. Não temos tido problema algum com outros formandos acompanhando as reuniões como observadores que são bem-vindos.<br><br>A escolha dos itens da formatura como os locais dos eventos, por exemplo, É feita pela comissão e depois repassada através do Graw se houver algum tipo de descontentamento quanto as decisões o forum é a ferramenta ideal para gerar a discussão e se for uma opinião da maioria A comissão terá de rever sua decisão. O formando tb pode conversar com qualquer membro da comissão normalmente na UFAL.', '1024592802696', '1026319232417'),
('1021058623939', '', 'Alimentação, movimentação, respiração e pensamento.', '1021056706145', 'São os quatro pontos cardeais para transformação do indivíduo. ', '1019939868602', '1021058089792'),
('1026269349606', '1026232027895', 'Resp: Que bicho é esse?', '1017145015032', 'bem, acho que a matéria é bem interessante, e nos faz pensar se tudo o que muitas vezes vimos em filmes como \'Inteligência Artificial\', robôs pensando e agindo como seres humanos, estaria realmente longe de uma futura realidade.<br>De um lado encontram-se os que afirmam que isso é perfeitamente possível, como Kurzweil; do outro estão aqueles que acham que isso não passa de uma ilusão, e aí podemos incluir Lanier.<br>Será que poderíamos especular qual das duas correntes de pensamento estaria correta, se não temos ainda uma compreensão completa do que é o ser humano, tanto no sentido psicológico quanto no biológico ?<br>Acho que não.<br>Podemos portanto, tomar como base, a teoria filosófica de que o homem é feito de razão e emoção, e em cima dela fazer algumas previsões a respeito da viabilidade de pelo menos parte de tudo aquilo que vêem sendo proposto.<br>Por exemplo, será que teremos máquinas superinteligentes, que sejam capazes de nos tornar obsoletos ?<br>Acho que sim, pelo menos no meu ponto de vista. Basta que para isso partamos da definição de razão : \'Faculdade intelectual que permite ao homem formular conceitos ou princípios universais, através das idéias do raciocínio e do juízo.\', que é justamente o que se vem realizando com alguns sistemas de computação. O tempo trará ao homem o conhecimento necessário para tornar isso realidade, e tomara que traga também bom senso, para que se possa evitar a desgraça antes mesmo que ela aconteça.', '1016044335989', '1026231399030'),
('1026232027895', '', 'Que bicho é esse?', '1024938674289', 'Pessoal, acho que com este início de curso já dar para discutirmos sobre a IA, expressar opiniões etc... Assim:<br>   - O que voces estão achando dessa nova área de estudo?<br>   - Já descobiram tudo que a IA já fez e pode fazer? Onde voces acham que vamos chegar?<br>   - O que voces acharam da matéria da Super Iteressante?<br>   - Gostaram das idéias de Ray Kurzweil :), das reações e opniões de Bill Joy, Jaron Lanier e outros...<br><br>Falem a vontade e discutam bastante!<br><br>[]´s<br>  Aydano<br>   <br>', '1016044335989', '1026231399030'),
('1026178089620', '1026163305691', 'Resp: redução de custos / levantamento de fundos', '1015331789194', 'Como assim um seminário de informática ???<br>Além disso qual o orçamento inicial incluindo todas as despesas ?', '1024592802696', '1026163065926'),
('1024409914130', '', 'Desenvolvimento de Jogos', '1018362443321', 'Uma página muito interessante com diversos tópicos sobre programação voltada para a área de jogos.<br><br>www.gamedev.net', '1019503684356', '1019522197038'),
('1024934932230', '', 'LAN Party - Onde e Quando?', '1019139944399', 'Aí galera... coloquem aqui as opiniões de vocês sobre onde e quando deve ser a festa, vamos discutir aqui para chegarmos a um lugar e um dia melhor para todos.', '1019742207241', '1024934816818'),
('1025179598638', '', 'Linguagem  Assembly', '1018878153623', 'Para cada arquitetura de computadores há uma linguagem assembly, ou para cada processador há uma linguagem assembly diferente ?', '1015439199628', '1019929104096'),
('1025179808859', '', 'Linguagem Assembly', '1018878153623', 'Para cada arquitetura de computadores há uma linguagem assembly, ou para cada processador há uma linguagem assembly diferente ?', '1015439199628', '1025179698958'),
('1026163305691', '', 'redução de custos / levantamento de fundos', '1024519872238', 'Este forum sera utilizado para trocarmos idéias de como:<br>  - economizar nos gastos<br>  - lenvantar fundos alternativos.<br>Questão número um:<br>  Uma festa é viável? Quem estaria disponivél a ajudar \'relamente\'?<br>Questão número dois:<br>  Um seminário de informática é viável?  Quem estaria disponivél a ajudar \'relamente\'?', '1024592802696', '1026163065926'),
('1026173476828', '1026163305691', 'Resp: redução de custos / levantamento de fundos', '1019087441845', 'acho que seria bem adequado uma definição de como ajudar \'realmente\' pra ficar mais claro.. a festa é uma coisa que se deve discutir porque pode ser q cada um fazendo a sua festa com seus familiares e amigos seja mais pratico.. e mais razoável..', '1024592802696', '1026163065926'),
('1025205903286', '', 'Configurando Server-Linux', '1025203222825', 'Quias os parametros necessários para configuração de uma rede Linux como servidor e (R)Windows 9X ou superior como Front-end, para confirmação e manipulação de dados pelo usuário final?', '1019795057341', '1020224335081');
# --------------------------------------------------------

#
# Estrutura da tabela `monitors`
#

DROP TABLE IF EXISTS `monitors`;
CREATE TABLE `monitors` (
  `userID` varchar(25) NOT NULL default '',
  `disciplineID` varchar(25) NOT NULL default '',
  `academicCourseID` varchar(25) NOT NULL default '',
  `departamentID` varchar(25) NOT NULL default '',
  `instituteID` varchar(25) NOT NULL default '',
  PRIMARY KEY  (`userID`,`disciplineID`,`academicCourseID`,`departamentID`,`instituteID`)
) TYPE=MyISAM;

#
# Extraindo dados da tabela `monitors`
#

INSERT INTO `monitors` (`userID`, `disciplineID`, `academicCourseID`, `departamentID`, `instituteID`) VALUES ('1015331789194', '1016044335989', '1010426419860', '1010362252870', '1010357067520'),
('1015331789194', '1016045744316', '1010426419860', '1010362252870', '1010357067520'),
('1015331789194', '1025280704476', '1010426419860', '1010362252870', '1010357067520'),
('1015347803599', '1025280704476', '1010426419860', '1010362252870', '1010357067520'),
('1015439644996', '1016044335989', '1010426419860', '1010362252870', '1010357067520'),
('1017752939512', '1016044335989', '1010426419860', '1010362252870', '1010357067520');
# --------------------------------------------------------

#
# Estrutura da tabela `professor`
#

DROP TABLE IF EXISTS `professor`;
CREATE TABLE `professor` (
  `userID` varchar(25) NOT NULL default '',
  PRIMARY KEY  (`userID`)
) TYPE=MyISAM;

#
# Extraindo dados da tabela `professor`
#

INSERT INTO `professor` (`userID`) VALUES ('1015438291312'),
('1017272177286'),
('1017928643716'),
('1018271591200'),
('1018372172359'),
('1018466256322'),
('1019484142388'),
('1019503247967'),
('1019511473814'),
('1024938674289'),
('1025779965235'),
('1025794822125'),
('1025887954643'),
('1027802201421'),
('1028134962805'),
('1028572422016');
# --------------------------------------------------------

#
# Estrutura da tabela `resourcecategory`
#

DROP TABLE IF EXISTS `resourcecategory`;
CREATE TABLE `resourcecategory` (
  `categoryID` varchar(25) NOT NULL default '',
  `description` varchar(255) NOT NULL default '',
  PRIMARY KEY  (`categoryID`),
  UNIQUE KEY `categoryID` (`categoryID`),
  KEY `categoryID_2` (`categoryID`)
) TYPE=MyISAM COMMENT='Category for links and documents';

#
# Extraindo dados da tabela `resourcecategory`
#

INSERT INTO `resourcecategory` (`categoryID`, `description`) VALUES ('1017690928896', 'Slides correspondentes às duas primeiras aulas'),
('1017770356770', 'Ferramentas para desenvolver sistemas especialistas'),
('1017770537488', 'Lista de congressos de 2002'),
('1017825799585', 'Tutoriais a respeito dos assuntos vistos nesta disciplina.'),
('1017826613995', 'Links de diversos grupos de pesquisa, e sites pessoais de pesquisadores da área de Inteligência Artificial.'),
('1017865042185', 'Aspectos de Segurança em Comércio Eletrônico'),
('1017931586279', 'Documentos sobre segurança em comércio eletrônico'),
('1018630474849', 'Material do curso'),
('1019078307412', 'Trabalhos de Alunos'),
('1019163453706', 'Trabalhos de Alunos'),
('1019489367134', 'Relação dos slides e apresentações referentes a Sistemas Especialistas'),
('1019679086951', 'url do site do professor Marcus'),
('1019730282074', 'Pagina muito interessante sobre java e codigo nativo'),
('1019742874857', 'Sobre Internet 2'),
('1019743717416', 'Sobre congressos de redes e internet'),
('1019745181654', 'Fatos e novidades no mundo da rede e da Internet!'),
('1019746014215', 'Informações, tutoriais, manuais, etc.'),
('1019746342396', 'Cursos, graduações, pos-graduações, mestrados, doutorados...'),
('1019746775672', 'Downloas de programas para rede e internet!'),
('1019841061316', 'Conjunto de textos que explica a sintaxe da linguagem C, produzido pelo Professor Ailton Cruz'),
('1019842155120', 'Linguagem C'),
('1019926154496', 'Nesta url pode-se encontrar algo no tema e sendo concretizado aqui no Brasil'),
('1020223863529', 'Algumas dicas sobre Linux'),
('1020389449332', 'Links de departamentos, universidades, entre outras do meio que abranja programação'),
('1020806576321', 'Links para trabalhos de alunos'),
('1021498062999', 'Seminários referentes ao ano de 2002'),
('1021719155697', 'textos do professor Tomio Kikuchi'),
('1022419585376', 'Livros Eletrônicos'),
('1022420056192', 'Listas de discussão sobre inglês'),
('1022420328970', 'Sites que abordam assuntos sobre a gramática inglesa.'),
('1024061253776', 'Textos e slides'),
('1025117940382', 'Textos e outros documentos'),
('1025212982938', 'Material essencial para o andamento do curso'),
('1025216239540', 'Arquivos texto contendo resumo das reuniões da comissão e formandos'),
('1025216428534', 'Arqiuvos com dados referntes ao orçamento da formatura'),
('1025704781499', 'Slides'),
('1025729124135', 'Trabalhos solicitados durante o curso'),
('1026230939305', 'Links para diversas aplicações da Inteligência Artificial'),
('1026241820579', 'documentos variados'),
('1026409984574', 'Compartilhadores de conexão com a internet'),
('1027771450280', 'Transparências e textos usados nas aulas'),
('1026925052958', 'Sobre imagens digitais e suas aplicações'),
('1027195308669', 'lementos  de t. dos conjuntos, coantagem, indução finita, etc'),
('1027385689839', 'Informações gerais'),
('1027386189782', 'Documentos iniciais'),
('1028296370008', 'textos, soluções, resultados'),
('1028462355815', 'Links Relacionados'),
('1028463831434', 'Director 7'),
('1029358038708', 'Links sobre a notação padrão para modelagem de software orientada a objetos criada por Booch, Rambaugh e Jacobson.'),
('1029358190259', 'Links sobre boas práticas de programação OO, especialmente no mundo Java.'),
('1029358233861', 'Links sobre padrões de projeto de sucesso no mundo OO.'),
('1029361031715', ' Links sobre a notação padrão para modelagem de software orientada a objetos criada por Booch, Rambaugh e Jacobson.'),
('1029511090381', 'Material escrito, apresetações...'),
('1029862185675', 'Listas de IA');
# --------------------------------------------------------

#
# Estrutura da tabela `scheduler`
#

DROP TABLE IF EXISTS `scheduler`;
CREATE TABLE `scheduler` (
  `codigo` int(11) NOT NULL auto_increment,
  `userID` varchar(25) NOT NULL default '',
  `data` date NOT NULL default '0000-00-00',
  `hora` varchar(5) NOT NULL default '',
  `compromisso` longtext,
  `aviso` smallint(6) NOT NULL default '0',
  `communityID` varchar(25) NOT NULL default '',
  PRIMARY KEY  (`codigo`)
) TYPE=MyISAM;

#
# Extraindo dados da tabela `scheduler`
#

INSERT INTO `scheduler` (`codigo`, `userID`, `data`, `hora`, `compromisso`, `aviso`, `communityID`) VALUES (1, '1015439644996', '2002-03-18', '13:30', 'Prova de cálculo 2', 3, ''),
(17, '1016108706472', '2002-03-14', '13:30', 'Prova de Banco de Dados', 1, ''),
(35, '1018362443321', '2002-04-18', '20:00', 'Reposição de cálculo', 0, ''),
(38, '1018805037297', '2002-04-18', '17:30', 'prova oral de inglês', 1, ''),
(11, '1015331789194', '2002-03-11', '10:30', 'Prova de Banco de Dados', 4, ''),
(5, '1015439644996', '2002-04-09', '10:30', 'Prova de BD1: Normalização', 5, ''),
(6, '1015439644996', '2002-04-16', '10:30', 'Prova de BD1: Projeto Físico', 5, ''),
(7, '1015439644996', '2002-03-20', '09:30', 'Apresentação da modelagem de Programação 2', 5, ''),
(8, '1015439644996', '2002-03-22', '08:30', 'Trabalho de Análise: Entrega do projeto de Sistema de Controle de Crediário', 5, ''),
(16, '1015626066512', '2002-03-15', '19:00', 'Aula de e-Marketing', 0, ''),
(10, '1015439644996', '2002-03-14', '09:30', 'Prova de BD1: Álgebra Relacional, QBE e SQL (modela relacional)', 4, ''),
(12, '1015439644996', '2002-03-23', '00:00', 'Show em Recife do grupo Gen Verde', 5, ''),
(13, '1015626162712', '2002-03-12', '14:30', 'Reuniao no amanda´s bar', 0, ''),
(14, '1015439644996', '2002-03-13', '13:30', 'tentar fazer alguma questão de calculo 2 com o programa', 2, ''),
(18, '1015347803599', '2002-03-15', '11:30', 'Pegar Livro na Biblioteca. Marcos Cobra - Administração do Marketing', 0, ''),
(19, '1015439644996', '2002-03-20', '00:00', 'Continuar parte do projeto graW.. composição da comunidade com linkcategory e documentcategory', 1, ''),
(20, '1015285291259', '2002-03-20', '12:00', 'Testando Agenda.', 1, ''),
(21, '1015285291259', '2002-03-29', '03:00', 'teste', 1, ''),
(22, '1015439644996', '2002-04-30', '00:00', 'Último dia de inscrição no concurso da google http://www.google.com/programming-contest/', 15, ''),
(23, '1015347803599', '2002-03-24', '00:00', 'tewhedfjfg', 0, ''),
(26, '1015438291312', '2002-04-01', '00:00', 'Todos os alunos deverão refletir sobre o estudo de caso a ser apresentado hoje, buscando identificar as oportunidades para Gestão do Conhecimento numa situação/empresa específica, que tem verificado queda de desempenho no seu negócio.', 2, ''),
(27, '1017523453083', '2002-04-02', '15:00', 'Verificar velocidade da rede.', 0, ''),
(28, '1017523453083', '2002-04-05', '20:00', 'Reunião do CCB sobre a formatura.', 0, ''),
(36, '1018805037297', '2002-04-19', '11:30', 'médica', 1, ''),
(37, '1018805037297', '2002-04-18', '08:00', 'prova de complementos', 1, ''),
(34, '1018362443321', '2002-04-16', '18:00', 'Prova de cálculo', 0, ''),
(42, '1015438291312', '2002-04-22', '03:00', 'Apresentação do Gr@W', 1, ''),
(41, '1019476177508', '2002-04-22', '16:00', 'Apresentar o trabalho de Introdução!!', 1, ''),
(43, '1019139944399', '2002-05-13', '09:00', 'Fazer a matricula na UFAL', 1, ''),
(44, '1018466132243', '2002-04-24', '02:30', 'Seminário de bioinformática\r\nFerramentas de Busca - BLAST e FASTA', 0, ''),
(45, '1019503912147', '2002-04-30', '10:00', 'tenho apresentacao.', 0, ''),
(46, '1019484142388', '2002-05-02', '14:00', 'Reunião com Alex  e\r\nAntônio Fernando', 1, ''),
(47, '1018619379980', '2002-05-07', '08:30', 'Pré-matrícula da galera do 2º ano.', 0, ''),
(48, '1018619379980', '2002-05-10', '10:00', 'Ir ao Centro de Registros do CEFET para pegar o Histórico Escolar.', 1, ''),
(51, '1015439644996', '2002-06-12', '00:00', '2121\r\n', 1, ''),
(52, '1019070831131', '2002-06-14', '04:00', 'Estudar cal.', 0, ''),
(54, '1024594709116', '2002-06-26', '16:00', 'Trabalho de Computação Gráfica: sites de empresas que utilizam recursos de CG.', 1, ''),
(55, '1024972245024', '2002-06-27', '13:00', 'Reuniao do grupo de metodos formais!!', 0, ''),
(71, '1026153126144', '2002-07-17', '16:30', 'Entrega do 2º trabalho de C.G.', 0, ''),
(69, '1024519872238', '2002-07-31', '16:00', 'Fim do prazo para o pagamento da mensalidade de julho', 5, ''),
(70, '1024519872238', '2002-08-01', '09:00', 'Inicio do pagamento da mensalidade de Agosto', 0, '1024592802696'),
(62, '1024519872238', '2002-06-27', '13:30', 'Reunião da comissão de formatura', 5, '1024592802696'),
(72, '1016734899516', '2002-07-30', '13:30', 'Primeira Prova de SO/Redes 2\r\nCap. 8', 5, ''),
(73, '1016734899516', '2002-08-13', '13:30', 'Segunda prova de SO/Redes 2\r\nCap. 7', 5, ''),
(74, '1026420891004', '2002-07-23', '15:00', 'Prova de Física', 0, ''),
(75, '1026420891004', '2002-07-12', '01:00', '1º Trabalho de CG', 0, ''),
(76, '1026420891004', '2002-07-19', '00:00', '2º Trab. CG (Cores)', 0, ''),
(77, '1026218361696', '2002-07-13', '08:30', 'Prova de Cálculo I', 1, ''),
(78, '1025056925487', '2002-07-13', '10:00', 'Prova de SO dia 30/07(cap.8)', 5, ''),
(99, '1025056925487', '2002-08-19', '13:30', 'Apresentação do trabalho de BD', 5, ''),
(100, '1025203222825', '2002-08-22', '07:00', 'trabalho de teoria', 0, ''),
(81, '1017523453083', '2002-07-15', '06:00', 'relatorio final do pibic', 0, ''),
(82, '1017145015032', '2002-07-20', '09:00', 'reunião para término do projeto do gradalon, na UFAL.', 1, ''),
(83, '1017145015032', '2002-08-10', '16:00', 'pegar primeira parcela do pagamento do restando do curso de suporte e gerenciamento de redes.', 1, ''),
(84, '1025056925487', '2002-08-02', '16:00', 'Entrega do trabalho3 de CG', 5, ''),
(89, '1025709950535', '2002-07-30', '10:00', 'Prova de Tópicos de Matemática para Computação ( Capítulos 1 e 2).', 2, ''),
(87, '1019737602440', '2002-08-07', '10:00', 'Prova de Estrutura de Dados - Assunto : Hora 1,2 e 3.', 0, ''),
(88, '1019737602440', '2002-08-06', '10:00', 'Prova de Lógica', 0, ''),
(90, '1025709950535', '2002-07-30', '16:00', 'Prova de Programação 1', 2, ''),
(95, '1028209117615', '2002-08-16', '08:00', 'Prova de Computação Gráfica e entrega do trabalho nº 03', 1, ''),
(94, '1025056925487', '2002-08-12', '13:30', 'Apresentação do trabalho de BD', 5, ''),
(96, '1028309076561', '2002-08-02', '15:00', 'entregar o trabalho de informatica', 0, ''),
(97, '1025056925487', '2002-08-14', '16:00', 'Prova de Computação Gráfica', 5, ''),
(98, '1025056925487', '2002-08-13', '13:30', 'Prova de SO(cap.8)', 5, '');
# --------------------------------------------------------

#
# Estrutura da tabela `state`
#

DROP TABLE IF EXISTS `state`;
CREATE TABLE `state` (
  `stateID` tinyint(2) NOT NULL auto_increment,
  `stateUF` char(2) NOT NULL default '',
  `description` varchar(30) NOT NULL default '',
  PRIMARY KEY  (`stateID`)
) TYPE=MyISAM;

#
# Extraindo dados da tabela `state`
#

INSERT INTO `state` (`stateID`, `stateUF`, `description`) VALUES (1, 'AC', 'Acre'),
(2, 'AL', 'Alagoas'),
(3, 'AP', 'Amapá'),
(4, 'AM', 'Amazonas'),
(5, 'BA', 'Bahia'),
(6, 'CE', 'Ceará'),
(7, 'DF', 'Distrito Federal'),
(8, 'ES', 'Espírito Santo'),
(9, 'GO', 'Goiás'),
(10, 'MA', 'Maranhão'),
(11, 'MT', 'Mato Grosso'),
(12, 'MS', 'Mato Grosso do Sul'),
(13, 'MG', 'Minas Gerais'),
(14, 'PA', 'Pará'),
(15, 'PB', 'Paraíba'),
(16, 'PR', 'Paraná'),
(17, 'PE', 'Pernambuco'),
(18, 'PI', 'Piauí'),
(19, 'RJ', 'Rio de Janeiro'),
(20, 'RN', 'Rio Grande do Norte'),
(21, 'RS', 'Rio Grande do Sul'),
(22, 'RO', 'Rondônia'),
(23, 'RR', 'Roraima'),
(24, 'SC', 'Santa Catarina'),
(25, 'SP', 'São Paulo'),
(26, 'SE', 'Sergipe'),
(27, 'TO', 'Tocantins');
# --------------------------------------------------------

#
# Estrutura da tabela `student`
#

DROP TABLE IF EXISTS `student`;
CREATE TABLE `student` (
  `userID` varchar(25) NOT NULL default '',
  PRIMARY KEY  (`userID`)
) TYPE=MyISAM;

#
# Extraindo dados da tabela `student`
#

INSERT INTO `student` (`userID`) VALUES ('1015331789194'),
('1015347803599'),
('1015439644996'),
('1016224005196'),
('1016302913498'),
('1016563792202'),
('1016575802563'),
('1016645351524'),
('1016645622861'),
('1016687252266'),
('1016730061655'),
('1016734899516'),
('1017056954518'),
('1017081590858'),
('1017145015032'),
('1017148443627'),
('1017230367133'),
('1017232383457'),
('1017523453083'),
('1017680882034'),
('1017752764345'),
('1017752939512'),
('1017770043725'),
('1017770512556'),
('1017927390789'),
('1017950139331'),
('1018351830989'),
('1018362443321'),
('1018369114777'),
('1018445108826'),
('1018452384965'),
('1018452532035'),
('1018452664829'),
('1018471144727'),
('1018471180982'),
('1018487936089'),
('1018517966065'),
('1018530537981'),
('1018530873710'),
('1018531000848'),
('1018531312709'),
('1018619379980'),
('1018630512794'),
('1018631323596'),
('1018651691296'),
('1018878153623'),
('1018995994873'),
('1019049525378'),
('1019050866592'),
('1019050994833'),
('1019062580257'),
('1019070831131'),
('1019070885655'),
('1019071557673'),
('1019072257712'),
('1019087441845'),
('1019139944399'),
('1019152954166'),
('1019234882319'),
('1019251974097'),
('1019422436314'),
('1019422479744'),
('1019423755498'),
('1019446197310'),
('1019476177508'),
('1019492177417'),
('1019492372246'),
('1019499371730'),
('1019500530252'),
('1019502819145'),
('1019503912147'),
('1019513721235'),
('1019524316114'),
('1019524452416'),
('1019579917706'),
('1019581119050'),
('1019591143638'),
('1019600236718'),
('1019649511805'),
('1019676386491'),
('1019677327950'),
('1019700068942'),
('1019737602440'),
('1019740508186'),
('1019742463738'),
('1019744987191'),
('1019749233901'),
('1019785357974'),
('1019830851073'),
('1019843336128'),
('1019928394169'),
('1020007158410'),
('1020010433590'),
('1020098106685'),
('1020179615378'),
('1020179692089'),
('1020206016225'),
('1020257330284'),
('1020271910319'),
('1020348347156'),
('1020369242464'),
('1020538312693'),
('1020698256660'),
('1021255187421'),
('1021263388215'),
('1021486913977'),
('1021487095814'),
('1022090270729'),
('1022616980159'),
('1022709335788'),
('1023459951983'),
('1023589893786'),
('1023908912014'),
('1024336496530'),
('1024421269647'),
('1024519872238'),
('1024583228543'),
('1024583349330'),
('1024594709116'),
('1024849865771'),
('1024946109986'),
('1025029389427'),
('1025029436714'),
('1025030216215'),
('1025056925487'),
('1025173937798'),
('1025192798723'),
('1025201469667'),
('1025203222825'),
('1025457270811'),
('1025702315388'),
('1025702865556'),
('1025703364688'),
('1025709453428'),
('1025709950535'),
('1025801616515'),
('1025803404829'),
('1025875265469'),
('1025877060139'),
('1026140650281'),
('1026141763486'),
('1026149751572'),
('1026153126144'),
('1026218361696'),
('1026312316718'),
('1026407249700'),
('1026420891004'),
('1026662649313'),
('1026669832520'),
('1026676958393'),
('1026751356336'),
('1026751861756'),
('1026756712171'),
('1026763133129'),
('1026824697073'),
('1026826650085'),
('1026838991512'),
('1026841972196'),
('1026928000422'),
('1026933242802'),
('1027005176702'),
('1027018223235'),
('1027032530488'),
('1027094873530'),
('1027101429236'),
('1027346931626'),
('1027349267540'),
('1027427649591'),
('1027431809250'),
('1027530335040'),
('1027537680086'),
('1027615339793'),
('1027615410516'),
('1027742288038'),
('1027795156435'),
('1027949734075'),
('1027959213022'),
('1027964508169'),
('1028032720632'),
('1028033625449'),
('1028033852578'),
('1028036096193'),
('1028036739479'),
('1028036932694'),
('1028058430689'),
('1028173095899'),
('1028209117615'),
('1028225756045'),
('1028226143453'),
('1028285814803'),
('1028286094826'),
('1028330120823'),
('1028552144379'),
('1028676485869'),
('1028729089301'),
('1028898290944'),
('1028922916146'),
('1029328627311'),
('1029346380829'),
('1029683671061'),
('1029784654979'),
('1029897991245');
# --------------------------------------------------------

#
# Estrutura da tabela `teaches`
#

DROP TABLE IF EXISTS `teaches`;
CREATE TABLE `teaches` (
  `userID` varchar(25) NOT NULL default '',
  `communityID` varchar(25) NOT NULL default '',
  PRIMARY KEY  (`userID`,`communityID`)
) TYPE=MyISAM;

#
# Extraindo dados da tabela `teaches`
#

INSERT INTO `teaches` (`userID`, `communityID`) VALUES ('1015438291312', '1015439199628'),
('1015438291312', '1016044335989'),
('1015438291312', '1016045744316'),
('1018466256322', '1025280704476'),
('1019503247967', '1019503684356'),
('1024938674289', '1016044335989'),
('1025779965235', '1025704105442'),
('1025779965235', '1026427482871'),
('1028134962805', '1029940747770'),
('1028134962805', '1029940909128');
# --------------------------------------------------------

#
# Estrutura da tabela `user`
#

DROP TABLE IF EXISTS `user`;
CREATE TABLE `user` (
  `userID` varchar(25) NOT NULL default '',
  `kindOfUserID` char(1) NOT NULL default '',
  `name` varchar(100) NOT NULL default '',
  `login` varchar(25) binary NOT NULL default '',
  `password` varchar(25) binary NOT NULL default '',
  `email` varchar(50) NOT NULL default '',
  PRIMARY KEY  (`userID`)
) TYPE=MyISAM;

#
# Extraindo dados da tabela `user`
#

INSERT INTO `user` (`userID`, `kindOfUserID`, `name`, `login`, `password`, `email`) VALUES ('12345', 'A', 'Cidorvan dos Santos Leite', 'cirdova', '773359240eb9a1d9', 'x@y.com'),
('1016687252266', 'S', 'André Ferreira Alécio Gomes', 'andre', '1027374b2219187d', 'andrealecio@msn.com'),
('1015331789194', 'S', 'Rodrigo de Barros Paes', 'mosca', '27ac75870d34bf68', 'r0drigopaes@yahoo.com.br'),
('1015347803599', 'S', 'Glauber Vinícius Ventura de Melo Ferreira', 'glauber', '5fde0aee0d4547a0', 'glaubervinicius@hotmail.com'),
('1016224005196', 'S', 'Bruno Oliveira', 'chukulate', '53ea2bed6e169c9a', 'bruno_ufal@yahoo.com.br'),
('1015438291312', 'P', 'Evandro de Barros Costa', 'evandro', '16aa58293cbd23af', 'ebc@fapeal.br'),
('1015439644996', 'S', 'Marcello Junior', 'marcellojunior', '1b40356575f35c30', 'marcellojunior@hotmail.com'),
('1016302913498', 'S', 'Augusto César', 'augusto', '696f4b614e459939', 'augustocmo@hotmail.com'),
('1015626066512', 'E', 'Antonio Neto', 'toni', '04fa377e703ed884', 'toni@ofm.com.br'),
('1015626162712', 'E', 'JOSÉ ROBERTO CARDOZO MOTA', 'Roberto', '504a19bf59e33222', 'jrcmota@uol.com.br'),
('1016730061655', 'S', 'David Fernandes França', 'dafef', '0f8a5adf21eb417d', 'dafef@hotmail.com'),
('1016734899516', 'S', 'Stefany Cavalcante Gomes', 'scg', '1687171e40ee13b2', 'stefany@ofm.com.br'),
('1017081590858', 'S', 'MARIANA CONDE BARROS', 'MARIANA', '7ebcf56a7dd611c0', 'mcb@tci.ufal.br'),
('1016141203421', 'E', 'Antônio Fernando de Sousa Bezerra', 'antonio', '4704534b47085407', 'afsb@fapeal.br'),
('1016563792202', 'S', 'Flavio Pereira', 'flavio', '3928b4954db44fe0', 'flaviogum@yahoo.com.br'),
('1016575802563', 'S', 'Eunice', 'eups', '6fdce35009c596a4', 'eps@tci.ufal.br'),
('1017145015032', 'S', 'emerson cavalcante loureiro filho', 'emerson', '3f5dab1d30e69977', 'nevermind@ofm.com.br'),
('1016645351524', 'S', 'Adauto Cabral Torres', 'adauto', '60d2e1b54b91ac27', 'act@npd.ufal.br'),
('1017056954518', 'S', 'J.Ricardo Oliveira', 'ricardo', '722ab32b7e8f2811', 'jricardo_so@hotmail.com'),
('1016645622861', 'S', 'Roberta Figueiredo Ataide', 'roberta', '67702c5662fedb3f', 'roberta.ufal@bol.com.br'),
('1017148443627', 'S', 'Sunny Kelma Oliveira Miranda', 'sunnkell', '6c506b8d38798218', 'sunnkell@hotmail.com'),
('1017230367133', 'S', 'Alex Moreira Müller', 'alex', '687709ff2a9c4270', 'alexmuller@bol.com.br'),
('1017232383457', 'S', 'Bergson Brito Barros', 'bbb', '72b66c90115220c7', 'bergsonbrito@ieg.com.br'),
('1017272177286', 'P', 'Mestre', 'master', '0d8c7b2e3f25a91e', 'master@tci.ufal.br'),
('1017523453083', 'S', 'Moacy Barros Correia da Silva', 'moacy', '4ba4bb304dac254e', 'mbcs@tci.ufal.br'),
('1017680882034', 'S', 'Frederico Moreira Bublitz', 'fbublitz', '661f856b2203e7b9', 'fbublitz@hotmail.com'),
('1017684430812', 'E', 'Francisco Rosário', 'gestao', '54169c02575bd381', 'rosarionet@bol.com.br'),
('1017743529907', 'E', 'Romilton Duarte Porciuncula', 'romilton', '6c25f80d2e2608ec', 'romilton@bol.com.br'),
('1017752764345', 'S', 'Rosemeire Lima da Silva', 'meire', '7a0c9fc014c7c5ba', 'rosemeirelima@yahoo.com.br'),
('1017752939512', 'S', 'Patrick Henrique da Silva Brito', 'patrick', '0a28a84111d27c18', 'phsb@ieg.com.br'),
('1017759684113', 'E', 'Michelle Marie Regis Ferreira Rosendo', 'michellemrf', '3e61273262966cdd', 'michellemrf@hotmail.com'),
('1017770043725', 'S', 'Túlio Fernando Lopes Silva', 'tuliofernando', '34bce6020d26ec36', 'tuliofernando@hotmail.com'),
('1017770512556', 'S', 'Julian Diego Herrera Braga', 'julianherrera', '4362e3485c354e64', 'julianherrera@uol.com.br'),
('1017800925273', 'E', 'Valeriano Queiroz de Vasconcelos', 'Valerio', '60b883062295ecb9', 'valerioqv@uol.com.br'),
('1017863472602', 'E', 'Heitor Soares Ramos Filho', 'heitor', '15d6f0b75ffb78f6', 'heitor@npd.ufal.br'),
('1017867494052', 'E', 'Antônio de Pádua Vidigal Diniz', 'AntonioPVD', '01c8c7e61c0ad13c', 'antoniod@correios.com.br'),
('1017919219114', 'E', 'Wilma Salgueiro de Almeida', 'wilma', '564d892a5498024e', 'wilmasalgueiro@correios.com.br'),
('1017926831200', 'E', 'Cristiano Sampaio Valões da Rocha', 'cristianovaloes', '20f5c3844fe80db5', 'cristianovaloes@hotmail.com'),
('1017926852704', 'E', 'Fábio José Rodrigues Pinheiro', 'fabiopinheiro', '10ab3d6d7d14a3df', 'fabiopinheiro@hotmail.com'),
('1017927390789', 'S', 'Jardel Araújo Gomes Ferreira', 'Jardel', '67c66dbc27cb6776', 'jagf@tci.ufal.br'),
('1017928354457', 'E', 'Hélio Martins do Nascimento Júnior', 'helio', '70a122ae05acc3ce', 'helio@fapeal.br'),
('1017928643716', 'P', 'Paulo da Cruz Freire dos Santos', 'dacruz', '123a1e2504f2ab7b', 'freyre@iname.com'),
('1017950139331', 'S', 'Glória Adelia de Carvalho Freitas', 'gloria', '40c4aaf83cf7d585', 'gacf@tci.ufal.br'),
('1018012753846', 'E', 'Emmanuelle Gusmão de Mendonça', 'emmanuellegm', '6986b1d434214797', 'manulelle@hotmail.com'),
('1018041208928', 'E', 'Gustavo Aragão', 'gustavoj', '430cf3b870ab3ade', 'gustavojeferson@zipmail.com.br'),
('1018271591200', 'P', 'Diniz Fireman de Araújo Filho', 'diniz', '2d4ff40e42e43480', 'fireman@tci.ufal.br'),
('1018286709116', 'E', 'Alexandre Santos', 'alex_paes', '0ac54c1c7e8a52f8', 'alex_paes@gazetaweb.com'),
('1018351830989', 'S', 'vitorio', 'vitorio', '09b6a2e6387e5ce0', 'vac@tci.ufal.br'),
('1018362443321', 'S', 'Wallace Franco de Azevedo Nogueira', 'wallacenogueira', '3aebe46a0343eaad', 'wallace_nogueira@hotmail.com'),
('1018369114777', 'S', 'André Atanasio Maranhão Almeida', 'atanasio', '0f883c6040f9cd1e', 'andre_atanasio@hotmail.com'),
('1018372172359', 'P', 'Cledja Rolim', 'cledja', '0cfbc70f13fae664', 'cledja@yahoo.com.br'),
('1018377048288', 'E', 'Josy Forster', 'josy', '2c93b96f51596d0e', 'josyforster@bol.com.br'),
('1018388296174', 'E', 'Jose Luiz Lemos Silva', 'lemos', '587b3af35ea19b7c', 'jllemos@bol.com.br'),
('1018445108826', 'S', 'Benedito Medeiros Costa Neto', 'bmcn', '1465ef277f365afd', 'bmcneto@hotmail.com'),
('1018452384965', 'S', 'Geovani Oliveira Rodrigues', 'Geovani', '17029acd0df97ae4', 'gor@tci.ufal.br'),
('1018452532035', 'S', 'Jonas Fernandes Alves Cordeiro', 'jonas', '3606b8452215a044', 'jonascordeiro@yahoo.com.br'),
('1018452664829', 'S', 'Carlos Henrique da Silva Barros', 'carlos', '191ba671094cf750', 'carloshsbarros@bol.com.br'),
('1018459448841', 'E', 'DIANA DO COUTO REBELO', 'DIANA', '5f672c165dbb1c0a', 'diana.rebelo@saude.gov.br'),
('1018464841413', 'E', 'MAXIMILIANO DE S M HENRIQUES', 'MAX', '15ed6e2251febc63', 'maxh@bol.com.br'),
('1018465886345', 'E', 'Denise Wanderlei Silva', 'dmws', '67f99bd42b5e3dbb', 'dmws@ofm.com.br'),
('1018466089438', 'E', 'Cicero Eduardo Ramalho Neto', 'cern', '130df164116b12b3', 'cern@ofm.com.br'),
('1018466132243', 'E', 'Janice Silva Sales', 'biologa', '5f6696d049202b97', 'ssjanice@hotmail.com'),
('1018466256322', 'P', 'Manoel Agamemnon Lopes', 'mal', '67618449635869e2', 'AgamemnonLopes@aol.com'),
('1018471144727', 'S', 'José Brasiliano de Oliveira Neto', 'zeholiveira', '4716c5d43d31c5b6', 'jbon@tci.ufal.br'),
('1018471180982', 'S', 'Rafael de Medeiros Pacheco', 'Pacheco', '4172ba4b7992072b', 'rmp@tci.ufal.br'),
('1018487936089', 'S', 'Everton Filipe Vieira Rodrigues', 'Everton Filipe', '59fdf30f313b114e', 'efvr@tci.ufal.br'),
('1018517966065', 'S', 'Nelson Carnaúba Tenório', 'Nelson', '7ff36bc643cbbc51', 'ncarnauba@hotmail.com'),
('1018530537981', 'S', 'Felipe Augusto Monteiro de Souza', 'Felipe Souza', '6e8b1c5a48bf8f0c', 'fams@tci.ufal.br'),
('1018530873710', 'S', 'Dorgival da Silva Viana Junior', 'requiem', '7bc0c5ee1834b372', 'dsvj@tci.ufal.br'),
('1018531000848', 'S', 'Nádia Milena Barbosa', 'Milena', '2f816b351221ffdc', 'nmsb@tci.ufal.br'),
('1018531312709', 'S', 'Diogo Ferreira Pacheco', 'dfp', '3d6646b41859fd83', 'dfp@tci.ufal.br'),
('1018619379980', 'S', 'Adam William Lins Soares', 'Adam', '4d1b294b458096a5', 'adam.lins@bol.com.br'),
('1018630512794', 'S', 'Klebson dos Santos Silva', 'klebson', '272077ef34419337', 'klebson_santos@yahoo.com.br'),
('1018630530055', 'E', 'diana do couto rebelo', 'diana', '37864174220dfe73', 'diana.rebelo@saude.gov.br'),
('1018631323596', 'S', 'Lucia Vieira de Lima', 'lucia', '4a43cdbc43ac9158', 'lvl@tci.ufal.br'),
('1018651691296', 'S', 'Cristiane Maria Santos Ferreira', 'cristiane', '28921f6f71c45f23', 'cmsf@tci.ufal.br'),
('1018672878990', 'E', 'Emanoel', 'effernandes', '0d81841a5a02f2db', 'effernandes@bol.com.br'),
('1018805037297', 'E', 'Taise Monique de Oliveira Carvalho', 'taise', '0f09bbc0255f68f3', 'taisemonique@hotmail.com'),
('1018878153623', 'S', 'eanes torres pereira', 'eanes', '38f9062976348065', 'etp@tci.ufal.br'),
('1018995994873', 'S', 'David Medeiros Batinga', 'Batinga', '20ee3a7e168b8bc6', 'dmb@tci.ufal.br'),
('1019049525378', 'S', 'Ana Carolina Oliveira de Souza', 'Carol', '092b51134589c8a2', 'cos@tci.ufal.br'),
('1019050866592', 'S', 'jose givaldo silva laurindo', 'givaldo', '2fbb46f26eec8fc3', 'jgsl@tci.ufal.br'),
('1019050994833', 'S', 'Cárlisson Galdino', 'andarilho', '6ca9a8904ef05fa1', 'arcano@angelfire.com'),
('1019062580257', 'S', 'Thiago José Tavares Ávila', 'tjta', '022d4de35c395ff8', 'thiago-lista@carpathian.combr'),
('1019070831131', 'S', 'Erinaldo Vieira santos', 'erinaldo', '0d6b4c1a34c51192', 'erinaldovs@bol.com.br'),
('1019070885655', 'S', 'Mário César de Albuquerque Pessoa', 'macealpe', '07d6ccd47a890924', 'mcap@tci.ufal.br'),
('1019071557673', 'S', 'Thales Miranda de Almeida Vieira', 'tmav', '59ebc0a369834f38', 'd3xter@uol.com.br'),
('1019072257712', 'S', 'Luciano Rodrigues de Oliveira', 'lro', '43493c9e37b72ed5', 'lro@tci.ufal.br'),
('1019087441845', 'S', 'Ricardo J. M. Santos', 'DeathLok', '011355a0012eca72', 'rjms@tci.ufal.br'),
('1019099663906', 'E', 'Odair Seixas Junior', 'odair', '3b8ff8c849dbe56a', 'odair@oswdesign.com'),
('1019114937006', 'E', 'Jennifer Scott', 'Jenatbeach', '1b40356575f35c30', 'Jenatbeach@aol.com'),
('1019139944399', 'S', 'Julio Gabriel', 'jgsm', '74b816704d1830ce', 'gabriel@garagem.org'),
('1019145886395', 'E', 'André Lins', 'Alla', '6c8bbbc16e5b54a4', 'alla@lux.ufal.br'),
('1019152954166', 'S', 'Iran Rodrigues Gonzaga Júnior', 'iran', '1988718c1d262591', 'irgj@tci.ufal.br'),
('1019193564334', 'E', 'Acchile Biagioli', 'acchile', '2bf374d27131ff33', 'wecanbeone@hotmail.com'),
('1019234882319', 'S', 'Rômulo Nunes', 'romulo', '3cae2dc75217635a', 'rno@tci.ufal.br'),
('1019251974097', 'S', 'Pastor Alexandre, Robson', 'jerimoon', '72b66c90115220c7', 'rpa@tci.ufal.br'),
('1019422436314', 'S', 'José Fictício', 'convidado1', '0ad8f836490b3845', 'convidado1@tci.ufal.br'),
('1019422479744', 'S', 'Antônio Fictício', 'convidado2', '0ad8fc1b490b342a', 'convidado2@tci.ufal.br'),
('1019423755498', 'S', 'Marcos Cerqueira de Araújo Júnior', 'mcaj', '1aeaa2052c55f6f5', 'mcaj@tci.ufal.br'),
('1019425575060', 'E', 'Eleonora Stanziona Viggiano', 'eleonora', '285f7a7f3f38ec20', 'eleonora@solar.com.br'),
('1019446197310', 'S', 'Filipe Antonio Aguiar Cavalcanti de Carvalho', 'Filipe_Aguiar', '6b133513636f33cb', 'faacc@tci.ufal.br'),
('1019476177508', 'S', 'Rafael Porangaba Accioly de Oliveira', 'porangaba', '67d7d75759b4e861', 'rpao@tci.ufal.br'),
('1019484142388', 'P', 'Ailton Cruz dos Santos', 'ailton', '4b8c5c9e75dcfe1c', 'ailton@tci.ufal.br'),
('1019492177417', 'S', 'Thiago Vasconcelos de Albuquerque Lins', 'tval', '356c91a56b7c0f92', 'thval@yahoo.com.br'),
('1019492372246', 'S', 'Cecilia Manzini', 'cmanzini', '056b0bc31d8aabf4', 'ceciliamanzini@yahoo.com.br'),
('1019499371730', 'S', 'Bruno de O. Barros', 'Bruno', '38dbd81a49bf5895', 'brunufal@hotmail.com'),
('1019500530252', 'S', 'Anderson de Souza Andrade', 'AndAndrade', '05c8b3841df72179', 'a.andrades@uol.com.br'),
('1019502819145', 'S', 'Gustavo Malta Oliveira Santos', 'GUGA', '253b54aa77352437', 'gustavomalta@bol.com.br'),
('1019503247967', 'P', 'Jaime Evaristo', 'jaime', '2c9be429339d434c', 'jaime@tci.ufal.br'),
('1019503912147', 'S', 'Jean Guilherme Diniz', 'JeanD', '4872c7a662e53b18', 'jegd@tci.ufal.br'),
('1026312316718', 'S', 'Leandro Melo de Sales', 'leandro', '75a2cc03538007ae', 'leandro@cefet-al.br'),
('1019511473814', 'P', 'Eliana Silva de Almeida', 'eliana', '2becdbd156a6d883', 'eliana@fapeal.br'),
('1019513721235', 'S', 'Julyelson Correia Silva', 'julyelson', '79d4535e29001e75', 'jcs@tci.ufal.br'),
('1019524316114', 'S', 'Luiz Neves Laurindo Júnior', 'luizneves', '1e5063db24669880', 'luiz-junior@bol.com.br'),
('1019524452416', 'S', 'Carlos Henrique Gomes', 'cahg', '202162e92a5c92f4', 'carloshgomes@hotmail.com'),
('1019534419119', 'E', 'Luiz Elias Teixeira', 'kenmusso', '17c489f000c95863', 'kenmusso@ofm.com.br'),
('1019579917706', 'S', 'Nara Flores', 'nara', '6edcbdc9010b499a', 'naraflores@uol.com.br'),
('1019581119050', 'S', 'Isabelle dos Passos Omena', 'breba', '4446deb81a577ceb', 'ipo@tci.ufal.br'),
('1019591143638', 'S', 'SIDNEY PONTES VIANA', 'spv', '6581709c1121bc96', 'spv@tci.ufal.br'),
('1019600236718', 'S', 'Caroline Buarque Leite de Oliveira', 'carolbuarque', '18dbb7341b144cce', 'carolbuarque@uol.com.br'),
('1019605774411', 'E', 'Bruno M', 'bmadeiro1', '1d3af7273d84e0a1', 'bmadeiro@hotmail.com'),
('1019605793383', 'E', 'Bruno M', 'bruno', '62c551f06c5bb578', 'bmadeiro@yahoo.com.br'),
('1019649511805', 'S', 'Italo Carlo Lopes Silva', 'italocarlo', '596bfd6b377f15c5', 'italo_carlo@bol.com.br'),
('1019676386491', 'S', 'Philippe Alves Silva', 'pas', '25892c7202a39dce', 'pas@tci.ufal.br'),
('1019677327950', 'S', 'PLácido Augusto Lopes Pereira', 'palp', '2ccef7d745e1fccf', 'eversor@bol.com.br'),
('1019700068942', 'S', 'Ana Violeta Queiroga Lopes', 'avqlopes', '5fa4b9bd0c479e90', 'avqlopes@yahoo.com.br'),
('1019737602440', 'S', 'Daniel de Souza Barros', 'daniel', '6c4d05a06d842763', 'daniel_s_barros@yahoo.com.br'),
('1019740508186', 'S', 'Jefferson José Macedo Santos', 'jjms', '3d9bd4260c45fad7', 'jjms@tci.ufal.br'),
('1019742463738', 'S', 'Francisco Melo', 'faamelo', '620be643066d4c39', 'faamelo@yahoo.com.br'),
('1019744987191', 'S', 'Thiago Porfírio de Vasconcelos', 'Thiago Porfírio', '013ed29921d9f123', 'tpv@tci.ufal.br'),
('1019749233901', 'S', 'Alberto Alves Fraga', 'dellafraga', '325643e04f61a85f', 'dellafraga@ig.com.br'),
('1019785357974', 'S', 'Marcilio Ferreira', 'marcelio', '557c687f1912499e', 'mfsj@tci.ufal.br'),
('1019830851073', 'S', 'Bruno Madeiro da Silva', 'bmadeiro', '7a2566ee25684366', 'bms@tci.ufal.br'),
('1019843336128', 'S', 'Márcio Robério da Costa Ferro', 'marcioroberio', '570a7bec4d5013df', 'marcioroberio@bol.com.br'),
('1019928394169', 'S', 'Ana Lídia Silveira Dantas Remígio', 'Ana Lídia', '2780cc884f7d3a40', 'lsdr@tci.ufal.br'),
('1019929737755', 'E', 'Hyggo Oliveira de Almeida', 'hyggo', '3cae2dc75217635a', 'hyggo@dsc.ufpb.br'),
('1020007158410', 'S', 'Cibelle Barbosa de Oliveira', 'Cibelle', '60d0d33f2695856f', 'cbo@tci.ufal.br'),
('1020010433590', 'S', 'Divanio Lima Duarte da Costa', 'Divanio', '7595682c137aaec9', 'divanio@intermagine.com.br'),
('1020098106685', 'S', 'Kenny de Sá Holanda', 'kenny', '669252dc3bbfd206', 'kensahol@yahoo.com'),
('1020179615378', 'S', 'Claudio Teixeira Moura Filho', 'Claudio', '0c0753df03f84dfe', 'ctmf@tci.ufal.br'),
('1020179692089', 'S', 'Rogerio Cesar Peixoto Fragoso', 'Rogerio', '67c7203f2b309e33', 'rcpf@tci.ufal.br'),
('1020206016225', 'S', 'Igor Victor Tenorio de Carvalho', 'Igor', '3189329d47fa1b82', 'ivt@tci.ufal.br'),
('1020227709355', 'E', 'Wladymir Franklyn Lima de Almeida', 'bakooraw', '202ab128616fbb06', 'bakooraw@bol.com.br'),
('1020257330284', 'S', 'Edmundo Vasconcelos souza de Almeida', 'edvsa', '368434c2394b4ce5', 'evsa@tci.ufal.br'),
('1020271910319', 'S', 'Marcelo Queiroz de Assis Oliveira', 'mqao', '254745a405bab160', 'mqao@yahoo.com.br'),
('1020348347156', 'S', 'José Medeiros Neto', 'jmn', '3fa1f9e349077502', 'jmn@fapeal.br'),
('1020356685078', 'E', 'Ivo Santos de França', 'isdf', '26ca790878b33719', 'isf@ccsa.ufal.br'),
('1020369242464', 'S', 'Alcimeire Alessandra Costa', 'alcimeire', '468f0ec83b7d6e11', 'alcimeire@hotmail.com'),
('1020375000771', 'E', 'Silvio André', 'silvioandre', '4d19593052cdad46', 'silvioandre@globo.com'),
('1020381135064', 'E', 'Dulcineia Galdino dos Santos', 'dulcineia', '0b89d9577c6d7afd', 'silvioandre@globo.com'),
('1020381165976', 'E', 'Marcelo Candido Silva', 'marcelosilva', '7a69278b7a8a7923', 'marcasil@globo.com'),
('1020381253869', 'E', 'Lucia Vieira de Lima', 'luciavieira', '7c77e6e575af2ebf', 'silvioandre@globo.com'),
('1020488632086', 'E', 'Joao Capado dos Quibas', 'jcq', '44c26dad0d48450e', 'alseba@bol.com.br'),
('1020538312693', 'S', 'Marcelo Candido Silva', 'marcello8flasp', '2caf706331ceda57', 'mcs@tci.ufal.br'),
('1020698256660', 'S', 'Jonh Wendell', 'wendell', '585be69c304cc0bc', 'jwss@tci.ufal.br'),
('1020782542848', 'E', 'Célio Marinho', 'celio', '4a3bfbd36190ba14', 'crme@zipmail.com.br'),
('1020786060913', 'E', 'clesivaldo s. de oliveira', 'clesivaldo', '4471c12c27b56e5c', 'azulinoufal@zipmail.com.br'),
('1020873878785', 'E', 'ELI NICÁCIO DE LIMA', 'ELIMA', '6a50ebb8659aa5f8', 'enl@zipmail.com.br'),
('1020873956617', 'E', 'ELI NICÁCIO DE LIMA', 'elima', '01791d280603d716', 'enl@zipmail.com.br'),
('1020910249386', 'E', 'Valdir Dias Silva', 'driblav', '6a47d08a1a4a20c9', 'professorvaldir@ig.com.br'),
('1020979813480', 'E', 'Joice Otsuka', 'joicelee', '7688df497358c655', 'joice@ic.unicamp.br'),
('1021056706145', 'E', 'Luiz Teixeira', 'kenmussu', '13a5952f33b540bd', 'kenmusso@ofm.com.br'),
('1021061041042', 'E', 'ADOLFO GUSTAVO SERRA SECA NETO', 'adolfo', '556e226129afabb2', 'adolfo@cefet-al.br'),
('1021250054245', 'E', 'Edilson Ferneda', 'eferneda', '1ba8eb01719fc9de', 'eferneda@terra.com.br'),
('1021255187421', 'S', 'ANDERSON CABRAL TAVARES DE LIMA', 'actdl', '77048fa458a89b5e', 'anderson_cabral@hotmail.com'),
('1021263388215', 'S', 'Eduardo Souto', 'dudurick', '7bb171f428c805df', 'dudurick@uol.com.br'),
('1021382957628', 'E', 'Fernando Silvera Goulart Jr.', 'fgoulart', '6bbdd6ae0be22c31', 'fgoulart@ucb.br'),
('1021486913977', 'S', 'Maria Rita', 'mariarita', '2cfc7e943fcc14a0', 'rita_lins@yahoo.com.br'),
('1021487095814', 'S', 'Jorge Vasconcellos de Oliveira Filho', 'jorge', '2afa90c70e67748e', 'jvof@ig.com.br'),
('1021488071464', 'E', 'Marcelo Silva', 'marcx19', '09e8197e4ed400fb', 'marcelomarcx@yahoo.com.br'),
('1021497701327', 'E', 'Aldarci', 'aldarci', '37864174220dfe73', 'aldarci@dolphinformatica.com.br'),
('1021506547587', 'E', 'jeyniglis de gusmão correia matos', 'dey', '669bbee4566ec9f0', 'jeyniglis@opp.com.br'),
('1021547530655', 'E', 'Bruno Lopes Vieira', 'blv', '3d6013151bab7129', 'blv@cefet-al.br'),
('1021832673715', 'E', 'Kerchenn Elteque', 'kerchenn', '18797b4f4b8ff5da', 'kerchenn@kmf.com.br'),
('1021992975029', 'E', 'Ana Loureiro Jurema', 'ajurema', '31d817fc31592fcb', 'ajurema@iteci.com.br'),
('1022090270729', 'S', 'Elthon Allex da Silva Oliveira', 'Elthon', '5cfec44e74938b94', 'elthon_allex@yahoo.com.br'),
('1022302881603', 'E', 'Ygor Farias Valença', 'venom', '42f28b58591324b6', 'yfv@cefet-al.br'),
('1022342542842', 'E', 'Rafael Moreira da Silva', 'rmsi', '3cd927576df41e09', 'rafaelcefet@cefet-al.br'),
('1022361733602', 'E', 'Emerson Aristides dos Santos', 'aristides', '4547593c2b612107', 'emerson.aristides@ig.com.br'),
('1022447074478', 'E', 'Geraldo Henrique dos Santos Mélo', 'asaph84', '756febb31daa22db', 'geraldohenrique@ig.com.br'),
('1022501478464', 'E', 'Laudeci Oliveira', 'laudecioliveira', '36d93d286c8c9b7b', 'laudecioliveira@hotmail.com'),
('1022589830581', 'E', 'Ubirajara Rodrigues de Barros', 'urb', '0700c07a72a67340', 'biramarley@aol.com'),
('1022609508875', 'E', 'Jailton Cardoso da Cruz', 'jailton', '1e1108a22f87f39f', 'jailton@cefet-al.br'),
('1022616980159', 'S', 'ALEXANDRE MARCAL DE BARROS COSTA', 'ALEXANDRE', '28f0bbb672d40cca', 'ambc@tci.ufal.br'),
('1022709335788', 'S', 'Ricardo Rubens', 'rrgnf', '5028bfda069bd3a9', 'rrgnf@dsc.ufpb.br'),
('1022711942816', 'E', 'Rodrigo Mero Sarmento da Silva', 'rmero', '0f6660617c8b86c2', 'rmero@ig.com.br'),
('1023459951983', 'S', 'Cidorvan dos Santos Leite', 'cidorvan', '6feab3de4348bcbf', 'cidorvan@hotmail.com'),
('1023589893786', 'S', 'Liziane', 'liziane', '493cdc827fd1a989', 'jwsj@tci.ufal.br'),
('1023908912014', 'S', 'Hudson Coelho Esmeraldo', 'hhudson', '4ea944191ab6b6c7', 'hce@tci.ufal.br'),
('1024065445864', 'E', 'warmington', '1698345', '68658f9620f7d5f0', 'wss@cefet-al.br'),
('1024265573543', 'E', 'Infelizmente não é possível permanecer com esse nome. [By: Automatic Filter 0.2 ]', '123456', '72f01ca7138b8014', 'alseba@bol.com.br'),
('1024336496530', 'S', 'Keylla Souza Pinto', 'keylla_sp', '2719d5547061106c', 'keylla_sp@hotmail.com'),
('1024421269647', 'S', 'Deive Fabian', 'dfvg', '0e89f25a237e58af', 'dfvg@tci.ufal.br'),
('1024519872238', 'S', 'João Veloso', 'joaoveloso', '4f5527856ef37584', 'joaoveloso@ieg.com.br'),
('1024583228543', 'S', 'Clarissa Codá dos Santos Cavalcanti Marques', 'clarissa', '71d12cbd665dac70', 'clarissa@mat.ufal.br'),
('1024583349330', 'S', 'Monique Maria Ferreira Pinheiro', 'monique', '4c5ddcf56bb97577', 'moniquepinheiro@hotmail.com'),
('1024585782347', 'E', 'Rodrigo Rebouças de Almeida', 'rodrigor', '5741ef4302ca7e5e', 'rodrigor@dsc.ufpb.br'),
('1024594709116', 'S', 'Celine Mesquita Jardim', 'celine', '02a886a77dbe533b', 'celinejardim@bol.com.br'),
('1024849865771', 'S', 'Luiz Cláudio Ferreira da Silva Júnior', 'lcjr.al', '651c808764491f4d', 'cfsj@tci.ufal.br'),
('1024938674289', 'P', 'Aydano Pamponet Machado', 'aydano', '171f5d1d71f84332', 'apamponet@hotmail.com'),
('1024946109986', 'S', 'Cristovao Jackson Andrade dos Santos', 'cristovao', '01839a9d094a11a6', 'cjas@tci.ufal.br'),
('1024963137982', 'E', 'Nazareno Andrade', 'nazareno', '1eba97e05d8ac94d', 'nazareno@dsc.ufpb.br'),
('1024972245024', 'E', 'Emerson Ferreira de Araújo Lima', 'malungo', '2730cca8697a0f25', 'emerson@dsc.ufpb.br'),
('1025001740790', 'E', 'Angleu', 'angleu', '3749903241721fed', 'angleul@email.com'),
('1025029389427', 'S', 'Adailton Samuel Santos Cavalcante', 'Samuel', '5b66d529215b20d3', 'assc@tci.ufal.br'),
('1025029436714', 'S', 'Elvys Alves Soares', 'elvys', '448a5707397158d0', 'elvysas@uol.com.br'),
('1025030216215', 'S', 'Alexandre de Andrade Barbosa', 'Alexandre146', '012b33910ba997e1', 'alexandre146@uol.com.br'),
('1025056925487', 'S', 'Keila Cristina Firmino de Oliveira', 'keila', '46e34d5f0f53f983', 'keilakristina@aol.com'),
('1025173937798', 'S', 'Maria Fernanda Lins Barros', 'Fernanda', '002b07fc667f5ac1', 'mflb@tci.ufal.br'),
('1025192798723', 'S', 'Édle Márcio dos Santos Silva', 'edlemarcio', '634d4c527edc826e', 'edlemarcio@hotmail.com'),
('1025201469667', 'S', 'Géssica Barbosa Omena', 'gessica_omena', '2c5878ec1c859637', 'gbo@tci.ufal.br'),
('1025203222825', 'S', 'Solon Levi Rodrigues', 'Solon Levi', '5e1c95ee5c452b24', 'slrs@tci.ufal.br'),
('1025244462350', 'E', 'Dimas André da Silva``', 'dimas', '65a6b9942e5d0b48', 'dimas.andre@bol.com.br'),
('1025457270811', 'S', 'Alessandra Gonçalves Silva', 'ags', '07a74d6c2ddefe7c', 'ags_lela@hotmail.com'),
('1025702315388', 'S', 'Alan Pedro da Silva', 'alan', '58fc48c26427b0be', 'alanpedros@yahoo.com.br'),
('1025702865556', 'S', 'Alexsandro Magno de Oliveira Silva', 'alexsandro', '39415c0a750dc988', 'magnosylva@yahoo.com.br'),
('1025703364688', 'S', 'Nilvan Tavares Salviano', 'nilvan', '6db3699d2cd99442', 'nts@tci.ufal.br'),
('1027005176702', 'S', 'Silvio André', 'sasm', '4d19593052cdad46', 'sasm@tci.ufal.br'),
('1025709453428', 'S', 'Adriano Alves do Nascimento', 'adriano', '3735fcbe73514afa', 'ad_alves@ig.com.br'),
('1025709950535', 'S', 'Douglas Henrique de Carvalho Galvão Filho', 'dododgf', '27d0ffb103ef997f', 'dgf@tci.ufal.br'),
('1025753135892', 'E', 'José Leoncio', 'leoncio', '0bd35637243e6057', 'jlsilvaneto@bol.com.br'),
('1025779965235', 'P', 'Marcus de Melo Braga', 'mbraga', '668809723bdb1004', 'mbraga@tci.ufal.br'),
('1025794822125', 'P', 'Fábio', 'fabiocunha', '4bbb5fc121586241', 'fabioc@tci.ufal.br'),
('1025801616515', 'S', 'Victor Hugo', 'victor', '0c201661385a1f4a', 'vhaml@bol.com.br'),
('1025803404829', 'S', 'Angevaldo Peixoto da Rocha', 'aprj', '22dc28f406d9470f', 'aprj@tci.ufal.br'),
('1025875265469', 'S', 'Katiane Cintia Melo Silva', 'katiane', '46143dd83bfaf8d3', 'kcms@tci.ufal.br'),
('1025877060139', 'S', 'Sandra Valeria Lima', 'sandra', '35159dbf5f572710', 'sandrapontal@yahoo.com.br'),
('1025887954643', 'P', 'Luis Cláudius Coradine', 'coradine', '3d8b256f4c54743d', 'coradine@tci.ufal.br'),
('1025954574702', 'E', 'Rafael Costa de ARaujo', 'rafaelc', '1b09843763c8768d', 'rca_cap@onda.com.br'),
('1026140650281', 'S', 'Júlio César Araújo de Oliveira Alves', 'julio', '57afa5de028ef05c', 'julioalves@ieg.com.br'),
('1026141763486', 'S', 'Alexandre Ferreira', 'jaf', '0a3e33b83a146128', 'jose_alexandre_ferreira@yahoo.com.br'),
('1026149751572', 'S', 'Gustavo Chaves de Melo Costa', 'gustavocmc', '78e8a2306af4821d', 'gcmc@tci.ufal.br'),
('1026153126144', 'S', 'Jalves Mendonça Nicácio', 'jamn', '44581f9f01d11671', 'jalves_nic@hotmail.com'),
('1026218361696', 'S', 'Marcus Túlio Tenório Carvalho', 'marcustc', '5046a63c70619cb7', 'mttc@tci.ufal.br'),
('1026398326573', 'E', 'Jaime Brandão', 'jaime1405', '64d140df3f0d4937', 'jaimecb@uol.com.br'),
('1026407249700', 'S', 'Hellywanes Albuquerque Santos', 'waninho', '7d548e7d504c8b35', 'has@tci.ufal.br'),
('1026420891004', 'S', 'Sonicar Leite de Carvalho', 'Sonicar', '32394ca234f37db4', 'slc@tci.ufal.br'),
('1026421917400', 'E', 'Daniel Lacet de Faria Fireman', 'superdanix', '6709be6123011f65', 'superdanix@uol.com.br'),
('1026423723630', 'E', 'Convidado', 'convidado', '30ba61dd4d71410f', 'mosca@ieg.com.br'),
('1026507269625', 'E', 'Gusavo Harrisson de Almeida Carlos', 'harrisson', '0ca45ae57ba5a6b8', 'gustavo.harrisson@ibest.com.br'),
('1027537680086', 'S', 'Mariana Lemos Cerqueira', 'mlemos', '29f6fcbb649fda73', 'marianalemos@fejal.com.br'),
('1026626061856', 'E', 'Ana Paula de Souza Rego', 'anapsouzar', '239ef06d30711720', 'annapaullasou@zipmail.com.br'),
('1026676958393', 'S', 'Ricardo Rubens G. Nunes Filho', 'rubens', '25d62fb37c5ef814', 'rrgnf@dsc.ufpb.br'),
('1026662649313', 'S', 'Elio José Gavlinski Júnior', 'chocobo', '78c2506034f5903b', 'chocobo@zipmail.com.br'),
('1026669832520', 'S', 'Hyggo O. Almeida', 'hygguinho', '5482393756823858', 'hyggo@dsc.ufpb.br'),
('1026751356336', 'S', 'Pablo R. Suárez', 'pablo', '01c85f927a7d04bf', 'pablo@dsc.ufpb.br'),
('1026751861756', 'S', 'Emerson Ferreira de Araujo Lima', 'emersonpb', '2636371539da8899', 'emerson@dsc.ufpb.br'),
('1026756712171', 'S', 'Eloi Rocha Neto', 'eloi', '43eb084f7cf73956', 'eloi@dsc.ufpb.br'),
('1026763133129', 'S', 'Rodrigo Rebouças de Almeida', 'rodrigoreboucas', '5741ef4302ca7e5e', 'rodrigor@dsc.ufpb.br'),
('1026763884913', 'E', 'orlando ramos do nascimento júnior', 'erich', '21b7109353017f4d', 'orlando.ramos@fapeal.com.br'),
('1026764171721', 'E', 'orlando ramos do nascimento júnior', 'gustavo', '737e3c3a4d7a5212', 'orlando.ramos@fapeal.br'),
('1026824697073', 'S', 'Daniel Isaac Palmeira Medeiros', 'dipm', '11e96ded054b6fdd', 'danzac.pm@bol.com.br'),
('1026826650085', 'S', 'Nazareno Andrade', 'nazareno_', '768e18fd3fd99efc', 'nazareno@dsc.ufpb.br'),
('1026838991512', 'S', 'Cássio Leonardo Rodrigues', 'Cássio', '77ff4ab45afe0e59', 'caleo@dsc.ufpb.br'),
('1026841972196', 'S', 'Gustavo Ferreira Alécio Gomes', 'gfagomes', '32b8e10d6abdec23', 'gfag@tci.ufal.br'),
('1026928000422', 'S', 'Carlos Henrique Correia Amorim', 'chca', '498a72d1187ce777', 'chca@npd.ufal.br'),
('1026933242802', 'S', 'Leandro Kravczuk Vieira', 'lkv', '70a8211571990ddc', 'leandrokravczuk@uol.com.br'),
('1027018223235', 'S', 'Rafael Leão da Fonseca', 'rlf', '7a1ebd9a4c1a5970', 'rafaellfonseca@uol.com.br'),
('1027032530488', 'S', 'Carlos Luciano Barbosa de Melo', 'Luciano', '2cf30c0d1b5453c0', 'clbm@tci.ufal.br'),
('1027094873530', 'S', 'Luana Bezerra Batista', 'lua', '7e4b14c5793170af', 'luana@dsc.ufpb.br'),
('1027101429236', 'S', 'Anélio Jorge Matias', 'feiao', '427175026d3447bc', 'ajms@tci.ufal.br'),
('1027101882698', 'E', 'frederico almeida de barros', 'fred', '62cf42fa60734772', 'fred2020@bol.com.br'),
('1027102166270', 'E', 'Frederico almeida de barros', 'Fred', '36fd601015795e2f', 'fred2020@bol.com.br'),
('1027102979152', 'E', 'Usuário Teste', 'testando123', '58fbe7274313d038', 'oi@oi.com.br'),
('1027105358562', 'E', 'testando12', 'testando12', '336114450d3587ac', 'oi@oi2.com.br'),
('1027275442610', 'E', 'Nicole Nunes Boaventura', 'nicolenb', '473e2e130d5e5efd', 'nicolenb@uol.com.br'),
('1027303215000', 'E', 'Alexandre Guimarães Duarte', 'Xande', '26c487fc61fd636a', 'Xandegd@hotmail.com'),
('1027346931626', 'S', 'Josilene Aires Moreira', 'josilene', '1bc9dd4761cbd062', 'josilene@dsc.ufpb.br'),
('1027349267540', 'S', 'Tony Henrique Lopes Silva', 'tony', '5d24b2594feb12e3', 'tonyhls@bol.com.br'),
('1027427649591', 'S', 'Jarsen Nunes Santos', 'jarsen', '13ef6d2138a8c68b', 'jarsen@zipmail.com.br'),
('1027431809250', 'S', 'Henrique José de Lima Sant´Anna', 'henrique', '46fdee920873d45c', 'uboot@bol.com.br'),
('1027530335040', 'S', 'ALOISIO MONTEIRO DE SOUZA JUNIOR', 'aloisiojr', '5dd236295359e87f', 'amsjunior@hotmail.com'),
('1027615339793', 'S', 'Karl Houly de Santana', 'khs', '3307a3dd0187a9df', 'khs@tci.ufal.br'),
('1027615410516', 'S', 'Romero Medeiros Souto Maior', 'Romero', '5e05272002e16803', 'rmsm@tci.ufal.br'),
('1027615720118', 'E', 'NIlton Gomes Coelho', 'newton', '0e2d4f59062fd302', 'newton@ufs.br'),
('1027615780244', 'E', 'NIlton Gomes Coelho', 'niltongc', '57c2df9f76d60c39', 'niltongc@bol.com.br'),
('1027689874394', 'E', 'Lucinara Maria de Oliveira Jatubá', 'lucinara', '08b2c7eb6115fbe4', 'lucinara.jatuba@uol.com.br'),
('1027699233787', 'E', 'Roberio Jose Rogerio dos Santos', 'rds2', '37ea5b756ad9a085', 'rjr@fapeal.br'),
('1027700234406', 'E', 'José de Lima Filho', 'Japaratinga', '325b8c240ee52f1c', 'jlf@fapeal.br'),
('1028729089301', 'S', 'Daniel Henrique Cassela', 'cassela', '3895dcda46028241', 'cassela@bol.com.br'),
('1027742288038', 'S', 'Carlos Albuquerque de Araújo Cordeiro', 'caac', '7211012e123a18c8', 'c.aac@bol.com.br'),
('1027795156435', 'S', 'Juliana Ribeiro de Amorim', 'julianamiroma', '5571b00735b14a8b', 'jra@tci.ufal.br'),
('1027802201421', 'P', 'Evandro de Barros Costa', 'evandro-copin', '464f61370e582939', 'ebc@dsc.ufpb.br'),
('1027907243569', 'E', 'frederico almeida de barros', 'barros', '2f8639f00a04d1d3', 'fred_barros@msn.com'),
('1027946520577', 'E', 'Liziane maria', 'lizianemgs', '485770ba0e8ec968', 'lizianemgs@hotmail.com'),
('1027949734075', 'S', 'Bruno Albuquerque de Oliveira', 'Bao', '77e4ff2f697d5cc5', 'bao@tci.ufal.br'),
('1027953641429', 'E', 'Rosa Maria Nascimento dos Santos', 'Rosinha_mns', '66b45f01520cfb77', 'rosa@cptec.inpe.br'),
('1027959213022', 'S', 'Eronildes Nascimento Carlos', 'ninho', '4f975d1a33b4d7b4', 'enc@tci.ufal.br'),
('1027964508169', 'S', 'Guilmer Brito Silva', 'guilmer', '31f5aa6c3aef0712', 'guilmer@ofm.com.br'),
('1028032720632', 'S', 'Marcelio Malta de Almeida Moreira', 'mmam', '1c16bac648eafc41', 'mm@tci.ufal.br'),
('1028033173808', 'E', 'Fabio Vinicius Giese', 'fabio_giese', '47447d292a0a1645', 'fabio_giese@uol.com.br'),
('1028033625449', 'S', 'João Cosme de Oliveira Júnior', 'jcoj', '50a080502dbc5cc6', 'jcoj@tci.ufal.br'),
('1028033852578', 'S', 'Anderson Brandão Nogueira', 'alunufal', '7a3d75842984d791', 'abn@tci.ufal.br'),
('1028036096193', 'S', 'Rivelino Beltrão de Azevedo Alencar', 'rba', '3154610533ffc986', 'rba@fapeal.br'),
('1028036739479', 'S', 'Lidiane Maria Nunes Silva', 'lidiane', '20896dc701b6e179', 'lidiane_nunes@hotmail.com'),
('1028036932694', 'S', 'Mônica Santos da Silva', 'monica', '47a4d738708bc215', 'antena.1@bol.com.br'),
('1028058430689', 'S', 'Rodrigo de Lima Pinheiro', 'rlpinheiro', '314739693475c42e', 'rodrigo_rlp@yahoo.com.br'),
('1028058536040', 'E', 'Aldemar Araujo Castro', 'aldemar', '6d10f2de1641f91d', 'aldemar@evidencias.com'),
('1028120564568', 'E', 'Altanys Silva Calheiros', 'altanys', '79d3b09029252b8a', 'altanyssc@yahoo.com.br'),
('1028121364681', 'E', 'Mairkon Flannckyn Correia', 'mairkon', '7629cf5c40a39cbc', 'mairkonfc@yahoo.com.br'),
('1028134962805', 'P', 'Cid Cavalcanti', 'cid', '7b447656226428aa', 'cid_cav@uol.com.br'),
('1028173095899', 'S', 'Paulo Rafael de Carvalho Coêlho', 'Mumak', '3c30b4ed449d5d1b', 'prcc@tci.ufal.br'),
('1028202858465', 'E', 'EDNALDO OLIVEIRA DOS SANTOS', 'eos', '4a2147ff78e2ce4a', 'ednaldo@adc.coppe.ufrj.br'),
('1028209117615', 'S', 'Daniel Macedo', 'daniels', '197a82e17541ce0e', 'dmcsouto@bol.com.br'),
('1028225756045', 'S', 'Leandro Antônio Cerqueira do Nascimento', 'leandro2', '37864174220dfe73', 'leandro@garagem.org'),
('1028226143453', 'S', 'rafael costa tavares de aquino', 'rcta', '1ca99a275bd7c063', 'falko_r_n@hotmail.com'),
('1028285814803', 'S', 'Demian Borba', 'demian', '37864174220dfe73', 'demian@actioncriacoes.net'),
('1028286094826', 'S', 'Sergio Vilela Menegaz Lima', 'Carcaju', '3009bec338d05027', 'svml@tci.ufal.br'),
('1028300893273', 'E', 'valnice barbosa cavalcante', 'val2002', '6a4fb5de5a7f46ae', 'sanvictor@fejal.com.br'),
('1028309047587', 'E', 'racso', 'dudu_da_skol_do_bope', '4942cd7232407a74', 'oscaraul@zipmail.com.br'),
('1028309076561', 'E', 'Eugênio Machado de Andrade Filho', 'eugeniomachado', '7226bc574bad436c', 'eugenio.machado@ig.com.br'),
('1028310968201', 'E', 'jocicleide lopes de moura', 'jocicleide', '739f240806e2c20c', 'jociagro@hotmail.com'),
('1028310980341', 'E', 'diego dias fernandes', 'leninha', '3e20392d7c08b05d', 'ddf@gazetaweb.com'),
('1028311053813', 'E', 'franklin oliveira de araujo', 'kinho', '2c36b70831a6f4f4', 'www.franklin2002kr@bol.com.br'),
('1028311119560', 'E', 'josevaldo salustiano do carmo', 'salustiano', '290a9e2f463db640', 'salustianojsc@hotmail.com.br'),
('1028311134390', 'E', 'jose eneas da silva', '11', '382914f2148dfe37', 'eneasbrow@hotmail.com'),
('1028312713768', 'E', 'diogo rafael', '55', '5b02ce911249ec65', 'diogo@bol.com.br'),
('1028312763342', 'E', 'josevaldo salustiano do carmo', 'jscsalustiano', '17844ee64e837497', 'jscsalustiano@hotimail.com'),
('1028330120823', 'S', 'Alan Walber Siqueira Barbosa', 'awsb', '005404963bd2b73a', 'awsb@tci.ufal.br'),
('1028348381969', 'E', 'josevaldo salustiano do carmo', 'carmo', '7034112d5b54cda8', 'jscsalustiano@hotimail.com'),
('1028676485869', 'S', 'Carlos Arthur de Carvalho Correia', 'Carlos Arthur', '26d08dda1f5c70cf', 'cacc@tci.ufal.br'),
('1028547173676', 'E', 'Felipe Pitanga Machado', 'matrix', '75569115302d61c9', 'felipe.machado@globo.com.br'),
('1028552144379', 'S', 'Rafael Gonçalves Alcides', 'rga', '2b5eb7990fbabff5', 'ragoal@bol.com.br'),
('1028572422016', 'P', 'Aldarci Marques', 'aldarciufal', '4d4704ae210e32a1', 'aldarci@tci.ufal.br'),
('1028678022356', 'E', 'Carlos Arthur de Carvalho Correia', 'Arthur', '1689affe38c05af7', 'arthur_cell@yahoo.com.br'),
('1028778168658', 'E', 'Luiz Nunes', 'lgpnunes', '7ae0a5f30cf6f52f', 'lgpnunes@uol.com.br'),
('1028847084321', 'E', 'caroline de oliveira costa', 'karolbero', '52d2bd1564e2ce83', 'karolbero@yahoo.com.br'),
('1028847916546', 'E', 'Ranieri Nery Rodrigues', 'rnr', '4cb08a3775a415b1', 'rnr@ig.com.br'),
('1028898290944', 'S', 'João Paulo', 'joaopaulo', '44b3b18c199be5cd', 'jpsf@tci.ufal.br'),
('1028922916146', 'S', 'Daniel Augusto de Alcantara Neto', 'daaneto', '78b21b177d7d970f', 'daan@tci.ufal.br'),
('1029165715004', 'E', 'Francisco Luiz Cesar Ferreira', 'frank_einstein', '6d16af83524559ac', 'frank_einstein@uol.com.br'),
('1029187263452', 'E', 'BARBARA JANE LEANDRO', 'BARBARA', '1de8c4be2da5a894', 'barbara@ig.com.br'),
('1029263222063', 'E', 'Rosana Guedes Cordeiro Ramos', 'rramos', '6c6616095edd08c5', 'rosana.ramos@embrapa.br'),
('1029328627311', 'S', 'diogo', 'dmm', '6a433957446b0c68', 'dmm@tci.ufal.br'),
('1029330490802', 'E', 'Cláudia Batista Mélo', 'claudiamelo', '729feaed0034190a', 'claudiamelo@dee.ufpb.br'),
('1029331712317', 'E', 'André Luis Ramires Seabra', 'alrseabra', '6ba8ee9c31c87c4f', 'alrseabra@uol.com.br'),
('1029345274591', 'E', 'Flávio Pereira', 'qurus', '792993b22c145f92', 'flviops@uol.com.br'),
('1029346380829', 'S', 'Gustavo Harrisson de Almeida Carlos', 'gharrisson', '024bf2f830634a3b', 'ghc@tci.ufal.br'),
('1029519671752', 'E', 'hugo henrique costa do nascmento', 'h2cn', '73c0ba47652171b0', 'h2cn@bol.com.br'),
('1029683671061', 'S', 'Ulisses Silva Melo', 'ulsm', '447b7b1978ff736a', 'ulsm@tci.ufal.br'),
('1029784654979', 'S', 'Elizamar Batista dos Santos', 'Elizamar', '5db2128f24f47f09', 'liza_batista@hotmail.com'),
('1029897991245', 'S', 'Marcílio Cerqueira Lima', 'mcl', '799c27022743368a', 'mcl@tci.ufal.br'),
('1030045116479', 'E', 'JULIO SALGADO ANTUNES', '202189', '4f932da82a820e87', 'salgadoantunes@yahoo.com.br');
# --------------------------------------------------------

#
# Estrutura da tabela `usercommunitycategorystate`
#

DROP TABLE IF EXISTS `usercommunitycategorystate`;
CREATE TABLE `usercommunitycategorystate` (
  `userID` varchar(25) NOT NULL default '',
  `communityID` varchar(25) NOT NULL default '',
  `categoryID` varchar(25) NOT NULL default '',
  `categoryKind` char(2) NOT NULL default '',
  `quantity` varchar(5) NOT NULL default '',
  PRIMARY KEY  (`userID`,`communityID`,`categoryID`)
) TYPE=MyISAM COMMENT='Representa o estado do usuário em relação as comunidades e c';

#
# Extraindo dados da tabela `usercommunitycategorystate`
#

INSERT INTO `usercommunitycategorystate` (`userID`, `communityID`, `categoryID`, `categoryKind`, `quantity`) VALUES ('1015439644996', '1015439199628', '1025179698958', 'F', '1'),
('1015439644996', '1015439199628', '1019929104096', 'F', '3'),
('1015439644996', '1015618391913', '1019062890608', 'F', '0'),
('1015439644996', '1015618391913', '1017865042185', 'D', '0'),
('1015439644996', '1016045744316', '1020806576321', 'L', '1'),
('1019843336128', '1016044335989', '1017826613995', 'L', '2'),
('1018651691296', '1025280704476', '1027195308669', 'D', '3'),
('1027742288038', '1016044335989', '1026230939305', 'L', '1'),
('1027742288038', '1016044335989', '1017770537488', 'L', '1'),
('1015439644996', '1017690605883', '1019926448923', 'F', '0'),
('1015439644996', '1017690605883', '1017691290653', 'F', '3'),
('1015439644996', '1017690605883', '1017690928896', 'D', '3'),
('1015439644996', '1018034927150', '1022420328970', 'L', '4'),
('1015439644996', '1018034927150', '1022420056192', 'L', '1'),
('1015439644996', '1018630040414', '1019492658745', 'F', '2'),
('1015439644996', '1018630040414', '1018630474849', 'D', '1'),
('1015439644996', '1018630040414', '1019679086951', 'L', '1'),
('1015439644996', '1019503684356', '1019522197038', 'F', '5'),
('1015439644996', '1019521412057', '1019842155120', 'L', '2'),
('1015439644996', '1019521412057', '1019840790435', 'F', '2'),
('1015439644996', '1019521412057', '1019841061316', 'D', '7'),
('1015439644996', '1019521412057', '1019730282074', 'L', '2'),
('1015439644996', '1019521412057', '1020389449332', 'L', '1'),
('1015439644996', '1018034927150', '1022419585376', 'D', '3'),
('1015439644996', '1017690605883', '1019926154496', 'L', '1'),
('1015439644996', '1019521412057', '1020352978976', 'F', '1'),
('1015439644996', '1019521412057', '1020387870333', 'F', '5'),
('1015331789194', '1015439199628', '1019929104096', 'F', '2'),
('1015331789194', '1015439199628', '1019521673978', 'F', '2'),
('1015331789194', '1015618391913', '1019062890608', 'F', '0'),
('1015331789194', '1015618391913', '1017865042185', 'D', '0'),
('1015331789194', '1015618391913', '1017931586279', 'L', '2'),
('1015331789194', '1016044335989', '1025212982938', 'L', '2'),
('1015331789194', '1016044335989', '1019490764200', 'F', '5'),
('1015331789194', '1016044335989', '1019927181546', 'F', '0'),
('1015331789194', '1016044335989', '1019489367134', 'D', '1'),
('1015331789194', '1016044335989', '1017770537488', 'L', '1'),
('1015331789194', '1016044335989', '1017770356770', 'L', '1'),
('1015331789194', '1016045744316', '1020092688871', 'F', '6'),
('1015331789194', '1016045744316', '1020343865756', 'F', '3'),
('1015331789194', '1016045744316', '1020208410425', 'F', '6'),
('1015331789194', '1016045744316', '1020225959479', 'F', '1'),
('1015331789194', '1016045744316', '1019686423392', 'F', '39'),
('1015331789194', '1016045744316', '1019824969360', 'F', '7'),
('1015331789194', '1016045744316', '1020092452228', 'F', '4'),
('1015331789194', '1016045744316', '1020344116771', 'F', '3'),
('1015331789194', '1017690605883', '1019926448923', 'F', '0'),
('1015331789194', '1017690605883', '1017691290653', 'F', '3'),
('1015331789194', '1017690605883', '1017690928896', 'D', '3'),
('1015331789194', '1017690605883', '1019926154496', 'L', '1'),
('1015331789194', '1018034927150', '1022419585376', 'D', '3'),
('1015331789194', '1018034927150', '1022420056192', 'L', '1'),
('1015331789194', '1018630040414', '1019492658745', 'F', '2'),
('1015331789194', '1018630040414', '1018630474849', 'D', '1'),
('1015331789194', '1018630040414', '1019679086951', 'L', '1'),
('1015331789194', '1019503684356', '1019522197038', 'F', '5'),
('1015331789194', '1019521412057', '1019842155120', 'L', '2'),
('1015331789194', '1019521412057', '1019841061316', 'D', '7'),
('1015331789194', '1019521412057', '1019730282074', 'L', '2'),
('1015331789194', '1019521412057', '1020389449332', 'L', '1'),
('1015331789194', '1019521412057', '1024593863514', 'F', '1'),
('1015331789194', '1019521412057', '1020352978976', 'F', '1'),
('1015331789194', '1019742207241', '1019742874857', 'L', '2'),
('1015331789194', '1019742207241', '1019745181654', 'L', '1'),
('1015331789194', '1019742207241', '1019746342396', 'L', '1'),
('1015331789194', '1019742207241', '1019746014215', 'L', '2'),
('1015331789194', '1019742207241', '1019743717416', 'L', '1'),
('1015331789194', '1021497581156', '1021498062999', 'D', '1'),
('1015331789194', '1019742207241', '1024934816818', 'F', '1'),
('1017927390789', '1016045744316', '1019163453706', 'D', '5'),
('1017927390789', '1016045744316', '1020806576321', 'L', '1'),
('1017927390789', '1019521412057', '1019842155120', 'L', '2'),
('1028033173808', '1018630040414', '1019492658745', 'F', '2'),
('1028033173808', '1018630040414', '1018630474849', 'D', '1'),
('1028033173808', '1018630040414', '1019679086951', 'L', '1'),
('1028033173808', '1019742207241', '1024934816818', 'F', '1'),
('1017927390789', '1016045744316', '1027771450280', 'D', '1'),
('1017927390789', '1017690605883', '1019926448923', 'F', '0'),
('1017927390789', '1017690605883', '1017691290653', 'F', '3'),
('1017927390789', '1017690605883', '1017690928896', 'D', '3'),
('1017927390789', '1017690605883', '1019926154496', 'L', '1'),
('1017927390789', '1018630040414', '1019492658745', 'F', '2'),
('1017927390789', '1018630040414', '1018630474849', 'D', '1'),
('1017927390789', '1018630040414', '1019679086951', 'L', '1'),
('1019139944399', '1015439199628', '1019929104096', 'F', '2'),
('1019139944399', '1015439199628', '1019521673978', 'F', '2'),
('1019139944399', '1015439199628', '1019078307412', 'D', '6'),
('1019139944399', '1015618391913', '1019062890608', 'F', '0'),
('1019139944399', '1015618391913', '1017865042185', 'D', '0'),
('1019139944399', '1015618391913', '1017931586279', 'L', '2'),
('1019139944399', '1016044335989', '1019490764200', 'F', '5'),
('1019139944399', '1016044335989', '1019927181546', 'F', '1'),
('1019139944399', '1016044335989', '1019489367134', 'D', '1'),
('1019139944399', '1016044335989', '1017770537488', 'L', '1'),
('1019139944399', '1016044335989', '1017770356770', 'L', '1'),
('1019139944399', '1016044335989', '1017826613995', 'L', '1'),
('1019139944399', '1016044335989', '1017825799585', 'L', '1'),
('1019139944399', '1016045744316', '1020344116771', 'F', '3'),
('1019139944399', '1016045744316', '1020092688871', 'F', '6'),
('1019139944399', '1016045744316', '1020343865756', 'F', '3'),
('1019139944399', '1016045744316', '1020208410425', 'F', '6'),
('1019139944399', '1016045744316', '1020225959479', 'F', '0'),
('1019139944399', '1016045744316', '1019686423392', 'F', '39'),
('1019139944399', '1016045744316', '1019824969360', 'F', '7'),
('1019139944399', '1016045744316', '1020092452228', 'F', '4'),
('1019139944399', '1016045744316', '1019163453706', 'D', '5'),
('1019139944399', '1016045744316', '1020806576321', 'L', '1'),
('1019139944399', '1017690605883', '1019926448923', 'F', '0'),
('1019139944399', '1017690605883', '1017691290653', 'F', '3'),
('1019139944399', '1017690605883', '1017690928896', 'D', '3'),
('1019139944399', '1017690605883', '1019926154496', 'L', '1'),
('1019139944399', '1018630040414', '1019492658745', 'F', '2'),
('1019139944399', '1018630040414', '1018630474849', 'D', '1'),
('1019139944399', '1018630040414', '1019679086951', 'L', '1'),
('1019139944399', '1019503684356', '1019522197038', 'F', '5'),
('1019139944399', '1019521412057', '1020387870333', 'F', '5'),
('1019139944399', '1019521412057', '1019840790435', 'F', '2'),
('1019139944399', '1019521412057', '1019841061316', 'D', '7'),
('1019139944399', '1019521412057', '1024593863514', 'F', '1'),
('1019139944399', '1019521412057', '1020352978976', 'F', '1'),
('1019139944399', '1019795057341', '1020224335081', 'F', '1'),
('1019139944399', '1019795057341', '1020223863529', 'D', '1'),
('1015439644996', '1015439199628', '1019521673978', 'F', '2'),
('1015439644996', '1016045744316', '1027771450280', 'D', '1'),
('1015439644996', '1016045744316', '1019163453706', 'D', '5'),
('1022090270729', '1015618391913', '1019062890608', 'F', '0'),
('1022090270729', '1015618391913', '1017865042185', 'D', '0'),
('1022090270729', '1015618391913', '1017931586279', 'L', '2'),
('1022090270729', '1016044335989', '1026231399030', 'F', '3'),
('1022090270729', '1016044335989', '1019489367134', 'D', '2'),
('1022090270729', '1016044335989', '1026230939305', 'L', '1'),
('1022090270729', '1016044335989', '1017770537488', 'L', '1'),
('1022090270729', '1016044335989', '1017770356770', 'L', '1'),
('1022090270729', '1016044335989', '1025212982938', 'L', '2'),
('1022090270729', '1019503684356', '1019522197038', 'F', '5'),
('1022090270729', '1019521412057', '1020389449332', 'L', '1'),
('1022090270729', '1019521412057', '1019840790435', 'F', '2'),
('1022090270729', '1019521412057', '1019841061316', 'D', '7'),
('1022090270729', '1019521412057', '1019730282074', 'L', '2'),
('1022090270729', '1019521412057', '1024593863514', 'F', '1'),
('1022090270729', '1019521412057', '1020352978976', 'F', '1'),
('1022090270729', '1019742207241', '1019743717416', 'L', '1'),
('1022090270729', '1019742207241', '1019746014215', 'L', '2'),
('1022090270729', '1019742207241', '1019745181654', 'L', '1'),
('1022090270729', '1019742207241', '1019746342396', 'L', '1'),
('1022090270729', '1019742207241', '1024934816818', 'F', '1'),
('1022090270729', '1019795057341', '1020224335081', 'F', '1'),
('1022090270729', '1019795057341', '1020223863529', 'D', '1'),
('1022090270729', '1021497581156', '1021498062999', 'D', '1'),
('1019139944399', '1021497581156', '1021498062999', 'D', '1'),
('1027742288038', '1016044335989', '1017770356770', 'L', '1'),
('1021547530655', '1019742207241', '1019746014215', 'L', '2'),
('1021547530655', '1019742207241', '1026409984574', 'D', '2'),
('1021547530655', '1019742207241', '1019745181654', 'L', '1'),
('1021547530655', '1019742207241', '1019746342396', 'L', '1'),
('1021547530655', '1019742207241', '1024934816818', 'F', '1'),
('1021547530655', '1019795057341', '1020224335081', 'F', '1'),
('1021547530655', '1019795057341', '1020223863529', 'D', '1'),
('1021547530655', '1021497581156', '1021498062999', 'D', '1'),
('1015439644996', '1015618391913', '1017931586279', 'L', '2'),
('1017770512556', '1016044335989', '1026231399030', 'F', '3'),
('1017770512556', '1016044335989', '1029862185675', 'D', '1'),
('1017770512556', '1016044335989', '1019489367134', 'D', '2'),
('1017770512556', '1016044335989', '1026230939305', 'L', '1'),
('1017770512556', '1016044335989', '1017770537488', 'L', '1'),
('1016575802563', '1015439199628', '1019929104096', 'F', '2'),
('1016575802563', '1015439199628', '1019521673978', 'F', '2'),
('1016575802563', '1015439199628', '1019078307412', 'D', '6'),
('1016575802563', '1015618391913', '1019062890608', 'F', '0'),
('1016575802563', '1015618391913', '1017865042185', 'D', '0'),
('1016575802563', '1015618391913', '1017931586279', 'L', '2'),
('1016575802563', '1016045744316', '1020344116771', 'F', '3'),
('1016575802563', '1016045744316', '1020092688871', 'F', '6'),
('1016575802563', '1016045744316', '1020343865756', 'F', '3'),
('1016575802563', '1016045744316', '1020208410425', 'F', '6'),
('1016575802563', '1016045744316', '1020225959479', 'F', '0'),
('1016575802563', '1016045744316', '1019686423392', 'F', '39'),
('1016575802563', '1016045744316', '1019824969360', 'F', '7'),
('1016575802563', '1016045744316', '1020092452228', 'F', '4'),
('1016575802563', '1016045744316', '1019163453706', 'D', '5'),
('1016575802563', '1016045744316', '1020806576321', 'L', '1'),
('1018372172359', '1017690605883', '1019926448923', 'F', '0'),
('1018372172359', '1017690605883', '1017691290653', 'F', '3'),
('1018372172359', '1017690605883', '1017690928896', 'D', '3'),
('1018372172359', '1017690605883', '1019926154496', 'L', '1'),
('1018372172359', '1021497581156', '1021498062999', 'D', '1'),
('1015331789194', '1015439199628', '1019078307412', 'D', '6'),
('1021250054245', '1017690605883', '1019926448923', 'F', '0'),
('1021250054245', '1017690605883', '1017691290653', 'F', '3'),
('1021250054245', '1017690605883', '1017690928896', 'D', '3'),
('1021250054245', '1017690605883', '1019926154496', 'L', '1'),
('1023459951983', '1015439199628', '1025179698958', 'F', '1'),
('1023459951983', '1015439199628', '1019929104096', 'F', '3'),
('1023459951983', '1016044335989', '1017770356770', 'L', '1'),
('1023459951983', '1016044335989', '1025212982938', 'L', '2'),
('1023459951983', '1016044335989', '1019489367134', 'D', '2'),
('1023459951983', '1016044335989', '1026230939305', 'L', '1'),
('1023459951983', '1016044335989', '1017770537488', 'L', '1'),
('1023459951983', '1019503684356', '1019522197038', 'F', '5'),
('1023459951983', '1019521412057', '1020389449332', 'L', '1'),
('1023459951983', '1019521412057', '1019840790435', 'F', '2'),
('1023459951983', '1019521412057', '1019841061316', 'D', '7'),
('1023459951983', '1019521412057', '1019730282074', 'L', '2'),
('1023459951983', '1019521412057', '1024593863514', 'F', '1'),
('1023459951983', '1019521412057', '1020352978976', 'F', '1'),
('1015439644996', '1023427471602', '1024061253776', 'D', '6'),
('1015347803599', '1015439199628', '1025179698958', 'F', '1'),
('1015347803599', '1015439199628', '1019929104096', 'F', '3'),
('1024583228543', '1019795057341', '1020224335081', 'F', '1'),
('1015347803599', '1016044335989', '1026231399030', 'F', '3'),
('1015347803599', '1016044335989', '1019489367134', 'D', '2'),
('1015347803599', '1016044335989', '1026230939305', 'L', '1'),
('1015347803599', '1016044335989', '1017770537488', 'L', '1'),
('1028209117615', '1016045744316', '1020806576321', 'L', '1'),
('1015347803599', '1016045744316', '1020806576321', 'L', '1'),
('1024519872238', '1026427482871', '1028754502738', 'F', '1'),
('1016730061655', '1019503684356', '1019522197038', 'F', '5'),
('1028209117615', '1016045744316', '1019163453706', 'D', '5'),
('1015347803599', '1016045744316', '1019163453706', 'D', '5'),
('1015347803599', '1017690605883', '1019926448923', 'F', '0'),
('1015347803599', '1017690605883', '1017691290653', 'F', '3'),
('1015347803599', '1017690605883', '1017690928896', 'D', '3'),
('1015347803599', '1017690605883', '1019926154496', 'L', '1'),
('1015347803599', '1018630040414', '1019492658745', 'F', '2'),
('1015347803599', '1018630040414', '1018630474849', 'D', '1'),
('1015347803599', '1018630040414', '1019679086951', 'L', '1'),
('1015347803599', '1019503684356', '1019522197038', 'F', '5'),
('1015347803599', '1019521412057', '1020387870333', 'F', '5'),
('1015347803599', '1019521412057', '1019840790435', 'F', '2'),
('1015347803599', '1019521412057', '1019841061316', 'D', '7'),
('1015347803599', '1019521412057', '1024593863514', 'F', '1'),
('1015347803599', '1019521412057', '1020352978976', 'F', '1'),
('1015347803599', '1019742207241', '1019743717416', 'L', '1'),
('1015347803599', '1019742207241', '1019746014215', 'L', '2'),
('1015347803599', '1019742207241', '1019745181654', 'L', '1'),
('1015347803599', '1019742207241', '1019746342396', 'L', '1'),
('1015347803599', '1019742207241', '1024934816818', 'F', '1'),
('1015347803599', '1019795057341', '1020224335081', 'F', '1'),
('1015347803599', '1019795057341', '1020223863529', 'D', '1'),
('1015347803599', '1023427471602', '1024061253776', 'D', '6'),
('1019502819145', '1016045744316', '1020344116771', 'F', '3'),
('1019502819145', '1016045744316', '1020092688871', 'F', '6'),
('1019502819145', '1016045744316', '1020343865756', 'F', '3'),
('1019502819145', '1016045744316', '1020208410425', 'F', '6'),
('1019502819145', '1016045744316', '1020225959479', 'F', '0'),
('1019502819145', '1016045744316', '1019686423392', 'F', '39'),
('1019502819145', '1016045744316', '1019824969360', 'F', '7'),
('1019502819145', '1016045744316', '1020092452228', 'F', '4'),
('1019502819145', '1016045744316', '1019163453706', 'D', '5'),
('1019502819145', '1016045744316', '1020806576321', 'L', '1'),
('1019700068942', '1016045744316', '1020344116771', 'F', '3'),
('1019700068942', '1016045744316', '1020092688871', 'F', '6'),
('1019700068942', '1016045744316', '1020343865756', 'F', '3'),
('1019700068942', '1016045744316', '1020208410425', 'F', '6'),
('1019700068942', '1016045744316', '1020225959479', 'F', '0'),
('1019700068942', '1016045744316', '1019686423392', 'F', '39'),
('1019700068942', '1016045744316', '1019824969360', 'F', '7'),
('1019700068942', '1016045744316', '1020092452228', 'F', '4'),
('1019700068942', '1016045744316', '1019163453706', 'D', '5'),
('1019700068942', '1016045744316', '1020806576321', 'L', '1'),
('1019700068942', '1023427471602', '1025729124135', 'D', '3'),
('1018619379980', '1015439199628', '1025179698958', 'F', '1'),
('1018619379980', '1015439199628', '1019929104096', 'F', '3'),
('1019139944399', '1023427471602', '1024061253776', 'D', '0'),
('1019070885655', '1019521412057', '1020389449332', 'L', '1'),
('1019070885655', '1019521412057', '1019840790435', 'F', '2'),
('1019070885655', '1019521412057', '1019841061316', 'D', '7'),
('1019070885655', '1019521412057', '1019730282074', 'L', '2'),
('1019070885655', '1019521412057', '1024593863514', 'F', '1'),
('1019070885655', '1019521412057', '1020352978976', 'F', '1'),
('1018362443321', '1016044335989', '1017770537488', 'L', '1'),
('1018362443321', '1016044335989', '1017770356770', 'L', '1'),
('1018362443321', '1016044335989', '1026231399030', 'F', '3'),
('1018362443321', '1016044335989', '1019489367134', 'D', '2'),
('1018362443321', '1016044335989', '1026230939305', 'L', '1'),
('1018362443321', '1019503684356', '1019522197038', 'F', '5'),
('1018362443321', '1019521412057', '1020387870333', 'F', '3'),
('1018362443321', '1019521412057', '1019840790435', 'F', '2'),
('1018362443321', '1019521412057', '1019841061316', 'D', '7'),
('1018362443321', '1019521412057', '1024593863514', 'F', '0'),
('1018362443321', '1019521412057', '1020352978976', 'F', '0'),
('1018369114777', '1017690605883', '1019926448923', 'F', '0'),
('1018369114777', '1017690605883', '1017691290653', 'F', '3'),
('1018369114777', '1017690605883', '1017690928896', 'D', '3'),
('1018369114777', '1017690605883', '1019926154496', 'L', '1'),
('1017863472602', '1015618391913', '1019062890608', 'F', '0'),
('1017863472602', '1015618391913', '1017865042185', 'D', '0'),
('1017863472602', '1015618391913', '1017931586279', 'L', '2'),
('1017863472602', '1018034927150', '1022419585376', 'D', '3'),
('1017863472602', '1018034927150', '1022420056192', 'L', '1'),
('1017863472602', '1018034927150', '1022420328970', 'L', '4'),
('1020271910319', '1018034927150', '1022419585376', 'D', '3'),
('1020271910319', '1018034927150', '1022420056192', 'L', '1'),
('1020271910319', '1018034927150', '1022420328970', 'L', '4'),
('1020271910319', '1019742207241', '1019746014215', 'L', '2'),
('1020271910319', '1019742207241', '1026409984574', 'D', '2'),
('1020271910319', '1019742207241', '1019745181654', 'L', '1'),
('1020271910319', '1019742207241', '1019746342396', 'L', '1'),
('1020271910319', '1019742207241', '1024934816818', 'F', '1'),
('1020271910319', '1019795057341', '1020224335081', 'F', '1'),
('1020271910319', '1019795057341', '1020223863529', 'D', '1'),
('1016302913498', '1015618391913', '1019062890608', 'F', '0'),
('1016302913498', '1015618391913', '1017865042185', 'D', '0'),
('1016302913498', '1015618391913', '1017931586279', 'L', '2'),
('1016302913498', '1016044335989', '1026231399030', 'F', '2'),
('1016302913498', '1016044335989', '1019489367134', 'D', '1'),
('1016302913498', '1016044335989', '1026230939305', 'L', '1'),
('1016302913498', '1016044335989', '1017770537488', 'L', '1'),
('1016302913498', '1016044335989', '1017770356770', 'L', '1'),
('1016302913498', '1016044335989', '1025212982938', 'L', '2'),
('1019050994833', '1016045744316', '1020806576321', 'L', '1'),
('1016302913498', '1016045744316', '1020806576321', 'L', '1'),
('1016302913498', '1018034927150', '1022419585376', 'D', '3'),
('1016302913498', '1018034927150', '1022420056192', 'L', '1'),
('1016302913498', '1018034927150', '1022420328970', 'L', '4'),
('1018517966065', '1026932502854', '1027967475124', 'F', '2'),
('1016302913498', '1016045744316', '1019163453706', 'D', '5'),
('1016302913498', '1017690605883', '1019926448923', 'F', '0'),
('1016302913498', '1017690605883', '1017691290653', 'F', '3'),
('1016302913498', '1017690605883', '1017690928896', 'D', '3'),
('1016302913498', '1017690605883', '1019926154496', 'L', '1'),
('1016302913498', '1018630040414', '1019492658745', 'F', '2'),
('1016302913498', '1018630040414', '1018630474849', 'D', '1'),
('1016302913498', '1018630040414', '1019679086951', 'L', '1'),
('1016302913498', '1021497581156', '1021498062999', 'D', '1'),
('1016302913498', '1023427471602', '1026925052958', 'L', '1'),
('1018369114777', '1023427471602', '1024061253776', 'D', '6'),
('1017232383457', '1024592802696', '1026319232417', 'F', '6'),
('1016734899516', '1016045744316', '1020806576321', 'L', '1'),
('1018452384965', '1019521412057', '1019842155120', 'L', '2'),
('1019139944399', '1026932502854', '1027967475124', 'F', '2'),
('1019139944399', '1027220991149', '1027386189782', 'D', '1'),
('1019139944399', '1027220991149', '1027385689839', 'L', '3'),
('1017232383457', '1024592802696', '1026163065926', 'F', '3'),
('1016734899516', '1016045744316', '1019163453706', 'D', '5'),
('1016734899516', '1023427471602', '1024061253776', 'D', '6'),
('1017770512556', '1016045744316', '1019163453706', 'D', '5'),
('1017770512556', '1016045744316', '1020806576321', 'L', '1'),
('1017770512556', '1023427471602', '1026925052958', 'L', '1'),
('1017770512556', '1024592802696', '1026241820579', 'D', '1'),
('1017770512556', '1024592802696', '1025216428534', 'D', '0'),
('1017770512556', '1024592802696', '1025216239540', 'D', '1'),
('1017770512556', '1026427482871', '1028754502738', 'F', '1'),
('1017770512556', '1016045744316', '1027771450280', 'D', '1'),
('1017770512556', '1023427471602', '1025729124135', 'D', '3'),
('1024585782347', '1015618391913', '1019062890608', 'F', '0'),
('1024585782347', '1015618391913', '1017865042185', 'D', '0'),
('1024585782347', '1015618391913', '1017931586279', 'L', '2'),
('1024519872238', '1015618391913', '1019062890608', 'F', '0'),
('1024519872238', '1015618391913', '1017865042185', 'D', '0'),
('1024519872238', '1015618391913', '1017931586279', 'L', '2'),
('1024519872238', '1016045744316', '1019163453706', 'D', '5'),
('1024519872238', '1016045744316', '1020806576321', 'L', '1'),
('1024519872238', '1017690605883', '1019926448923', 'F', '0'),
('1024519872238', '1017690605883', '1017691290653', 'F', '3'),
('1024519872238', '1017690605883', '1017690928896', 'D', '3'),
('1024519872238', '1017690605883', '1019926154496', 'L', '1'),
('1028209117615', '1016045744316', '1027771450280', 'D', '1'),
('1024519872238', '1016045744316', '1027771450280', 'D', '1'),
('1024519872238', '1019521412057', '1019842155120', 'L', '2'),
('1024519872238', '1019521412057', '1019841061316', 'D', '7'),
('1024519872238', '1019521412057', '1019730282074', 'L', '2'),
('1024519872238', '1019521412057', '1020389449332', 'L', '1'),
('1024519872238', '1019521412057', '1024593863514', 'F', '1'),
('1024519872238', '1019521412057', '1020352978976', 'F', '1'),
('1024519872238', '1021497581156', '1021498062999', 'D', '1'),
('1024519872238', '1023427471602', '1026925052958', 'L', '1'),
('1019492177417', '1016045744316', '1020344116771', 'F', '3'),
('1019492177417', '1016045744316', '1020092688871', 'F', '6'),
('1019492177417', '1016045744316', '1020343865756', 'F', '3'),
('1019492177417', '1016045744316', '1020208410425', 'F', '6'),
('1019492177417', '1016045744316', '1020225959479', 'F', '0'),
('1019492177417', '1016045744316', '1019686423392', 'F', '39'),
('1019492177417', '1016045744316', '1019824969360', 'F', '7'),
('1019492177417', '1016045744316', '1020092452228', 'F', '4'),
('1019492177417', '1016045744316', '1019163453706', 'D', '5'),
('1019492177417', '1016045744316', '1020806576321', 'L', '1'),
('1017056954518', '1016044335989', '1025212982938', 'L', '1'),
('1017056954518', '1016044335989', '1019490764200', 'F', '5'),
('1017056954518', '1016044335989', '1019927181546', 'F', '0'),
('1017056954518', '1016044335989', '1019489367134', 'D', '1'),
('1017056954518', '1016044335989', '1017770537488', 'L', '1'),
('1017056954518', '1016044335989', '1017770356770', 'L', '1'),
('1024583228543', '1016044335989', '1026230939305', 'L', '1'),
('1024583228543', '1016044335989', '1017770537488', 'L', '1'),
('1024583228543', '1016044335989', '1026231399030', 'F', '3'),
('1024583228543', '1016044335989', '1029862185675', 'D', '1'),
('1024583228543', '1016044335989', '1019489367134', 'D', '2'),
('1024583228543', '1023427471602', '1026925052958', 'L', '1'),
('1024594709116', '1016045744316', '1020806576321', 'L', '1'),
('1026420891004', '1016045744316', '1020806576321', 'L', '1'),
('1026420891004', '1023427471602', '1026925052958', 'L', '1'),
('1028225756045', '1025280704476', '1027195308669', 'D', '3'),
('1028285814803', '1025280704476', '1027195308669', 'D', '3'),
('1024594709116', '1016045744316', '1019163453706', 'D', '5'),
('1024594709116', '1023427471602', '1026925052958', 'L', '1'),
('1018445108826', '1016044335989', '1017770537488', 'L', '1'),
('1018445108826', '1016044335989', '1017770356770', 'L', '1'),
('1018445108826', '1016044335989', '1026231399030', 'F', '2'),
('1018445108826', '1016044335989', '1019489367134', 'D', '1'),
('1018445108826', '1016044335989', '1026230939305', 'L', '1'),
('1018445108826', '1016045744316', '1019163453706', 'D', '5'),
('1018445108826', '1016045744316', '1020806576321', 'L', '1'),
('1019070831131', '1016045744316', '1020806576321', 'L', '1'),
('1019070831131', '1017690605883', '1019926448923', 'F', '0'),
('1019070831131', '1017690605883', '1017691290653', 'F', '3'),
('1019070831131', '1017690605883', '1017690928896', 'D', '3'),
('1019070831131', '1017690605883', '1019926154496', 'L', '1'),
('1018445108826', '1016045744316', '1027771450280', 'D', '1'),
('1018445108826', '1023427471602', '1024061253776', 'D', '6'),
('1019503912147', '1015618391913', '1019062890608', 'F', '0'),
('1019503912147', '1015618391913', '1017865042185', 'D', '0'),
('1019503912147', '1015618391913', '1017931586279', 'L', '2'),
('1019503912147', '1016044335989', '1019490764200', 'F', '5'),
('1019503912147', '1016044335989', '1019927181546', 'F', '1'),
('1019503912147', '1016044335989', '1019489367134', 'D', '1'),
('1019503912147', '1016044335989', '1017770537488', 'L', '1'),
('1019503912147', '1016044335989', '1017770356770', 'L', '1'),
('1019503912147', '1016044335989', '1017826613995', 'L', '1'),
('1019503912147', '1016044335989', '1017825799585', 'L', '1'),
('1019503912147', '1016045744316', '1020344116771', 'F', '3'),
('1019503912147', '1016045744316', '1020092688871', 'F', '6'),
('1019503912147', '1016045744316', '1020343865756', 'F', '3'),
('1019503912147', '1016045744316', '1020208410425', 'F', '6'),
('1019503912147', '1016045744316', '1020225959479', 'F', '0'),
('1019503912147', '1016045744316', '1019686423392', 'F', '39'),
('1019503912147', '1016045744316', '1019824969360', 'F', '7'),
('1019503912147', '1016045744316', '1020092452228', 'F', '4'),
('1019503912147', '1016045744316', '1019163453706', 'D', '5'),
('1019503912147', '1016045744316', '1020806576321', 'L', '1'),
('1019503912147', '1017690605883', '1019926448923', 'F', '0'),
('1019503912147', '1017690605883', '1017691290653', 'F', '3'),
('1019503912147', '1017690605883', '1017690928896', 'D', '3'),
('1019503912147', '1017690605883', '1019926154496', 'L', '1'),
('1019503912147', '1018630040414', '1019492658745', 'F', '2'),
('1019503912147', '1018630040414', '1018630474849', 'D', '1'),
('1019503912147', '1018630040414', '1019679086951', 'L', '1'),
('1019503912147', '1019521412057', '1024593863514', 'F', '0'),
('1019503912147', '1019521412057', '1020352978976', 'F', '0'),
('1019503912147', '1019521412057', '1020387870333', 'F', '1'),
('1019503912147', '1019521412057', '1019840790435', 'F', '2'),
('1019503912147', '1019521412057', '1019841061316', 'D', '7'),
('1019503912147', '1019521412057', '1019730282074', 'L', '2'),
('1019503912147', '1019521412057', '1020389449332', 'L', '1'),
('1019503912147', '1019521412057', '1019842155120', 'L', '2'),
('1016645351524', '1019521412057', '1024593863514', 'F', '1'),
('1026149751572', '1026427482871', '1028754502738', 'F', '1'),
('1024938674289', '1016044335989', '1026231399030', 'F', '3'),
('1024938674289', '1016044335989', '1029862185675', 'D', '1'),
('1024938674289', '1016044335989', '1019489367134', 'D', '2'),
('1024938674289', '1016044335989', '1026230939305', 'L', '1'),
('1018471144727', '1015439199628', '1025179698958', 'F', '1'),
('1018471144727', '1015439199628', '1019929104096', 'F', '3'),
('1018471144727', '1015618391913', '1019062890608', 'F', '0'),
('1018471144727', '1015618391913', '1017865042185', 'D', '0'),
('1018471144727', '1015618391913', '1017931586279', 'L', '2'),
('1018471144727', '1016044335989', '1025212982938', 'L', '2'),
('1018471144727', '1016044335989', '1026231399030', 'F', '2'),
('1018471144727', '1016044335989', '1019489367134', 'D', '2'),
('1018471144727', '1016044335989', '1026230939305', 'L', '1'),
('1018471144727', '1016044335989', '1017770537488', 'L', '1'),
('1018471144727', '1016044335989', '1017770356770', 'L', '1'),
('1018471144727', '1016045744316', '1020344116771', 'F', '3'),
('1018471144727', '1016045744316', '1020092688871', 'F', '6'),
('1018471144727', '1016045744316', '1020343865756', 'F', '3'),
('1018471144727', '1016045744316', '1020208410425', 'F', '6'),
('1018471144727', '1016045744316', '1020225959479', 'F', '0'),
('1018471144727', '1016045744316', '1019686423392', 'F', '39'),
('1018471144727', '1016045744316', '1019824969360', 'F', '7'),
('1018471144727', '1016045744316', '1020092452228', 'F', '4'),
('1018471144727', '1016045744316', '1019163453706', 'D', '5'),
('1018471144727', '1016045744316', '1020806576321', 'L', '1'),
('1018471144727', '1017690605883', '1019926448923', 'F', '0'),
('1018471144727', '1017690605883', '1017691290653', 'F', '3'),
('1018471144727', '1017690605883', '1017690928896', 'D', '3'),
('1018471144727', '1017690605883', '1019926154496', 'L', '1'),
('1018471144727', '1018630040414', '1019492658745', 'F', '2'),
('1018471144727', '1018630040414', '1018630474849', 'D', '1'),
('1018471144727', '1018630040414', '1019679086951', 'L', '1'),
('1018471144727', '1019503684356', '1019522197038', 'F', '5'),
('1018471144727', '1019521412057', '1024593863514', 'F', '1'),
('1018471144727', '1019521412057', '1020352978976', 'F', '1'),
('1018471144727', '1019521412057', '1020387870333', 'F', '5'),
('1018471144727', '1019521412057', '1019840790435', 'F', '2'),
('1018471144727', '1019521412057', '1019841061316', 'D', '7'),
('1018471144727', '1019521412057', '1019730282074', 'L', '2'),
('1018471144727', '1019521412057', '1020389449332', 'L', '1'),
('1018471144727', '1019742207241', '1024934816818', 'F', '1'),
('1018471144727', '1019742207241', '1026409984574', 'D', '2'),
('1018471144727', '1019742207241', '1019745181654', 'L', '1'),
('1018471144727', '1019742207241', '1019746342396', 'L', '1'),
('1018471144727', '1019742207241', '1019746014215', 'L', '2'),
('1018471144727', '1019742207241', '1019743717416', 'L', '1'),
('1015331789194', '1018034927150', '1022420328970', 'L', '4'),
('1015331789194', '1019742207241', '1019746775672', 'L', '1'),
('1024583228543', '1019521412057', '1024593863514', 'F', '1'),
('1024583228543', '1019521412057', '1020352978976', 'F', '1'),
('1024583228543', '1019521412057', '1020387870333', 'F', '5'),
('1024583228543', '1019521412057', '1019840790435', 'F', '2'),
('1024583228543', '1019521412057', '1019841061316', 'D', '7'),
('1024583228543', '1019521412057', '1019730282074', 'L', '2'),
('1024583228543', '1019521412057', '1020389449332', 'L', '1'),
('1018372172359', '1023427471602', '1025729124135', 'D', '3'),
('1018369114777', '1016044335989', '1017826613995', 'L', '2'),
('1018369114777', '1016044335989', '1017770537488', 'L', '1'),
('1018369114777', '1016044335989', '1017770356770', 'L', '1'),
('1018369114777', '1016044335989', '1019489367134', 'D', '2'),
('1018369114777', '1016044335989', '1026230939305', 'L', '1'),
('1015331789194', '1023427471602', '1024061253776', 'D', '6'),
('1019484142388', '1019521412057', '1024593863514', 'F', '1'),
('1019484142388', '1019521412057', '1020352978976', 'F', '1'),
('1019484142388', '1019521412057', '1020387870333', 'F', '5'),
('1019484142388', '1019521412057', '1019840790435', 'F', '2'),
('1019484142388', '1019521412057', '1019841061316', 'D', '7'),
('1019484142388', '1019521412057', '1019730282074', 'L', '2'),
('1019484142388', '1019521412057', '1020389449332', 'L', '1'),
('1015347803599', '1019742207241', '1019742874857', 'L', '2'),
('1015347803599', '1019742207241', '1026409984574', 'D', '2'),
('1025029389427', '1016044335989', '1026230939305', 'L', '1'),
('1025029389427', '1016044335989', '1017770537488', 'L', '1'),
('1025029389427', '1016044335989', '1026231399030', 'F', '3'),
('1025029389427', '1016044335989', '1029862185675', 'D', '1'),
('1025029389427', '1016044335989', '1019489367134', 'D', '2'),
('1025029436714', '1016044335989', '1026231399030', 'F', '3'),
('1025029436714', '1016044335989', '1029862185675', 'D', '1'),
('1025029436714', '1016044335989', '1019489367134', 'D', '2'),
('1025029436714', '1016044335989', '1026230939305', 'L', '1'),
('1025029436714', '1016044335989', '1017770537488', 'L', '1'),
('1025029436714', '1016044335989', '1017770356770', 'L', '1'),
('1025029436714', '1019521412057', '1024593863514', 'F', '1'),
('1025029436714', '1019521412057', '1020352978976', 'F', '1'),
('1025029436714', '1019521412057', '1020387870333', 'F', '5'),
('1025029436714', '1019521412057', '1019840790435', 'F', '2'),
('1025029436714', '1019521412057', '1019841061316', 'D', '7'),
('1025029436714', '1019521412057', '1019730282074', 'L', '2'),
('1025029436714', '1019521412057', '1020389449332', 'L', '1'),
('1024336496530', '1016044335989', '1026231399030', 'F', '3'),
('1024336496530', '1016044335989', '1029862185675', 'D', '1'),
('1024336496530', '1016044335989', '1019489367134', 'D', '2'),
('1024336496530', '1016044335989', '1026230939305', 'L', '1'),
('1024336496530', '1016044335989', '1017770537488', 'L', '1'),
('1024336496530', '1016044335989', '1017770356770', 'L', '1'),
('1024336496530', '1023427471602', '1024061253776', 'D', '6'),
('1018630512794', '1015618391913', '1019062890608', 'F', '0'),
('1018630512794', '1015618391913', '1017865042185', 'D', '0'),
('1018630512794', '1015618391913', '1017931586279', 'L', '2'),
('1018630512794', '1017690605883', '1019926448923', 'F', '0'),
('1018630512794', '1017690605883', '1017691290653', 'F', '3'),
('1018630512794', '1017690605883', '1017690928896', 'D', '3'),
('1018630512794', '1017690605883', '1019926154496', 'L', '1'),
('1018630512794', '1018034927150', '1022419585376', 'D', '3'),
('1018630512794', '1018034927150', '1022420056192', 'L', '1'),
('1018630512794', '1018034927150', '1022420328970', 'L', '4'),
('1018630512794', '1018630040414', '1019492658745', 'F', '2'),
('1018630512794', '1018630040414', '1018630474849', 'D', '1'),
('1018630512794', '1018630040414', '1019679086951', 'L', '1'),
('1018630512794', '1019742207241', '1024934816818', 'F', '1'),
('1018630512794', '1019742207241', '1026409984574', 'D', '2'),
('1018630512794', '1019742207241', '1019745181654', 'L', '1'),
('1018630512794', '1019742207241', '1019746342396', 'L', '1'),
('1018630512794', '1019742207241', '1019746014215', 'L', '2'),
('1018630512794', '1019742207241', '1019743717416', 'L', '1'),
('1021486913977', '1016044335989', '1026231399030', 'F', '3'),
('1021486913977', '1016044335989', '1029862185675', 'D', '1'),
('1021486913977', '1016044335989', '1019489367134', 'D', '2'),
('1021486913977', '1016044335989', '1026230939305', 'L', '1'),
('1021486913977', '1016044335989', '1017770537488', 'L', '1'),
('1021486913977', '1016044335989', '1017770356770', 'L', '1'),
('1025192798723', '1016045744316', '1019163453706', 'D', '5'),
('1025192798723', '1016045744316', '1020806576321', 'L', '1'),
('1024336496530', '1028572556325', '1029511090381', 'D', '5'),
('1018369114777', '1028572556325', '1029511090381', 'D', '5'),
('1018369114777', '1029320981135', '1029358038708', 'L', '1'),
('1016730061655', '1027970948483', '1028463831434', 'D', '1'),
('1016730061655', '1027970948483', '1028462355815', 'L', '1'),
('1025192798723', '1016045744316', '1027771450280', 'D', '1'),
('1025192798723', '1023427471602', '1025729124135', 'D', '3'),
('1017752939512', '1016044335989', '1019490764200', 'F', '5'),
('1017752939512', '1016044335989', '1019927181546', 'F', '0'),
('1017752939512', '1016044335989', '1019489367134', 'D', '1'),
('1017752939512', '1016044335989', '1017770537488', 'L', '1'),
('1017752939512', '1016044335989', '1017770356770', 'L', '1'),
('1017752939512', '1016044335989', '1025212982938', 'L', '2'),
('1028058430689', '1016045744316', '1020806576321', 'L', '1'),
('1017752939512', '1016045744316', '1020806576321', 'L', '1'),
('1026669832520', '1015618391913', '1019062890608', 'F', '0'),
('1026669832520', '1015618391913', '1017865042185', 'D', '0'),
('1026669832520', '1015618391913', '1017931586279', 'L', '2'),
('1028058430689', '1016045744316', '1019163453706', 'D', '5'),
('1017752939512', '1016045744316', '1019163453706', 'D', '5'),
('1017752939512', '1019503684356', '1019522197038', 'F', '5'),
('1017752939512', '1023427471602', '1024061253776', 'D', '6'),
('1025201469667', '1016044335989', '1017770356770', 'L', '1'),
('1025201469667', '1016044335989', '1019489367134', 'D', '2'),
('1025201469667', '1016044335989', '1026230939305', 'L', '1'),
('1025201469667', '1016044335989', '1017770537488', 'L', '1'),
('1025201469667', '1016044335989', '1026231399030', 'F', '3'),
('1025201469667', '1016044335989', '1029862185675', 'D', '1'),
('1018471180982', '1015439199628', '1025179698958', 'F', '1'),
('1018471180982', '1015439199628', '1019929104096', 'F', '3'),
('1018471180982', '1015439199628', '1019521673978', 'F', '2'),
('1018471180982', '1015439199628', '1019078307412', 'D', '6'),
('1018471180982', '1016044335989', '1025212982938', 'L', '2'),
('1018471180982', '1016044335989', '1026231399030', 'F', '3'),
('1018471180982', '1016044335989', '1019489367134', 'D', '2'),
('1018471180982', '1016044335989', '1026230939305', 'L', '1'),
('1018471180982', '1016044335989', '1017770537488', 'L', '1'),
('1018471180982', '1016044335989', '1017770356770', 'L', '1'),
('1018471180982', '1016045744316', '1019163453706', 'D', '5'),
('1018471180982', '1016045744316', '1020806576321', 'L', '1'),
('1018471180982', '1025280704476', '1027195308669', 'D', '3'),
('1028058430689', '1015618391913', '1019062890608', 'F', '0'),
('1028058430689', '1015618391913', '1017865042185', 'D', '0'),
('1028058430689', '1015618391913', '1017931586279', 'L', '2'),
('1028058430689', '1016045744316', '1027771450280', 'D', '1'),
('1018471180982', '1016045744316', '1027771450280', 'D', '1'),
('1018471180982', '1019503684356', '1019522197038', 'F', '5'),
('1018471180982', '1019521412057', '1024593863514', 'F', '0'),
('1018471180982', '1019521412057', '1020352978976', 'F', '0'),
('1018471180982', '1019521412057', '1020387870333', 'F', '3'),
('1018471180982', '1019521412057', '1019840790435', 'F', '2'),
('1018471180982', '1019521412057', '1019841061316', 'D', '7'),
('1018471180982', '1019521412057', '1019730282074', 'L', '2'),
('1018471180982', '1019521412057', '1020389449332', 'L', '1'),
('1017770043725', '1023427471602', '1024061253776', 'D', '6'),
('1025203222825', '1015439199628', '1025179698958', 'F', '1'),
('1025203222825', '1015439199628', '1019929104096', 'F', '3'),
('1025203222825', '1015439199628', '1019521673978', 'F', '2'),
('1025203222825', '1015439199628', '1019078307412', 'D', '6'),
('1025203222825', '1015618391913', '1019062890608', 'F', '0'),
('1025203222825', '1015618391913', '1017865042185', 'D', '0'),
('1025203222825', '1015618391913', '1017931586279', 'L', '2'),
('1025203222825', '1016044335989', '1026231399030', 'F', '3'),
('1025203222825', '1016044335989', '1029862185675', 'D', '1'),
('1025203222825', '1016044335989', '1019489367134', 'D', '2'),
('1025203222825', '1016044335989', '1026230939305', 'L', '1'),
('1025203222825', '1016044335989', '1017770537488', 'L', '1'),
('1025203222825', '1016044335989', '1017770356770', 'L', '1'),
('1025203222825', '1016045744316', '1019163453706', 'D', '5'),
('1025203222825', '1016045744316', '1020806576321', 'L', '1'),
('1025203222825', '1017690605883', '1019926448923', 'F', '0'),
('1025203222825', '1017690605883', '1017691290653', 'F', '3'),
('1025203222825', '1017690605883', '1017690928896', 'D', '3'),
('1025203222825', '1017690605883', '1019926154496', 'L', '1'),
('1025203222825', '1026932502854', '1027967475124', 'F', '2'),
('1025203222825', '1016045744316', '1027771450280', 'D', '1'),
('1025203222825', '1018630040414', '1019492658745', 'F', '2'),
('1025203222825', '1018630040414', '1018630474849', 'D', '1'),
('1025203222825', '1018630040414', '1019679086951', 'L', '1'),
('1025203222825', '1019503684356', '1019522197038', 'F', '5'),
('1025203222825', '1019521412057', '1024593863514', 'F', '1'),
('1025203222825', '1019521412057', '1020352978976', 'F', '1'),
('1025203222825', '1019521412057', '1020387870333', 'F', '5'),
('1025203222825', '1019521412057', '1019840790435', 'F', '2'),
('1025203222825', '1019521412057', '1019841061316', 'D', '7'),
('1025203222825', '1019521412057', '1019730282074', 'L', '2'),
('1025203222825', '1019521412057', '1020389449332', 'L', '1'),
('1025203222825', '1019742207241', '1024934816818', 'F', '1'),
('1025203222825', '1019742207241', '1026409984574', 'D', '2'),
('1025203222825', '1019742207241', '1019745181654', 'L', '1'),
('1025203222825', '1019742207241', '1019746342396', 'L', '1'),
('1025203222825', '1019742207241', '1019746014215', 'L', '2'),
('1025203222825', '1019742207241', '1019743717416', 'L', '1'),
('1025203222825', '1019795057341', '1020224335081', 'F', '1'),
('1025203222825', '1019795057341', '1020223863529', 'D', '1'),
('1025203222825', '1021497581156', '1021498062999', 'D', '1'),
('1025203222825', '1023427471602', '1024061253776', 'D', '6'),
('1025203222825', '1025028206102', '1028296370008', 'D', '1'),
('1025056925487', '1016045744316', '1019163453706', 'D', '5'),
('1025056925487', '1016045744316', '1020806576321', 'L', '1'),
('1020098106685', '1016044335989', '1017825799585', 'L', '1'),
('1020098106685', '1023427471602', '1024061253776', 'D', '6'),
('1018530537981', '1025028206102', '1028296370008', 'D', '1'),
('1018530537981', '1025280704476', '1027195308669', 'D', '3'),
('1019071557673', '1027220991149', '1027386189782', 'D', '1'),
('1025056925487', '1016045744316', '1027771450280', 'D', '1'),
('1025056925487', '1023427471602', '1024061253776', 'D', '6'),
('1024938674289', '1016044335989', '1017770537488', 'L', '1'),
('1015439644996', '1015439199628', '1019078307412', 'D', '6'),
('1015439644996', '1016044335989', '1019490764200', 'F', '5'),
('1015439644996', '1016044335989', '1019927181546', 'F', '2'),
('1015439644996', '1016044335989', '1019489367134', 'D', '1'),
('1015439644996', '1016044335989', '1017770537488', 'L', '1'),
('1015439644996', '1016044335989', '1017770356770', 'L', '1'),
('1015439644996', '1016044335989', '1025212982938', 'L', '1'),
('1015439644996', '1016044335989', '1017826613995', 'L', '1'),
('1015439644996', '1016044335989', '1017825799585', 'L', '1'),
('1017752939512', '1016044335989', '1017826613995', 'L', '1'),
('1017752939512', '1024592802696', '1026163065926', 'F', '3'),
('1017752939512', '1024592802696', '1026319232417', 'F', '6'),
('1018369114777', '1016044335989', '1026231399030', 'F', '3'),
('1018369114777', '1016044335989', '1029862185675', 'D', '1'),
('1015347803599', '1015439199628', '1019521673978', 'F', '2'),
('1015347803599', '1015439199628', '1019078307412', 'D', '6'),
('1015347803599', '1016044335989', '1017826613995', 'L', '2'),
('1015347803599', '1016044335989', '1017825799585', 'L', '1'),
('1017056954518', '1016044335989', '1017826613995', 'L', '1'),
('1017056954518', '1016044335989', '1017825799585', 'L', '1'),
('1017056954518', '1016045744316', '1020806576321', 'L', '1'),
('1017056954518', '1026932502854', '1027967475124', 'F', '2'),
('1028033173808', '1019742207241', '1019743717416', 'L', '1'),
('1028033173808', '1019742207241', '1019742874857', 'L', '2'),
('1028033173808', '1019742207241', '1019746775672', 'L', '1'),
('1028033173808', '1019795057341', '1020224335081', 'F', '1'),
('1017056954518', '1016045744316', '1019163453706', 'D', '5'),
('1017056954518', '1019795057341', '1020224335081', 'F', '1'),
('1017056954518', '1019795057341', '1020223863529', 'D', '1'),
('1017056954518', '1023427471602', '1026925052958', 'L', '1'),
('1023459951983', '1015439199628', '1019521673978', 'F', '2'),
('1023459951983', '1015439199628', '1019078307412', 'D', '6'),
('1023459951983', '1016044335989', '1026231399030', 'F', '3'),
('1023459951983', '1016044335989', '1029862185675', 'D', '1'),
('1023459951983', '1023427471602', '1025729124135', 'D', '3'),
('1021487095814', '1016044335989', '1017770356770', 'L', '1'),
('1021487095814', '1016044335989', '1019489367134', 'D', '2'),
('1021487095814', '1016044335989', '1026230939305', 'L', '1'),
('1021487095814', '1016044335989', '1017770537488', 'L', '1'),
('1021487095814', '1016044335989', '1026231399030', 'F', '3'),
('1021487095814', '1016044335989', '1029862185675', 'D', '1'),
('1021487095814', '1019503684356', '1019522197038', 'F', '5'),
('1021487095814', '1019521412057', '1024593863514', 'F', '1'),
('1021487095814', '1019521412057', '1020352978976', 'F', '1'),
('1021487095814', '1019521412057', '1020387870333', 'F', '5'),
('1021487095814', '1019521412057', '1019840790435', 'F', '2'),
('1021487095814', '1019521412057', '1019841061316', 'D', '7'),
('1021487095814', '1019521412057', '1019730282074', 'L', '2'),
('1021487095814', '1019521412057', '1020389449332', 'L', '1'),
('1021487095814', '1023427471602', '1025729124135', 'D', '3'),
('1024583228543', '1023427471602', '1025729124135', 'D', '3'),
('1025030216215', '1015439199628', '1025179698958', 'F', '1'),
('1025030216215', '1015439199628', '1019929104096', 'F', '3'),
('1025030216215', '1015439199628', '1019521673978', 'F', '2'),
('1025030216215', '1015439199628', '1019078307412', 'D', '6'),
('1025030216215', '1016044335989', '1026231399030', 'F', '3'),
('1025030216215', '1016044335989', '1029862185675', 'D', '1'),
('1025030216215', '1016044335989', '1019489367134', 'D', '2'),
('1025030216215', '1016044335989', '1026230939305', 'L', '1'),
('1025030216215', '1016044335989', '1017770537488', 'L', '1'),
('1025030216215', '1016044335989', '1017770356770', 'L', '1'),
('1025030216215', '1016044335989', '1025212982938', 'L', '2'),
('1025030216215', '1019503684356', '1019522197038', 'F', '5'),
('1025030216215', '1023427471602', '1024061253776', 'D', '6'),
('1025030216215', '1025028206102', '1028296370008', 'D', '1'),
('1018445108826', '1016044335989', '1017825799585', 'L', '1'),
('1018445108826', '1023427471602', '1025729124135', 'D', '3'),
('1019087441845', '1024592802696', '1026241820579', 'D', '1'),
('1024594709116', '1024592802696', '1026163065926', 'F', '3'),
('1024594709116', '1024592802696', '1026319232417', 'F', '6'),
('1025029389427', '1025704105442', '1025704781499', 'D', '2'),
('1019830851073', '1016045744316', '1020344116771', 'F', '3'),
('1019830851073', '1016045744316', '1020092688871', 'F', '6'),
('1019830851073', '1016045744316', '1020343865756', 'F', '3'),
('1019830851073', '1016045744316', '1020208410425', 'F', '6'),
('1019830851073', '1016045744316', '1020225959479', 'F', '0'),
('1019830851073', '1016045744316', '1019686423392', 'F', '39'),
('1019830851073', '1016045744316', '1019824969360', 'F', '7'),
('1019830851073', '1016045744316', '1020092452228', 'F', '4'),
('1019830851073', '1016045744316', '1019163453706', 'D', '5'),
('1019830851073', '1016045744316', '1020806576321', 'L', '1'),
('1019830851073', '1019521412057', '1024593863514', 'F', '0'),
('1019830851073', '1019521412057', '1020352978976', 'F', '0'),
('1019830851073', '1019521412057', '1020387870333', 'F', '1'),
('1019830851073', '1019521412057', '1019840790435', 'F', '2'),
('1019830851073', '1019521412057', '1019841061316', 'D', '7'),
('1019830851073', '1019521412057', '1019730282074', 'L', '2'),
('1019830851073', '1019521412057', '1020389449332', 'L', '1'),
('1019830851073', '1019521412057', '1019842155120', 'L', '2'),
('1016734899516', '1024592802696', '1025216428534', 'D', '0'),
('1016734899516', '1024592802696', '1026319232417', 'F', '6'),
('1024938674289', '1015439199628', '1025179698958', 'F', '1'),
('1024938674289', '1015439199628', '1019929104096', 'F', '3'),
('1024938674289', '1015439199628', '1019521673978', 'F', '2'),
('1024938674289', '1015439199628', '1019078307412', 'D', '6'),
('1016645351524', '1019521412057', '1019842155120', 'L', '2'),
('1024938674289', '1019521412057', '1024593863514', 'F', '1'),
('1024938674289', '1019521412057', '1020352978976', 'F', '1'),
('1024938674289', '1019521412057', '1020387870333', 'F', '5'),
('1024938674289', '1019521412057', '1019840790435', 'F', '2'),
('1024938674289', '1019521412057', '1019841061316', 'D', '7'),
('1024938674289', '1019521412057', '1019730282074', 'L', '2'),
('1024938674289', '1019521412057', '1020389449332', 'L', '1'),
('1025203222825', '1016044335989', '1025212982938', 'L', '2'),
('1017770512556', '1016044335989', '1017770356770', 'L', '1'),
('1017770512556', '1016044335989', '1025212982938', 'L', '2'),
('1024583228543', '1019795057341', '1020223863529', 'D', '1'),
('1025030216215', '1016044335989', '1017826613995', 'L', '2'),
('1016302913498', '1016044335989', '1017826613995', 'L', '1'),
('1016302913498', '1024592802696', '1025216428534', 'D', '0'),
('1018369114777', '1016044335989', '1025212982938', 'L', '2'),
('1025029436714', '1016044335989', '1025212982938', 'L', '2'),
('1022090270729', '1016044335989', '1017826613995', 'L', '2'),
('1022090270729', '1019742207241', '1019742874857', 'L', '2'),
('1022090270729', '1019742207241', '1026409984574', 'D', '2'),
('1025702315388', '1016044335989', '1017770356770', 'L', '1'),
('1025702315388', '1016044335989', '1019489367134', 'D', '2'),
('1025702315388', '1016044335989', '1026230939305', 'L', '1'),
('1025702315388', '1016044335989', '1017770537488', 'L', '1'),
('1025702315388', '1016044335989', '1026231399030', 'F', '3'),
('1025702315388', '1016044335989', '1029862185675', 'D', '1'),
('1025702865556', '1016044335989', '1025212982938', 'L', '2'),
('1025702865556', '1016044335989', '1026230939305', 'L', '1'),
('1025702865556', '1016044335989', '1017770537488', 'L', '1'),
('1025702865556', '1016044335989', '1017770356770', 'L', '1'),
('1025702865556', '1016044335989', '1026231399030', 'F', '2'),
('1025702865556', '1016044335989', '1019489367134', 'D', '2'),
('1023459951983', '1016044335989', '1017826613995', 'L', '2'),
('1017927390789', '1019521412057', '1024593863514', 'F', '0'),
('1017927390789', '1019521412057', '1020352978976', 'F', '0'),
('1017927390789', '1019521412057', '1020387870333', 'F', '3'),
('1017927390789', '1019521412057', '1019840790435', 'F', '2'),
('1017927390789', '1019521412057', '1019841061316', 'D', '7'),
('1017927390789', '1019521412057', '1019730282074', 'L', '2'),
('1017927390789', '1019521412057', '1020389449332', 'L', '1'),
('1024583349330', '1016044335989', '1017770356770', 'L', '1'),
('1024583349330', '1016044335989', '1019489367134', 'D', '2'),
('1024583349330', '1016044335989', '1026230939305', 'L', '1'),
('1024583349330', '1016044335989', '1017770537488', 'L', '1'),
('1024583349330', '1016044335989', '1026231399030', 'F', '3'),
('1024583349330', '1016044335989', '1029862185675', 'D', '1'),
('1024583349330', '1025704105442', '1025704781499', 'D', '2'),
('1023459951983', '1025704105442', '1025704781499', 'D', '2'),
('1025709453428', '1016044335989', '1025212982938', 'L', '2'),
('1025709453428', '1016044335989', '1026230939305', 'L', '1'),
('1025709453428', '1016044335989', '1017770537488', 'L', '1'),
('1025709453428', '1016044335989', '1017770356770', 'L', '1'),
('1025709453428', '1016044335989', '1026231399030', 'F', '3'),
('1025709453428', '1016044335989', '1019489367134', 'D', '2'),
('1025709453428', '1025704105442', '1025704781499', 'D', '2'),
('1025709950535', '1016044335989', '1025212982938', 'L', '2'),
('1025709950535', '1016044335989', '1026230939305', 'L', '1'),
('1025709950535', '1016044335989', '1017770537488', 'L', '1'),
('1025709950535', '1016044335989', '1017770356770', 'L', '1'),
('1025709950535', '1016044335989', '1026231399030', 'F', '3'),
('1025709950535', '1016044335989', '1019489367134', 'D', '2'),
('1025709950535', '1025028206102', '1028296370008', 'D', '1'),
('1019737602440', '1021497581156', '1021498062999', 'D', '1'),
('1018878153623', '1015439199628', '1025179698958', 'F', '1'),
('1018878153623', '1015439199628', '1019929104096', 'F', '3'),
('1018878153623', '1015439199628', '1019521673978', 'F', '2'),
('1018878153623', '1015439199628', '1019078307412', 'D', '6'),
('1018878153623', '1019503684356', '1019522197038', 'F', '5'),
('1018878153623', '1019521412057', '1024593863514', 'F', '0'),
('1018878153623', '1019521412057', '1020352978976', 'F', '0'),
('1018878153623', '1019521412057', '1020387870333', 'F', '3'),
('1018878153623', '1019521412057', '1019840790435', 'F', '2'),
('1018878153623', '1019521412057', '1019841061316', 'D', '7'),
('1018878153623', '1019521412057', '1019730282074', 'L', '2'),
('1018878153623', '1019521412057', '1020389449332', 'L', '1'),
('1019737602440', '1018630040414', '1019492658745', 'F', '2'),
('1019737602440', '1018630040414', '1018630474849', 'D', '1'),
('1019737602440', '1018630040414', '1019679086951', 'L', '1'),
('1019737602440', '1019742207241', '1024934816818', 'F', '1'),
('1019737602440', '1019742207241', '1026409984574', 'D', '2'),
('1019737602440', '1019742207241', '1019745181654', 'L', '1'),
('1019737602440', '1019742207241', '1019746342396', 'L', '1'),
('1019737602440', '1019742207241', '1019746014215', 'L', '2'),
('1019737602440', '1019742207241', '1019743717416', 'L', '1'),
('1019737602440', '1019795057341', '1020224335081', 'F', '1'),
('1019737602440', '1019795057341', '1020223863529', 'D', '1'),
('1018995994873', '1016044335989', '1017770356770', 'L', '1'),
('1018995994873', '1016044335989', '1019489367134', 'D', '2'),
('1018995994873', '1016044335989', '1026230939305', 'L', '1'),
('1018995994873', '1016044335989', '1017770537488', 'L', '1'),
('1018995994873', '1016044335989', '1026231399030', 'F', '3'),
('1018995994873', '1016044335989', '1029862185675', 'D', '1'),
('1018995994873', '1019503684356', '1019522197038', 'F', '5'),
('1024594709116', '1023427471602', '1025729124135', 'D', '3'),
('1015331789194', '1023427471602', '1025729124135', 'D', '3'),
('1017770043725', '1023427471602', '1025729124135', 'D', '3'),
('1017770043725', '1024592802696', '1025216428534', 'D', '0'),
('1017770043725', '1024592802696', '1026241820579', 'D', '1'),
('1019423755498', '1015439199628', '1025179698958', 'F', '1'),
('1019423755498', '1015439199628', '1019929104096', 'F', '3'),
('1019423755498', '1015439199628', '1019521673978', 'F', '2'),
('1019423755498', '1015439199628', '1019078307412', 'D', '6'),
('1019423755498', '1019503684356', '1019522197038', 'F', '5'),
('1019423755498', '1025028206102', '1025117940382', 'D', '3'),
('1021486913977', '1016044335989', '1025212982938', 'L', '2'),
('1021486913977', '1016045744316', '1019163453706', 'D', '5'),
('1021486913977', '1016045744316', '1020806576321', 'L', '1'),
('1021486913977', '1019521412057', '1019842155120', 'L', '2'),
('1021486913977', '1023427471602', '1026925052958', 'L', '1'),
('1021486913977', '1025280704476', '1027195308669', 'D', '3'),
('1027949734075', '1025280704476', '1027195308669', 'D', '3'),
('1028058430689', '1024592802696', '1026163065926', 'F', '3'),
('1021486913977', '1016045744316', '1027771450280', 'D', '1'),
('1021486913977', '1019503684356', '1019522197038', 'F', '5'),
('1021486913977', '1019521412057', '1024593863514', 'F', '1'),
('1021486913977', '1019521412057', '1020352978976', 'F', '1'),
('1021486913977', '1019521412057', '1020387870333', 'F', '5'),
('1021486913977', '1019521412057', '1019840790435', 'F', '2'),
('1021486913977', '1019521412057', '1019841061316', 'D', '7'),
('1021486913977', '1019521412057', '1019730282074', 'L', '2'),
('1021486913977', '1019521412057', '1020389449332', 'L', '1'),
('1021486913977', '1023427471602', '1025729124135', 'D', '3'),
('1021486913977', '1025704105442', '1025704781499', 'D', '2'),
('1024336496530', '1016044335989', '1025212982938', 'L', '2'),
('1024336496530', '1019521412057', '1024593863514', 'F', '1'),
('1024336496530', '1019521412057', '1020352978976', 'F', '1'),
('1024336496530', '1019521412057', '1020387870333', 'F', '5'),
('1024336496530', '1019521412057', '1019840790435', 'F', '2'),
('1024336496530', '1019521412057', '1019841061316', 'D', '7'),
('1024336496530', '1019521412057', '1019730282074', 'L', '2'),
('1024336496530', '1019521412057', '1020389449332', 'L', '1'),
('1024336496530', '1023427471602', '1025729124135', 'D', '3'),
('1024336496530', '1025704105442', '1025704781499', 'D', '2'),
('1025203222825', '1023427471602', '1025729124135', 'D', '3'),
('1025203222825', '1025704105442', '1025704781499', 'D', '2'),
('1025801616515', '1016045744316', '1019163453706', 'D', '5'),
('1025801616515', '1016045744316', '1020806576321', 'L', '1'),
('1021487095814', '1016045744316', '1020806576321', 'L', '1'),
('1027964508169', '1023427471602', '1024061253776', 'D', '6'),
('1027964508169', '1023427471602', '1025729124135', 'D', '3'),
('1027964508169', '1023427471602', '1026925052958', 'L', '1'),
('1027964508169', '1026427482871', '1028754502738', 'F', '1'),
('1025801616515', '1016045744316', '1027771450280', 'D', '1'),
('1025803404829', '1023427471602', '1024061253776', 'D', '6'),
('1025803404829', '1023427471602', '1025729124135', 'D', '3'),
('1016687252266', '1015618391913', '1019062890608', 'F', '0'),
('1016687252266', '1015618391913', '1017865042185', 'D', '0'),
('1016687252266', '1015618391913', '1017931586279', 'L', '2'),
('1016687252266', '1016044335989', '1025212982938', 'L', '2'),
('1016687252266', '1016044335989', '1026230939305', 'L', '1'),
('1016687252266', '1016044335989', '1017770537488', 'L', '1'),
('1016687252266', '1016044335989', '1017770356770', 'L', '1'),
('1016687252266', '1016044335989', '1026231399030', 'F', '3'),
('1016687252266', '1016044335989', '1019489367134', 'D', '2'),
('1015347803599', '1023427471602', '1025729124135', 'D', '3'),
('1015347803599', '1025704105442', '1025704781499', 'D', '2'),
('1018369114777', '1023427471602', '1025729124135', 'D', '3'),
('1018369114777', '1025704105442', '1025704781499', 'D', '2'),
('1017770043725', '1016045744316', '1019163453706', 'D', '5'),
('1017770043725', '1016045744316', '1020806576321', 'L', '1'),
('1026141763486', '1016045744316', '1020806576321', 'L', '1'),
('1026141763486', '1026427482871', '1027028302121', 'F', '3'),
('1028209117615', '1023427471602', '1026925052958', 'L', '1'),
('1019139944399', '1019521412057', '1019842155120', 'L', '2'),
('1017770043725', '1016045744316', '1027771450280', 'D', '1'),
('1017752939512', '1016044335989', '1017825799585', 'L', '1'),
('1017752939512', '1023427471602', '1025729124135', 'D', '3'),
('1015331789194', '1016044335989', '1017826613995', 'L', '1'),
('1015331789194', '1016044335989', '1017825799585', 'L', '1'),
('1017230367133', '1019521412057', '1019730282074', 'L', '2'),
('1017230367133', '1016045744316', '1019163453706', 'D', '5'),
('1017230367133', '1016045744316', '1020806576321', 'L', '1'),
('1017230367133', '1019521412057', '1024593863514', 'F', '1'),
('1017230367133', '1019521412057', '1020352978976', 'F', '1'),
('1017230367133', '1019521412057', '1020387870333', 'F', '5'),
('1017230367133', '1019521412057', '1019840790435', 'F', '2'),
('1017230367133', '1019521412057', '1019841061316', 'D', '7'),
('1017230367133', '1023427471602', '1024061253776', 'D', '6'),
('1017230367133', '1023427471602', '1025729124135', 'D', '3'),
('1020369242464', '1016045744316', '1019163453706', 'D', '5'),
('1020369242464', '1016045744316', '1020806576321', 'L', '1'),
('1019071557673', '1027220991149', '1027385689839', 'L', '3'),
('1022090270729', '1025704105442', '1025704781499', 'D', '2'),
('1027742288038', '1016044335989', '1025212982938', 'L', '2'),
('1027742288038', '1016044335989', '1017826613995', 'L', '2'),
('1027742288038', '1025704105442', '1025704781499', 'D', '2'),
('1020369242464', '1016045744316', '1027771450280', 'D', '1'),
('1020369242464', '1023427471602', '1024061253776', 'D', '6'),
('1020369242464', '1023427471602', '1025729124135', 'D', '3'),
('1016645351524', '1016045744316', '1019163453706', 'D', '5'),
('1016645351524', '1016045744316', '1020806576321', 'L', '1'),
('1016645351524', '1026932502854', '1027967475124', 'F', '1'),
('1017680882034', '1018034927150', '1022419585376', 'D', '3'),
('1017680882034', '1018034927150', '1022420056192', 'L', '1'),
('1017680882034', '1018034927150', '1022420328970', 'L', '4'),
('1015331789194', '1026932502854', '1027967475124', 'F', '1'),
('1016645351524', '1016045744316', '1027771450280', 'D', '1'),
('1016645351524', '1023427471602', '1026925052958', 'L', '1'),
('1019050994833', '1026427482871', '1028754502738', 'F', '1'),
('1016302913498', '1016045744316', '1027771450280', 'D', '1'),
('1016302913498', '1023427471602', '1025729124135', 'D', '3'),
('1015439644996', '1019521412057', '1024593863514', 'F', '1'),
('1015439644996', '1024592802696', '1026163065926', 'F', '3'),
('1015439644996', '1024592802696', '1026319232417', 'F', '6'),
('1017230367133', '1019521412057', '1020389449332', 'L', '1'),
('1017230367133', '1016045744316', '1027771450280', 'D', '1'),
('1015331789194', '1016045744316', '1019163453706', 'D', '5'),
('1015331789194', '1016045744316', '1020806576321', 'L', '1'),
('1016645622861', '1015439199628', '1025179698958', 'F', '1'),
('1016645622861', '1015439199628', '1019929104096', 'F', '3'),
('1016645622861', '1015439199628', '1019521673978', 'F', '2'),
('1016645622861', '1015439199628', '1019078307412', 'D', '6'),
('1016645622861', '1023427471602', '1024061253776', 'D', '4'),
('1016645622861', '1023427471602', '1025729124135', 'D', '3'),
('1015439644996', '1023427471602', '1025729124135', 'D', '3'),
('1025779965235', '1025704105442', '1025704781499', 'D', '2'),
('1028058430689', '1023427471602', '1024061253776', 'D', '6'),
('1017752939512', '1016045744316', '1027771450280', 'D', '1'),
('1028033173808', '1019795057341', '1020223863529', 'D', '1'),
('1017056954518', '1016045744316', '1027771450280', 'D', '1'),
('1017056954518', '1023427471602', '1025729124135', 'D', '3'),
('1017056954518', '1024592802696', '1026163065926', 'F', '3'),
('1017056954518', '1024592802696', '1026319232417', 'F', '6'),
('1017232383457', '1024592802696', '1026241820579', 'D', '1'),
('1016734899516', '1016045744316', '1027771450280', 'D', '1'),
('1016734899516', '1023427471602', '1025729124135', 'D', '3'),
('1018517966065', '1015439199628', '1025179698958', 'F', '1'),
('1018517966065', '1015439199628', '1019929104096', 'F', '3'),
('1018517966065', '1015439199628', '1019521673978', 'F', '2'),
('1018517966065', '1015439199628', '1019078307412', 'D', '6'),
('1018517966065', '1015618391913', '1019062890608', 'F', '0'),
('1018517966065', '1015618391913', '1017865042185', 'D', '0'),
('1018517966065', '1015618391913', '1017931586279', 'L', '2'),
('1018517966065', '1016044335989', '1017770356770', 'L', '1'),
('1018517966065', '1016044335989', '1019489367134', 'D', '2'),
('1018517966065', '1016044335989', '1026230939305', 'L', '1'),
('1018517966065', '1016044335989', '1017770537488', 'L', '1'),
('1018517966065', '1016044335989', '1026231399030', 'F', '3'),
('1018517966065', '1016044335989', '1029862185675', 'D', '1'),
('1018517966065', '1016045744316', '1019163453706', 'D', '5'),
('1018517966065', '1016045744316', '1020806576321', 'L', '1'),
('1019070831131', '1023427471602', '1026925052958', 'L', '1'),
('1019070831131', '1026427482871', '1028754502738', 'F', '1'),
('1027742288038', '1016044335989', '1026231399030', 'F', '3'),
('1027742288038', '1016044335989', '1029862185675', 'D', '1'),
('1027742288038', '1016044335989', '1019489367134', 'D', '2'),
('1018517966065', '1016045744316', '1027771450280', 'D', '1'),
('1018517966065', '1017690605883', '1019926448923', 'F', '0'),
('1018517966065', '1017690605883', '1017691290653', 'F', '3'),
('1018517966065', '1017690605883', '1017690928896', 'D', '3'),
('1018517966065', '1017690605883', '1019926154496', 'L', '1'),
('1018517966065', '1018630040414', '1019492658745', 'F', '2'),
('1018517966065', '1018630040414', '1018630474849', 'D', '1'),
('1018517966065', '1018630040414', '1019679086951', 'L', '1'),
('1018517966065', '1019503684356', '1019522197038', 'F', '5'),
('1018517966065', '1019795057341', '1020224335081', 'F', '1'),
('1018517966065', '1019795057341', '1020223863529', 'D', '1'),
('1025173937798', '1016044335989', '1025212982938', 'L', '2'),
('1025173937798', '1016044335989', '1026231399030', 'F', '3'),
('1025173937798', '1016044335989', '1029862185675', 'D', '1'),
('1025173937798', '1016044335989', '1019489367134', 'D', '2'),
('1025173937798', '1016044335989', '1026230939305', 'L', '1'),
('1025173937798', '1016044335989', '1017770537488', 'L', '1'),
('1025173937798', '1025704105442', '1025704781499', 'D', '2'),
('1028209117615', '1023427471602', '1025729124135', 'D', '3'),
('1024594709116', '1016045744316', '1027771450280', 'D', '1'),
('1019072257712', '1015439199628', '1025179698958', 'F', '1'),
('1019072257712', '1015439199628', '1019929104096', 'F', '3'),
('1019072257712', '1015439199628', '1019521673978', 'F', '2'),
('1019072257712', '1015439199628', '1019078307412', 'D', '6'),
('1019072257712', '1015618391913', '1019062890608', 'F', '0'),
('1019072257712', '1015618391913', '1017865042185', 'D', '0'),
('1019072257712', '1015618391913', '1017931586279', 'L', '2'),
('1019072257712', '1016044335989', '1025212982938', 'L', '2'),
('1019072257712', '1016044335989', '1026230939305', 'L', '1'),
('1019072257712', '1016044335989', '1017770537488', 'L', '1'),
('1019072257712', '1016044335989', '1017770356770', 'L', '1'),
('1019072257712', '1016044335989', '1026231399030', 'F', '3'),
('1019072257712', '1016044335989', '1019489367134', 'D', '2'),
('1019072257712', '1016045744316', '1019163453706', 'D', '5'),
('1019072257712', '1016045744316', '1020806576321', 'L', '1'),
('1019677327950', '1015439199628', '1025179698958', 'F', '1'),
('1019677327950', '1015439199628', '1019929104096', 'F', '3'),
('1019677327950', '1015439199628', '1019521673978', 'F', '2'),
('1019677327950', '1015439199628', '1019078307412', 'D', '6'),
('1019677327950', '1019503684356', '1019522197038', 'F', '5'),
('1019072257712', '1016045744316', '1027771450280', 'D', '1'),
('1019072257712', '1019503684356', '1019522197038', 'F', '5'),
('1019072257712', '1019521412057', '1024593863514', 'F', '0'),
('1019072257712', '1019521412057', '1020352978976', 'F', '0'),
('1019072257712', '1019521412057', '1020387870333', 'F', '3'),
('1019072257712', '1019521412057', '1019840790435', 'F', '2'),
('1019072257712', '1019521412057', '1019841061316', 'D', '7'),
('1019072257712', '1019521412057', '1019730282074', 'L', '2'),
('1019072257712', '1019521412057', '1020389449332', 'L', '1'),
('1019072257712', '1023427471602', '1025729124135', 'D', '3'),
('1019072257712', '1023427471602', '1024061253776', 'D', '4'),
('1019072257712', '1025028206102', '1025117940382', 'D', '3'),
('1025030216215', '1023427471602', '1025729124135', 'D', '3'),
('1017148443627', '1016044335989', '1025212982938', 'L', '2'),
('1017148443627', '1016044335989', '1026230939305', 'L', '1'),
('1017148443627', '1016044335989', '1017770537488', 'L', '1'),
('1017148443627', '1016044335989', '1017770356770', 'L', '1'),
('1017148443627', '1016044335989', '1026231399030', 'F', '3'),
('1017148443627', '1016044335989', '1019489367134', 'D', '2'),
('1017148443627', '1016045744316', '1019163453706', 'D', '5'),
('1017148443627', '1016045744316', '1020806576321', 'L', '1'),
('1018369114777', '1026932502854', '1027967475124', 'F', '2'),
('1028033173808', '1019742207241', '1026409984574', 'D', '2'),
('1028033173808', '1019742207241', '1019745181654', 'L', '1'),
('1028033173808', '1019742207241', '1019746342396', 'L', '1'),
('1028033173808', '1019742207241', '1019746014215', 'L', '2'),
('1017148443627', '1016045744316', '1027771450280', 'D', '1'),
('1017148443627', '1023427471602', '1024061253776', 'D', '6'),
('1017148443627', '1023427471602', '1025729124135', 'D', '3'),
('1025875265469', '1016045744316', '1019163453706', 'D', '5'),
('1025875265469', '1016045744316', '1020806576321', 'L', '1'),
('1025875265469', '1026427482871', '1028754502738', 'F', '1'),
('1020369242464', '1026932502854', '1027967475124', 'F', '1'),
('1019087441845', '1016045744316', '1020806576321', 'L', '1'),
('1028033173808', '1026932502854', '1027967475124', 'F', '1'),
('1025875265469', '1016045744316', '1027771450280', 'D', '1'),
('1025875265469', '1023427471602', '1024061253776', 'D', '6'),
('1025875265469', '1023427471602', '1025729124135', 'D', '3'),
('1017523453083', '1015439199628', '1025179698958', 'F', '1'),
('1017523453083', '1015439199628', '1019929104096', 'F', '3'),
('1017523453083', '1015439199628', '1019521673978', 'F', '2'),
('1017523453083', '1015439199628', '1019078307412', 'D', '6'),
('1017523453083', '1015618391913', '1019062890608', 'F', '0'),
('1017523453083', '1015618391913', '1017865042185', 'D', '0'),
('1017523453083', '1015618391913', '1017931586279', 'L', '2'),
('1017523453083', '1016044335989', '1025212982938', 'L', '2'),
('1017523453083', '1016044335989', '1026230939305', 'L', '1'),
('1017523453083', '1016044335989', '1017770537488', 'L', '1'),
('1017523453083', '1016044335989', '1017770356770', 'L', '1'),
('1017523453083', '1016044335989', '1026231399030', 'F', '3'),
('1017523453083', '1016044335989', '1019489367134', 'D', '2'),
('1017523453083', '1016045744316', '1019163453706', 'D', '5'),
('1017523453083', '1016045744316', '1020806576321', 'L', '1'),
('1026149751572', '1016045744316', '1020806576321', 'L', '1'),
('1016730061655', '1026427482871', '1028754502738', 'F', '1'),
('1016645351524', '1027220991149', '1027386189782', 'D', '1'),
('1016645351524', '1027220991149', '1027385689839', 'L', '3'),
('1017523453083', '1026932502854', '1027967475124', 'F', '1'),
('1028058430689', '1023427471602', '1025729124135', 'D', '3'),
('1017523453083', '1016045744316', '1027771450280', 'D', '1'),
('1017523453083', '1017690605883', '1019926448923', 'F', '0'),
('1017523453083', '1017690605883', '1017691290653', 'F', '3'),
('1017523453083', '1017690605883', '1017690928896', 'D', '3'),
('1017523453083', '1017690605883', '1019926154496', 'L', '1'),
('1017523453083', '1018034927150', '1022419585376', 'D', '3'),
('1017523453083', '1018034927150', '1022420056192', 'L', '1'),
('1017523453083', '1018034927150', '1022420328970', 'L', '4'),
('1017523453083', '1018630040414', '1019492658745', 'F', '2'),
('1017523453083', '1018630040414', '1018630474849', 'D', '1'),
('1017523453083', '1018630040414', '1019679086951', 'L', '1'),
('1017523453083', '1019503684356', '1019522197038', 'F', '5'),
('1017523453083', '1019521412057', '1024593863514', 'F', '1'),
('1017523453083', '1019521412057', '1020352978976', 'F', '1'),
('1017523453083', '1019521412057', '1020387870333', 'F', '5'),
('1017523453083', '1019521412057', '1019840790435', 'F', '2'),
('1017523453083', '1019521412057', '1019841061316', 'D', '7'),
('1017523453083', '1019521412057', '1019730282074', 'L', '2'),
('1017523453083', '1019521412057', '1020389449332', 'L', '1'),
('1017523453083', '1019742207241', '1024934816818', 'F', '1'),
('1017523453083', '1019742207241', '1026409984574', 'D', '2'),
('1017523453083', '1019742207241', '1019745181654', 'L', '1'),
('1017523453083', '1019742207241', '1019746342396', 'L', '1'),
('1017523453083', '1019742207241', '1019746014215', 'L', '2'),
('1017523453083', '1019742207241', '1019743717416', 'L', '1'),
('1017523453083', '1019795057341', '1020224335081', 'F', '1'),
('1017523453083', '1019795057341', '1020223863529', 'D', '1'),
('1017523453083', '1023427471602', '1025729124135', 'D', '3'),
('1017523453083', '1023427471602', '1026925052958', 'L', '1'),
('1017523453083', '1025704105442', '1025704781499', 'D', '2'),
('1017752764345', '1015618391913', '1019062890608', 'F', '0'),
('1017752764345', '1015618391913', '1017865042185', 'D', '0'),
('1017752764345', '1015618391913', '1017931586279', 'L', '2'),
('1017752764345', '1016044335989', '1025212982938', 'L', '2'),
('1017752764345', '1016044335989', '1026230939305', 'L', '1'),
('1017752764345', '1016044335989', '1017770537488', 'L', '1'),
('1017752764345', '1016044335989', '1017770356770', 'L', '1'),
('1017752764345', '1016044335989', '1026231399030', 'F', '3'),
('1017752764345', '1016044335989', '1019489367134', 'D', '2'),
('1017752764345', '1016045744316', '1019163453706', 'D', '5'),
('1017752764345', '1016045744316', '1020806576321', 'L', '1'),
('1017752764345', '1017690605883', '1019926448923', 'F', '0'),
('1017752764345', '1017690605883', '1017691290653', 'F', '3'),
('1017752764345', '1017690605883', '1017690928896', 'D', '3'),
('1017752764345', '1017690605883', '1019926154496', 'L', '1'),
('1026153126144', '1016045744316', '1020806576321', 'L', '1'),
('1017752764345', '1016045744316', '1027771450280', 'D', '1'),
('1017752764345', '1019521412057', '1024593863514', 'F', '1'),
('1017752764345', '1019521412057', '1020352978976', 'F', '1'),
('1017752764345', '1019521412057', '1020387870333', 'F', '5'),
('1017752764345', '1019521412057', '1019840790435', 'F', '2'),
('1017752764345', '1019521412057', '1019841061316', 'D', '7'),
('1017752764345', '1019521412057', '1019730282074', 'L', '2'),
('1017752764345', '1019521412057', '1020389449332', 'L', '1'),
('1017752764345', '1023427471602', '1024061253776', 'D', '6'),
('1017752764345', '1023427471602', '1025729124135', 'D', '3'),
('1023459951983', '1023427471602', '1026925052958', 'L', '1'),
('1025877060139', '1023427471602', '1024061253776', 'D', '2'),
('1025877060139', '1023427471602', '1025729124135', 'D', '2'),
('1016687252266', '1025704105442', '1025704781499', 'D', '2'),
('1016730061655', '1016044335989', '1025212982938', 'L', '2'),
('1016730061655', '1016044335989', '1026230939305', 'L', '1'),
('1016730061655', '1016044335989', '1017770537488', 'L', '1'),
('1016730061655', '1016044335989', '1017770356770', 'L', '1'),
('1016730061655', '1016044335989', '1026231399030', 'F', '3'),
('1016730061655', '1016044335989', '1019489367134', 'D', '2'),
('1016730061655', '1016045744316', '1019163453706', 'D', '5'),
('1016730061655', '1016045744316', '1020806576321', 'L', '1'),
('1027949734075', '1019503684356', '1019522197038', 'F', '5'),
('1017232383457', '1016045744316', '1020806576321', 'L', '1'),
('1028058430689', '1023427471602', '1026925052958', 'L', '1'),
('1028058430689', '1026427482871', '1028754502738', 'F', '1'),
('1016730061655', '1016045744316', '1027771450280', 'D', '1'),
('1016730061655', '1017690605883', '1019926448923', 'F', '0'),
('1016730061655', '1017690605883', '1017691290653', 'F', '3'),
('1016730061655', '1017690605883', '1017690928896', 'D', '3'),
('1016730061655', '1017690605883', '1019926154496', 'L', '1'),
('1016730061655', '1018034927150', '1022419585376', 'D', '3'),
('1016730061655', '1018034927150', '1022420056192', 'L', '1'),
('1016730061655', '1018034927150', '1022420328970', 'L', '4'),
('1016730061655', '1018630040414', '1019492658745', 'F', '2'),
('1016730061655', '1018630040414', '1018630474849', 'D', '1'),
('1016730061655', '1018630040414', '1019679086951', 'L', '1'),
('1016730061655', '1019742207241', '1024934816818', 'F', '1'),
('1016730061655', '1019742207241', '1026409984574', 'D', '2'),
('1016730061655', '1019742207241', '1019745181654', 'L', '1'),
('1016730061655', '1019742207241', '1019746342396', 'L', '1'),
('1016730061655', '1019742207241', '1019746014215', 'L', '2'),
('1016730061655', '1019742207241', '1019743717416', 'L', '1'),
('1016730061655', '1019795057341', '1020224335081', 'F', '1'),
('1016730061655', '1019795057341', '1020223863529', 'D', '1'),
('1016730061655', '1023427471602', '1025729124135', 'D', '3'),
('1028209117615', '1023427471602', '1024061253776', 'D', '6'),
('1015347803599', '1016045744316', '1027771450280', 'D', '1'),
('1018286709116', '1015618391913', '1019062890608', 'F', '0'),
('1018286709116', '1015618391913', '1017865042185', 'D', '0'),
('1018286709116', '1015618391913', '1017931586279', 'L', '2'),
('1018286709116', '1017690605883', '1019926448923', 'F', '0'),
('1018286709116', '1017690605883', '1017691290653', 'F', '3'),
('1018286709116', '1017690605883', '1017690928896', 'D', '3'),
('1018286709116', '1017690605883', '1019926154496', 'L', '1'),
('1016645351524', '1019521412057', '1020387870333', 'F', '5'),
('1016645351524', '1019521412057', '1019840790435', 'F', '2'),
('1016645351524', '1019521412057', '1019841061316', 'D', '7'),
('1016645351524', '1019521412057', '1019730282074', 'L', '2'),
('1016645351524', '1019521412057', '1020352978976', 'F', '1'),
('1016645351524', '1021497581156', '1021498062999', 'D', '1'),
('1017232383457', '1019521412057', '1024593863514', 'F', '1'),
('1017232383457', '1019521412057', '1020352978976', 'F', '1'),
('1017232383457', '1019521412057', '1020387870333', 'F', '5'),
('1017232383457', '1019521412057', '1019840790435', 'F', '2'),
('1017232383457', '1019521412057', '1019841061316', 'D', '7'),
('1017232383457', '1019521412057', '1019730282074', 'L', '2'),
('1017232383457', '1019521412057', '1020389449332', 'L', '1'),
('1017232383457', '1023427471602', '1024061253776', 'D', '6'),
('1017232383457', '1023427471602', '1025729124135', 'D', '3'),
('1019700068942', '1023427471602', '1024061253776', 'D', '6'),
('1024583228543', '1025704105442', '1025704781499', 'D', '2'),
('1025056925487', '1023427471602', '1025729124135', 'D', '3'),
('1025056925487', '1024592802696', '1026241820579', 'D', '1'),
('1019087441845', '1016044335989', '1026230939305', 'L', '1'),
('1019087441845', '1016044335989', '1017770537488', 'L', '1'),
('1019087441845', '1016044335989', '1026231399030', 'F', '3'),
('1019087441845', '1016044335989', '1019489367134', 'D', '2'),
('1019087441845', '1016045744316', '1019163453706', 'D', '5'),
('1019087441845', '1016045744316', '1027771450280', 'D', '1'),
('1019087441845', '1019503684356', '1019522197038', 'F', '5'),
('1019087441845', '1019521412057', '1024593863514', 'F', '0'),
('1019087441845', '1019521412057', '1020352978976', 'F', '0'),
('1019087441845', '1019521412057', '1020387870333', 'F', '2'),
('1019087441845', '1019521412057', '1019840790435', 'F', '2'),
('1019087441845', '1019521412057', '1019841061316', 'D', '7'),
('1019087441845', '1019521412057', '1019730282074', 'L', '2'),
('1019087441845', '1019521412057', '1020389449332', 'L', '1'),
('1019087441845', '1019742207241', '1024934816818', 'F', '1'),
('1019087441845', '1019742207241', '1026409984574', 'D', '2'),
('1019087441845', '1019742207241', '1019745181654', 'L', '1'),
('1019087441845', '1019742207241', '1019746342396', 'L', '1'),
('1019087441845', '1019742207241', '1019746014215', 'L', '2'),
('1019087441845', '1019742207241', '1019743717416', 'L', '1'),
('1019087441845', '1019795057341', '1020224335081', 'F', '1'),
('1019087441845', '1019795057341', '1020223863529', 'D', '1'),
('1019087441845', '1023427471602', '1024061253776', 'D', '6'),
('1019087441845', '1023427471602', '1025729124135', 'D', '3'),
('1019087441845', '1024592802696', '1026319232417', 'F', '6'),
('1025954574702', '1019742207241', '1024934816818', 'F', '1'),
('1025954574702', '1019742207241', '1019745181654', 'L', '1'),
('1025954574702', '1019742207241', '1019746342396', 'L', '1'),
('1025954574702', '1019742207241', '1019746014215', 'L', '2'),
('1025954574702', '1019742207241', '1019743717416', 'L', '1'),
('1025954574702', '1019742207241', '1019742874857', 'L', '2'),
('1025954574702', '1019742207241', '1019746775672', 'L', '1'),
('1018445108826', '1024592802696', '1026319232417', 'F', '6'),
('1018445108826', '1024592802696', '1026241820579', 'D', '1'),
('1018995994873', '1025704105442', '1025704781499', 'D', '2'),
('1020098106685', '1016044335989', '1026230939305', 'L', '1'),
('1020098106685', '1016044335989', '1017770537488', 'L', '1'),
('1020098106685', '1016044335989', '1026231399030', 'F', '3'),
('1020098106685', '1016044335989', '1019489367134', 'D', '2'),
('1020098106685', '1019742207241', '1024934816818', 'F', '1'),
('1020098106685', '1019742207241', '1026409984574', 'D', '2'),
('1020098106685', '1019742207241', '1019745181654', 'L', '1'),
('1020098106685', '1019742207241', '1019746342396', 'L', '1'),
('1020098106685', '1019742207241', '1019746014215', 'L', '2'),
('1020098106685', '1019742207241', '1019743717416', 'L', '1'),
('1020098106685', '1021497581156', '1021498062999', 'D', '1'),
('1020098106685', '1025704105442', '1025704781499', 'D', '2'),
('1019928394169', '1016044335989', '1026230939305', 'L', '1'),
('1019928394169', '1016044335989', '1017770537488', 'L', '1'),
('1019928394169', '1016044335989', '1026231399030', 'F', '3'),
('1019928394169', '1016044335989', '1019489367134', 'D', '2'),
('1019072257712', '1025704105442', '1025704781499', 'D', '2'),
('1017752764345', '1018630040414', '1019492658745', 'F', '2'),
('1017752764345', '1018630040414', '1018630474849', 'D', '1'),
('1017752764345', '1018630040414', '1019679086951', 'L', '1'),
('1017752764345', '1019742207241', '1024934816818', 'F', '1'),
('1017752764345', '1019742207241', '1026409984574', 'D', '2'),
('1017752764345', '1019742207241', '1019745181654', 'L', '1'),
('1017752764345', '1019742207241', '1019746342396', 'L', '1'),
('1017752764345', '1019742207241', '1019746014215', 'L', '2'),
('1017752764345', '1019742207241', '1019743717416', 'L', '1'),
('1017752764345', '1019795057341', '1020224335081', 'F', '1'),
('1017752764345', '1019795057341', '1020223863529', 'D', '1'),
('1017752764345', '1021497581156', '1021498062999', 'D', '1'),
('1025030216215', '1019521412057', '1024593863514', 'F', '1'),
('1025030216215', '1019521412057', '1020352978976', 'F', '1'),
('1025030216215', '1019521412057', '1020387870333', 'F', '5'),
('1025030216215', '1019521412057', '1019840790435', 'F', '2'),
('1025030216215', '1019521412057', '1019841061316', 'D', '7'),
('1025030216215', '1019521412057', '1019730282074', 'L', '2'),
('1025030216215', '1019521412057', '1020389449332', 'L', '1'),
('1025030216215', '1019742207241', '1024934816818', 'F', '1'),
('1025030216215', '1019742207241', '1026409984574', 'D', '2'),
('1025030216215', '1019742207241', '1019745181654', 'L', '1'),
('1025030216215', '1019742207241', '1019746342396', 'L', '1'),
('1025030216215', '1019742207241', '1019746014215', 'L', '2'),
('1025030216215', '1019742207241', '1019743717416', 'L', '1'),
('1025030216215', '1019795057341', '1020224335081', 'F', '1'),
('1025030216215', '1019795057341', '1020223863529', 'D', '1'),
('1025030216215', '1025704105442', '1025704781499', 'D', '2'),
('1024946109986', '1016044335989', '1026230939305', 'L', '1'),
('1024946109986', '1016044335989', '1017770537488', 'L', '1'),
('1024946109986', '1016044335989', '1026231399030', 'F', '3'),
('1024946109986', '1016044335989', '1019489367134', 'D', '2'),
('1024946109986', '1025028206102', '1028296370008', 'D', '1'),
('1024946109986', '1025704105442', '1025704781499', 'D', '2'),
('1019050866592', '1016044335989', '1026230939305', 'L', '1'),
('1019050866592', '1016044335989', '1017770537488', 'L', '1'),
('1019050866592', '1016044335989', '1026231399030', 'F', '3'),
('1019050866592', '1016044335989', '1019489367134', 'D', '2'),
('1019050866592', '1019503684356', '1019522197038', 'F', '5'),
('1019050866592', '1019521412057', '1024593863514', 'F', '1'),
('1019050866592', '1019521412057', '1020352978976', 'F', '1'),
('1019050866592', '1019521412057', '1020387870333', 'F', '5'),
('1019050866592', '1019521412057', '1019840790435', 'F', '2'),
('1019050866592', '1019521412057', '1019841061316', 'D', '7'),
('1019050866592', '1019521412057', '1019730282074', 'L', '2'),
('1019050866592', '1019521412057', '1020389449332', 'L', '1'),
('1019050866592', '1025704105442', '1025704781499', 'D', '2'),
('1019737602440', '1024592802696', '1025216428534', 'D', '0'),
('1019737602440', '1024592802696', '1026319232417', 'F', '6'),
('1018530873710', '1015439199628', '1025179698958', 'F', '1'),
('1018530873710', '1015439199628', '1019929104096', 'F', '3'),
('1018530873710', '1015439199628', '1019521673978', 'F', '2'),
('1018530873710', '1015439199628', '1019078307412', 'D', '6'),
('1017145015032', '1016044335989', '1019489367134', 'D', '2'),
('1017145015032', '1016044335989', '1026230939305', 'L', '1'),
('1017145015032', '1016044335989', '1026231399030', 'F', '3'),
('1017145015032', '1016044335989', '1029862185675', 'D', '1'),
('1017145015032', '1019742207241', '1024934816818', 'F', '1'),
('1017145015032', '1019742207241', '1026409984574', 'D', '2'),
('1017145015032', '1019742207241', '1019745181654', 'L', '1'),
('1017145015032', '1019742207241', '1019746342396', 'L', '1'),
('1017145015032', '1019742207241', '1019746014215', 'L', '2'),
('1017145015032', '1019742207241', '1019743717416', 'L', '1'),
('1017523453083', '1021497581156', '1021498062999', 'D', '1'),
('1019737602440', '1016044335989', '1019489367134', 'D', '2'),
('1019737602440', '1016044335989', '1026230939305', 'L', '1'),
('1019737602440', '1016044335989', '1026231399030', 'F', '3'),
('1019737602440', '1016044335989', '1029862185675', 'D', '1'),
('1019737602440', '1019521412057', '1024593863514', 'F', '1'),
('1019737602440', '1019521412057', '1020352978976', 'F', '1'),
('1019737602440', '1019521412057', '1020387870333', 'F', '5'),
('1019737602440', '1019521412057', '1019840790435', 'F', '2'),
('1019737602440', '1019521412057', '1019841061316', 'D', '7'),
('1019737602440', '1019521412057', '1019730282074', 'L', '2'),
('1019737602440', '1019521412057', '1020389449332', 'L', '1'),
('1019737602440', '1025704105442', '1025704781499', 'D', '2'),
('1019676386491', '1015439199628', '1025179698958', 'F', '1'),
('1019676386491', '1015439199628', '1019929104096', 'F', '3'),
('1019676386491', '1015439199628', '1019521673978', 'F', '2'),
('1019676386491', '1015439199628', '1019078307412', 'D', '6'),
('1019676386491', '1015618391913', '1019062890608', 'F', '0'),
('1019676386491', '1015618391913', '1017865042185', 'D', '0'),
('1019676386491', '1015618391913', '1017931586279', 'L', '2'),
('1019676386491', '1016044335989', '1019489367134', 'D', '2'),
('1019676386491', '1016044335989', '1026230939305', 'L', '1'),
('1019676386491', '1016044335989', '1026231399030', 'F', '3'),
('1019676386491', '1016044335989', '1029862185675', 'D', '1'),
('1019676386491', '1016045744316', '1019163453706', 'D', '5'),
('1019676386491', '1016045744316', '1027771450280', 'D', '1'),
('1019676386491', '1018630040414', '1019492658745', 'F', '2'),
('1019676386491', '1018630040414', '1018630474849', 'D', '1'),
('1019676386491', '1018630040414', '1019679086951', 'L', '1'),
('1019676386491', '1019503684356', '1019522197038', 'F', '5'),
('1026140650281', '1016044335989', '1026230939305', 'L', '1'),
('1026140650281', '1016044335989', '1017770537488', 'L', '1'),
('1026140650281', '1016044335989', '1026231399030', 'F', '3'),
('1026140650281', '1016044335989', '1019489367134', 'D', '2'),
('1026140650281', '1025704105442', '1025704781499', 'D', '2'),
('1026140650281', '1019521412057', '1024593863514', 'F', '1'),
('1026140650281', '1019521412057', '1020352978976', 'F', '1'),
('1026140650281', '1019521412057', '1020387870333', 'F', '5'),
('1026140650281', '1019521412057', '1019840790435', 'F', '2'),
('1026140650281', '1019521412057', '1019841061316', 'D', '7'),
('1026140650281', '1019521412057', '1019730282074', 'L', '2'),
('1026140650281', '1019521412057', '1020389449332', 'L', '1'),
('1018286709116', '1018630040414', '1019492658745', 'F', '2'),
('1018286709116', '1018630040414', '1018630474849', 'D', '1'),
('1018286709116', '1018630040414', '1019679086951', 'L', '1'),
('1024519872238', '1023427471602', '1025729124135', 'D', '3'),
('1015439644996', '1024592802696', '1026241820579', 'D', '1'),
('1019087441845', '1024592802696', '1026163065926', 'F', '3'),
('1015331789194', '1024592802696', '1026319232417', 'F', '3'),
('1015331789194', '1024592802696', '1026241820579', 'D', '1'),
('1015331789194', '1024592802696', '1026163065926', 'F', '3'),
('1016734899516', '1024592802696', '1026163065926', 'F', '3'),
('1019843336128', '1019503684356', '1019522197038', 'F', '5'),
('1019843336128', '1019521412057', '1024593863514', 'F', '1'),
('1019843336128', '1019521412057', '1020352978976', 'F', '1'),
('1019843336128', '1019521412057', '1020387870333', 'F', '5'),
('1019843336128', '1019521412057', '1019840790435', 'F', '2'),
('1019843336128', '1019521412057', '1019841061316', 'D', '7'),
('1019843336128', '1019521412057', '1019730282074', 'L', '2'),
('1019843336128', '1019521412057', '1020389449332', 'L', '1'),
('1019843336128', '1016044335989', '1019489367134', 'D', '2'),
('1019843336128', '1016044335989', '1026230939305', 'L', '1'),
('1019843336128', '1016044335989', '1026231399030', 'F', '3'),
('1019843336128', '1016044335989', '1029862185675', 'D', '1'),
('1019843336128', '1025704105442', '1025704781499', 'D', '2'),
('1019700068942', '1025704105442', '1025704781499', 'D', '2'),
('1026140650281', '1015439199628', '1025179698958', 'F', '1'),
('1026140650281', '1015439199628', '1019929104096', 'F', '3'),
('1026140650281', '1015439199628', '1019521673978', 'F', '2'),
('1026140650281', '1015439199628', '1019078307412', 'D', '6'),
('1026140650281', '1019503684356', '1019522197038', 'F', '5'),
('1026140650281', '1023427471602', '1024061253776', 'D', '6'),
('1026140650281', '1023427471602', '1025729124135', 'D', '3'),
('1026140650281', '1025028206102', '1028296370008', 'D', '1'),
('1020348347156', '1015618391913', '1019062890608', 'F', '0'),
('1020348347156', '1015618391913', '1017865042185', 'D', '0'),
('1020348347156', '1015618391913', '1017931586279', 'L', '2'),
('1020348347156', '1016045744316', '1019163453706', 'D', '5'),
('1020348347156', '1016045744316', '1027771450280', 'D', '1'),
('1020348347156', '1018630040414', '1019492658745', 'F', '2'),
('1020348347156', '1018630040414', '1018630474849', 'D', '1'),
('1020348347156', '1018630040414', '1019679086951', 'L', '1'),
('1020348347156', '1019742207241', '1024934816818', 'F', '1'),
('1020348347156', '1019742207241', '1026409984574', 'D', '2'),
('1020348347156', '1019742207241', '1019745181654', 'L', '1'),
('1020348347156', '1019742207241', '1019746342396', 'L', '1'),
('1020348347156', '1019742207241', '1019746014215', 'L', '2'),
('1020348347156', '1019742207241', '1019743717416', 'L', '1'),
('1020348347156', '1019795057341', '1020224335081', 'F', '1'),
('1020348347156', '1019795057341', '1020223863529', 'D', '1'),
('1020348347156', '1021497581156', '1021498062999', 'D', '1'),
('1020348347156', '1023427471602', '1024061253776', 'D', '6'),
('1020348347156', '1023427471602', '1025729124135', 'D', '3'),
('1019070831131', '1015439199628', '1025179698958', 'F', '1'),
('1019070831131', '1015439199628', '1019929104096', 'F', '3'),
('1019070831131', '1015439199628', '1019521673978', 'F', '2'),
('1019070831131', '1015439199628', '1019078307412', 'D', '6'),
('1019070831131', '1015618391913', '1019062890608', 'F', '0'),
('1019070831131', '1015618391913', '1017865042185', 'D', '0'),
('1019070831131', '1015618391913', '1017931586279', 'L', '2'),
('1019070831131', '1016044335989', '1019489367134', 'D', '2'),
('1019070831131', '1016044335989', '1026230939305', 'L', '1'),
('1019070831131', '1016044335989', '1026231399030', 'F', '3'),
('1019070831131', '1016044335989', '1029862185675', 'D', '1'),
('1019070831131', '1016045744316', '1019163453706', 'D', '5'),
('1019070831131', '1016045744316', '1027771450280', 'D', '1'),
('1019070831131', '1018630040414', '1019492658745', 'F', '2'),
('1019070831131', '1018630040414', '1018630474849', 'D', '1'),
('1019070831131', '1018630040414', '1019679086951', 'L', '1'),
('1019070831131', '1019503684356', '1019522197038', 'F', '5'),
('1019070831131', '1019521412057', '1024593863514', 'F', '1'),
('1019070831131', '1019521412057', '1020352978976', 'F', '1'),
('1019070831131', '1019521412057', '1020387870333', 'F', '5'),
('1019070831131', '1019521412057', '1019840790435', 'F', '2'),
('1019070831131', '1019521412057', '1019841061316', 'D', '7'),
('1019070831131', '1019521412057', '1019730282074', 'L', '2'),
('1019070831131', '1019521412057', '1020389449332', 'L', '1'),
('1019070831131', '1019742207241', '1024934816818', 'F', '1'),
('1019070831131', '1019742207241', '1026409984574', 'D', '2'),
('1019070831131', '1019742207241', '1019745181654', 'L', '1'),
('1019070831131', '1019742207241', '1019746342396', 'L', '1'),
('1019070831131', '1019742207241', '1019746014215', 'L', '2'),
('1019070831131', '1019742207241', '1019743717416', 'L', '1'),
('1019070831131', '1019795057341', '1020224335081', 'F', '1'),
('1019070831131', '1019795057341', '1020223863529', 'D', '1'),
('1019070831131', '1021497581156', '1021498062999', 'D', '1'),
('1019070831131', '1023427471602', '1024061253776', 'D', '6'),
('1019070831131', '1023427471602', '1025729124135', 'D', '3'),
('1025201469667', '1019503684356', '1019522197038', 'F', '5'),
('1025201469667', '1019742207241', '1024934816818', 'F', '1'),
('1025201469667', '1019742207241', '1026409984574', 'D', '2'),
('1025201469667', '1019742207241', '1019745181654', 'L', '1'),
('1025201469667', '1019742207241', '1019746342396', 'L', '1'),
('1025201469667', '1019742207241', '1019746014215', 'L', '2'),
('1025201469667', '1019742207241', '1019743717416', 'L', '1'),
('1025201469667', '1025028206102', '1028296370008', 'D', '1'),
('1025201469667', '1025704105442', '1025704781499', 'D', '2'),
('1017770043725', '1024592802696', '1026319232417', 'F', '6'),
('1017770512556', '1023427471602', '1024061253776', 'D', '6'),
('1025192798723', '1023427471602', '1026925052958', 'L', '1'),
('1025457270811', '1016045744316', '1019163453706', 'D', '5'),
('1025457270811', '1016045744316', '1027771450280', 'D', '1'),
('1025457270811', '1023427471602', '1026925052958', 'L', '1'),
('1025457270811', '1024592802696', '1026163065926', 'F', '3'),
('1025457270811', '1024592802696', '1026319232417', 'F', '6'),
('1019737602440', '1024592802696', '1026163065926', 'F', '3'),
('1017752764345', '1016044335989', '1017826613995', 'L', '2'),
('1017752764345', '1016044335989', '1017825799585', 'L', '1'),
('1017752764345', '1024592802696', '1025216428534', 'D', '0'),
('1017752764345', '1024592802696', '1026241820579', 'D', '1'),
('1024938674289', '1016044335989', '1025212982938', 'L', '2'),
('1024938674289', '1016044335989', '1017826613995', 'L', '2'),
('1019070885655', '1015439199628', '1025179698958', 'F', '1'),
('1019070885655', '1015439199628', '1019929104096', 'F', '3'),
('1019070885655', '1015439199628', '1019521673978', 'F', '2'),
('1019070885655', '1015439199628', '1019078307412', 'D', '6'),
('1019070885655', '1019503684356', '1019522197038', 'F', '5'),
('1020356685078', '1015618391913', '1019062890608', 'F', '0'),
('1020356685078', '1015618391913', '1017865042185', 'D', '0'),
('1020356685078', '1015618391913', '1017931586279', 'L', '2'),
('1020356685078', '1017690605883', '1019926448923', 'F', '0'),
('1020356685078', '1017690605883', '1017691290653', 'F', '3'),
('1020356685078', '1017690605883', '1017690928896', 'D', '3'),
('1020356685078', '1017690605883', '1019926154496', 'L', '1'),
('1020356685078', '1018630040414', '1019492658745', 'F', '2'),
('1020356685078', '1018630040414', '1018630474849', 'D', '1'),
('1020356685078', '1018630040414', '1019679086951', 'L', '1'),
('1020356685078', '1019742207241', '1024934816818', 'F', '1'),
('1020356685078', '1019742207241', '1026409984574', 'D', '2'),
('1020356685078', '1019742207241', '1019745181654', 'L', '1'),
('1020356685078', '1019742207241', '1019746342396', 'L', '1'),
('1020356685078', '1019742207241', '1019746014215', 'L', '2'),
('1020356685078', '1019742207241', '1019743717416', 'L', '1'),
('1020356685078', '1019795057341', '1020224335081', 'F', '1'),
('1020356685078', '1019795057341', '1020223863529', 'D', '1'),
('1020356685078', '1021497581156', '1021498062999', 'D', '1'),
('1025056925487', '1024592802696', '1025216428534', 'D', '0'),
('1018362443321', '1016044335989', '1025212982938', 'L', '2'),
('1018362443321', '1016044335989', '1017826613995', 'L', '1'),
('1017770512556', '1016044335989', '1017826613995', 'L', '2'),
('1017770512556', '1024592802696', '1026163065926', 'F', '3'),
('1017770512556', '1024592802696', '1026319232417', 'F', '6'),
('1018995994873', '1016044335989', '1025212982938', 'L', '2'),
('1018995994873', '1016044335989', '1017826613995', 'L', '2'),
('1025029436714', '1016044335989', '1017826613995', 'L', '2'),
('1017056954518', '1024592802696', '1026241820579', 'D', '1'),
('1020369242464', '1024592802696', '1025216428534', 'D', '0'),
('1020369242464', '1024592802696', '1026163065926', 'F', '3'),
('1019737602440', '1016044335989', '1025212982938', 'L', '2'),
('1019737602440', '1016044335989', '1017826613995', 'L', '2'),
('1019737602440', '1016044335989', '1017770537488', 'L', '1'),
('1019087441845', '1016044335989', '1017825799585', 'L', '1'),
('1019087441845', '1016044335989', '1017770356770', 'L', '1'),
('1019087441845', '1016044335989', '1025212982938', 'L', '2'),
('1023908912014', '1016044335989', '1026231399030', 'F', '3'),
('1023908912014', '1016044335989', '1029862185675', 'D', '1'),
('1023908912014', '1016044335989', '1019489367134', 'D', '2'),
('1023908912014', '1016044335989', '1026230939305', 'L', '1'),
('1023908912014', '1016044335989', '1017770537488', 'L', '1'),
('1023908912014', '1016044335989', '1017770356770', 'L', '1'),
('1023908912014', '1016044335989', '1025212982938', 'L', '2'),
('1023908912014', '1025704105442', '1025704781499', 'D', '2'),
('1026149751572', '1016045744316', '1019163453706', 'D', '5'),
('1026149751572', '1016045744316', '1027771450280', 'D', '1'),
('1026149751572', '1023427471602', '1024061253776', 'D', '6'),
('1026149751572', '1023427471602', '1025729124135', 'D', '3'),
('1016563792202', '1016044335989', '1026231399030', 'F', '3'),
('1016563792202', '1016044335989', '1019489367134', 'D', '2'),
('1016563792202', '1016044335989', '1026230939305', 'L', '1'),
('1016563792202', '1016044335989', '1017770537488', 'L', '1'),
('1016563792202', '1016044335989', '1017770356770', 'L', '1'),
('1016563792202', '1016044335989', '1025212982938', 'L', '2'),
('1016563792202', '1016044335989', '1017826613995', 'L', '2'),
('1016563792202', '1025028206102', '1028296370008', 'D', '1'),
('1015347803599', '1016044335989', '1025212982938', 'L', '2'),
('1015347803599', '1016044335989', '1017770356770', 'L', '1'),
('1017148443627', '1016044335989', '1017826613995', 'L', '2'),
('1017148443627', '1016044335989', '1017825799585', 'L', '1'),
('1017145015032', '1016044335989', '1025212982938', 'L', '2'),
('1017145015032', '1016044335989', '1017826613995', 'L', '2'),
('1017145015032', '1016044335989', '1017770537488', 'L', '1'),
('1018445108826', '1016044335989', '1025212982938', 'L', '2'),
('1018445108826', '1016044335989', '1017826613995', 'L', '1'),
('1018445108826', '1024592802696', '1026163065926', 'F', '3'),
('1022090270729', '1016044335989', '1017825799585', 'L', '1'),
('1018517966065', '1016044335989', '1025212982938', 'L', '2'),
('1018517966065', '1016044335989', '1017826613995', 'L', '2'),
('1018517966065', '1019742207241', '1024934816818', 'F', '1'),
('1018517966065', '1019742207241', '1026409984574', 'D', '2'),
('1018517966065', '1019742207241', '1019745181654', 'L', '1'),
('1018517966065', '1019742207241', '1019746342396', 'L', '1'),
('1018517966065', '1019742207241', '1019746014215', 'L', '2'),
('1018517966065', '1019742207241', '1019743717416', 'L', '1'),
('1018517966065', '1021497581156', '1021498062999', 'D', '1'),
('1018517966065', '1023427471602', '1024061253776', 'D', '6'),
('1018517966065', '1023427471602', '1025729124135', 'D', '3'),
('1018517966065', '1025028206102', '1028296370008', 'D', '1'),
('1018517966065', '1025704105442', '1025704781499', 'D', '2'),
('1017145015032', '1016044335989', '1017770356770', 'L', '1'),
('1025173937798', '1016044335989', '1017826613995', 'L', '2'),
('1019737602440', '1016044335989', '1017770356770', 'L', '1'),
('1025702315388', '1016044335989', '1025212982938', 'L', '2'),
('1025702315388', '1016044335989', '1017826613995', 'L', '2'),
('1020348347156', '1024592802696', '1026241820579', 'D', '1'),
('1020348347156', '1024592802696', '1026163065926', 'F', '3'),
('1020348347156', '1024592802696', '1026319232417', 'F', '6'),
('1025702315388', '1025704105442', '1025704781499', 'D', '2'),
('1025201469667', '1016044335989', '1025212982938', 'L', '2'),
('1025201469667', '1016044335989', '1017826613995', 'L', '2'),
('1019513721235', '1015439199628', '1025179698958', 'F', '1'),
('1019513721235', '1015439199628', '1019929104096', 'F', '3'),
('1019513721235', '1015439199628', '1019521673978', 'F', '2'),
('1019513721235', '1015439199628', '1019078307412', 'D', '6'),
('1026312316718', '1019503684356', '1019522197038', 'F', '5'),
('1024336496530', '1016044335989', '1017826613995', 'L', '2'),
('1020098106685', '1016044335989', '1025212982938', 'L', '2'),
('1020098106685', '1016044335989', '1017826613995', 'L', '2'),
('1020098106685', '1016044335989', '1017770356770', 'L', '1'),
('1019700068942', '1024592802696', '1025216428534', 'D', '0'),
('1019700068942', '1024592802696', '1025216239540', 'D', '1'),
('1019700068942', '1024592802696', '1026319232417', 'F', '6'),
('1019700068942', '1024592802696', '1026241820579', 'D', '1'),
('1019700068942', '1024592802696', '1026163065926', 'F', '3'),
('1025029389427', '1016044335989', '1017770356770', 'L', '1'),
('1025029389427', '1016044335989', '1025212982938', 'L', '2'),
('1015331789194', '1024592802696', '1025216428534', 'D', '0'),
('1015331789194', '1024592802696', '1025216239540', 'D', '1'),
('1025203222825', '1016044335989', '1017826613995', 'L', '2'),
('1016687252266', '1016044335989', '1017826613995', 'L', '2'),
('1016687252266', '1016044335989', '1017825799585', 'L', '1'),
('1016302913498', '1016044335989', '1017825799585', 'L', '1'),
('1016302913498', '1024592802696', '1026163065926', 'F', '3'),
('1016302913498', '1024592802696', '1026319232417', 'F', '6'),
('1016302913498', '1024592802696', '1026241820579', 'D', '1'),
('1019087441845', '1016044335989', '1017826613995', 'L', '2'),
('1019087441845', '1024592802696', '1025216428534', 'D', '0'),
('1019087441845', '1024592802696', '1025216239540', 'D', '1'),
('1025056925487', '1024592802696', '1026163065926', 'F', '3'),
('1025056925487', '1024592802696', '1026319232417', 'F', '6'),
('1017230367133', '1019795057341', '1020224335081', 'F', '1'),
('1017230367133', '1019795057341', '1020223863529', 'D', '1'),
('1018372172359', '1023427471602', '1024061253776', 'D', '5'),
('1024583228543', '1016044335989', '1017770356770', 'L', '1'),
('1024583228543', '1016044335989', '1025212982938', 'L', '2'),
('1019843336128', '1016044335989', '1017770356770', 'L', '1'),
('1019843336128', '1016044335989', '1025212982938', 'L', '2'),
('1019843336128', '1016044335989', '1017770537488', 'L', '1'),
('1019843336128', '1019521412057', '1019842155120', 'L', '2'),
('1024938674289', '1019521412057', '1019842155120', 'L', '2'),
('1025029436714', '1019521412057', '1019842155120', 'L', '2'),
('1020369242464', '1024592802696', '1026319232417', 'F', '6'),
('1020369242464', '1024592802696', '1026241820579', 'D', '1'),
('1025030216215', '1019521412057', '1019842155120', 'L', '2'),
('1017752764345', '1019521412057', '1019842155120', 'L', '2'),
('1017752764345', '1024592802696', '1026163065926', 'F', '3'),
('1017752764345', '1024592802696', '1026319232417', 'F', '6'),
('1017523453083', '1016044335989', '1017826613995', 'L', '2'),
('1017523453083', '1016044335989', '1017825799585', 'L', '1'),
('1017523453083', '1019521412057', '1019842155120', 'L', '2'),
('1017523453083', '1024592802696', '1025216428534', 'D', '0'),
('1017523453083', '1024592802696', '1026241820579', 'D', '1'),
('1017523453083', '1024592802696', '1026163065926', 'F', '3'),
('1017523453083', '1024592802696', '1026319232417', 'F', '6'),
('1017770043725', '1024592802696', '1026163065926', 'F', '3'),
('1026141763486', '1016045744316', '1019163453706', 'D', '5'),
('1026141763486', '1016045744316', '1027771450280', 'D', '1'),
('1026141763486', '1023427471602', '1025729124135', 'D', '3'),
('1026141763486', '1023427471602', '1024061253776', 'D', '4'),
('1024519872238', '1019521412057', '1020387870333', 'F', '5'),
('1024519872238', '1019521412057', '1019840790435', 'F', '2'),
('1015331789194', '1019521412057', '1020387870333', 'F', '5'),
('1015331789194', '1019521412057', '1019840790435', 'F', '2'),
('1019737602440', '1024592802696', '1026241820579', 'D', '1'),
('1020098106685', '1019521412057', '1024593863514', 'F', '1'),
('1020098106685', '1019521412057', '1020352978976', 'F', '1'),
('1020098106685', '1019521412057', '1020387870333', 'F', '5'),
('1020098106685', '1019521412057', '1019840790435', 'F', '2'),
('1020098106685', '1019521412057', '1019841061316', 'D', '7'),
('1020098106685', '1019521412057', '1019730282074', 'L', '2'),
('1020098106685', '1019521412057', '1020389449332', 'L', '1'),
('1020098106685', '1023427471602', '1025729124135', 'D', '3'),
('1020098106685', '1023427471602', '1026925052958', 'L', '1'),
('1017230367133', '1024592802696', '1025216428534', 'D', '0'),
('1017230367133', '1024592802696', '1026241820579', 'D', '1'),
('1017230367133', '1024592802696', '1026163065926', 'F', '3'),
('1017230367133', '1024592802696', '1026319232417', 'F', '6'),
('1017759684113', '1015618391913', '1019062890608', 'F', '0'),
('1017759684113', '1015618391913', '1017865042185', 'D', '0'),
('1017759684113', '1015618391913', '1017931586279', 'L', '2'),
('1017759684113', '1017690605883', '1019926448923', 'F', '0'),
('1017759684113', '1017690605883', '1017691290653', 'F', '3'),
('1017759684113', '1017690605883', '1017690928896', 'D', '3'),
('1017759684113', '1017690605883', '1019926154496', 'L', '1'),
('1017759684113', '1018630040414', '1019492658745', 'F', '2'),
('1017759684113', '1018630040414', '1018630474849', 'D', '1'),
('1017759684113', '1018630040414', '1019679086951', 'L', '1'),
('1017759684113', '1019742207241', '1024934816818', 'F', '1'),
('1017759684113', '1019742207241', '1019745181654', 'L', '1'),
('1017759684113', '1019742207241', '1019746342396', 'L', '1'),
('1017759684113', '1019742207241', '1019746014215', 'L', '2'),
('1017759684113', '1019742207241', '1019743717416', 'L', '1'),
('1017759684113', '1019742207241', '1019742874857', 'L', '2'),
('1017759684113', '1019742207241', '1019746775672', 'L', '1'),
('1017759684113', '1021497581156', '1021498062999', 'D', '1'),
('1025801616515', '1023427471602', '1025729124135', 'D', '3'),
('1024336496530', '1019521412057', '1019842155120', 'L', '2'),
('1019070831131', '1016044335989', '1017826613995', 'L', '2'),
('1019070831131', '1016044335989', '1017770537488', 'L', '1'),
('1019070831131', '1016044335989', '1017770356770', 'L', '1'),
('1019070831131', '1019521412057', '1019842155120', 'L', '2'),
('1017680882034', '1015439199628', '1025179698958', 'F', '1'),
('1017680882034', '1015439199628', '1019929104096', 'F', '3'),
('1017680882034', '1015439199628', '1019521673978', 'F', '2'),
('1017680882034', '1015439199628', '1019078307412', 'D', '6'),
('1017680882034', '1019503684356', '1019522197038', 'F', '5'),
('1017680882034', '1019521412057', '1024593863514', 'F', '1'),
('1017680882034', '1019521412057', '1020352978976', 'F', '1'),
('1017680882034', '1019521412057', '1020387870333', 'F', '5'),
('1017680882034', '1019521412057', '1019840790435', 'F', '2'),
('1017680882034', '1019521412057', '1019841061316', 'D', '7'),
('1017680882034', '1019521412057', '1019730282074', 'L', '2'),
('1017680882034', '1019521412057', '1020389449332', 'L', '1'),
('1019139944399', '1019521412057', '1020389449332', 'L', '1'),
('1019139944399', '1019521412057', '1019730282074', 'L', '2'),
('1019050866592', '1016044335989', '1025212982938', 'L', '2'),
('1019050866592', '1016044335989', '1017826613995', 'L', '2'),
('1019050866592', '1016044335989', '1017770356770', 'L', '1'),
('1019050866592', '1019521412057', '1019842155120', 'L', '2'),
('1016734899516', '1024592802696', '1026241820579', 'D', '1'),
('1026153126144', '1016045744316', '1019163453706', 'D', '5'),
('1026153126144', '1016045744316', '1027771450280', 'D', '1'),
('1026153126144', '1023427471602', '1025729124135', 'D', '3'),
('1026153126144', '1023427471602', '1026925052958', 'L', '1'),
('1026140650281', '1016044335989', '1017770356770', 'L', '1'),
('1026140650281', '1016044335989', '1025212982938', 'L', '2'),
('1026140650281', '1016044335989', '1017826613995', 'L', '2'),
('1026140650281', '1019521412057', '1019842155120', 'L', '2'),
('1019484142388', '1019521412057', '1019842155120', 'L', '2'),
('1025056925487', '1024592802696', '1025216239540', 'D', '1'),
('1025709950535', '1016044335989', '1017826613995', 'L', '2'),
('1025709950535', '1016044335989', '1017825799585', 'L', '1'),
('1018517966065', '1019742207241', '1019742874857', 'L', '2'),
('1018517966065', '1019742207241', '1019746775672', 'L', '1'),
('1017148443627', '1018630040414', '1019492658745', 'F', '2'),
('1017148443627', '1018630040414', '1018630474849', 'D', '1'),
('1017148443627', '1018630040414', '1019679086951', 'L', '1'),
('1017148443627', '1019742207241', '1024934816818', 'F', '1'),
('1017148443627', '1019742207241', '1026409984574', 'D', '2'),
('1017148443627', '1019742207241', '1019745181654', 'L', '1'),
('1017148443627', '1019742207241', '1019746342396', 'L', '1'),
('1017148443627', '1019742207241', '1019746014215', 'L', '2'),
('1017148443627', '1019742207241', '1019743717416', 'L', '1'),
('1017148443627', '1019742207241', '1019742874857', 'L', '2'),
('1017148443627', '1019742207241', '1019746775672', 'L', '1'),
('1017148443627', '1019795057341', '1020224335081', 'F', '1'),
('1017148443627', '1019795057341', '1020223863529', 'D', '1'),
('1017148443627', '1021497581156', '1021498062999', 'D', '1'),
('1023908912014', '1016044335989', '1017826613995', 'L', '2'),
('1026407249700', '1019503684356', '1019522197038', 'F', '5'),
('1026407249700', '1019521412057', '1024593863514', 'F', '0'),
('1026407249700', '1019521412057', '1020352978976', 'F', '0'),
('1026407249700', '1019521412057', '1020387870333', 'F', '2'),
('1026407249700', '1019521412057', '1019840790435', 'F', '2'),
('1026407249700', '1019521412057', '1019841061316', 'D', '7'),
('1026407249700', '1019521412057', '1019730282074', 'L', '2'),
('1026407249700', '1019521412057', '1020389449332', 'L', '1'),
('1026407249700', '1019521412057', '1019842155120', 'L', '2'),
('1026407249700', '1025028206102', '1025117940382', 'D', '3'),
('1019050994833', '1016045744316', '1019163453706', 'D', '5'),
('1019050994833', '1016045744316', '1027771450280', 'D', '1'),
('1026421917400', '1019742207241', '1024934816818', 'F', '1'),
('1026421917400', '1019742207241', '1026409984574', 'D', '2'),
('1026421917400', '1019742207241', '1019745181654', 'L', '1'),
('1026421917400', '1019742207241', '1019746342396', 'L', '1'),
('1026421917400', '1019742207241', '1019746014215', 'L', '2'),
('1026421917400', '1019742207241', '1019743717416', 'L', '1'),
('1026421917400', '1019742207241', '1019742874857', 'L', '2'),
('1026421917400', '1019742207241', '1019746775672', 'L', '1'),
('1026423723630', '1015618391913', '1019062890608', 'F', '0'),
('1026423723630', '1015618391913', '1017865042185', 'D', '0'),
('1026423723630', '1015618391913', '1017931586279', 'L', '2'),
('1026423723630', '1018630040414', '1019492658745', 'F', '2'),
('1026423723630', '1018630040414', '1018630474849', 'D', '1'),
('1026423723630', '1018630040414', '1019679086951', 'L', '1'),
('1026423723630', '1019742207241', '1024934816818', 'F', '1'),
('1026423723630', '1019742207241', '1026409984574', 'D', '2'),
('1026423723630', '1019742207241', '1019745181654', 'L', '1'),
('1026423723630', '1019742207241', '1019746342396', 'L', '1'),
('1026423723630', '1019742207241', '1019746014215', 'L', '2'),
('1026423723630', '1019742207241', '1019743717416', 'L', '1'),
('1026423723630', '1019742207241', '1019742874857', 'L', '2'),
('1026423723630', '1019742207241', '1019746775672', 'L', '1'),
('1026423723630', '1019795057341', '1020224335081', 'F', '1'),
('1026423723630', '1019795057341', '1020223863529', 'D', '1'),
('1026423723630', '1021497581156', '1021498062999', 'D', '1'),
('1021255187421', '1018630040414', '1019492658745', 'F', '2'),
('1021255187421', '1018630040414', '1018630474849', 'D', '1'),
('1021255187421', '1018630040414', '1019679086951', 'L', '1'),
('1021255187421', '1019503684356', '1019522197038', 'F', '5'),
('1021255187421', '1019521412057', '1024593863514', 'F', '0'),
('1021255187421', '1019521412057', '1020352978976', 'F', '0'),
('1021255187421', '1019521412057', '1020387870333', 'F', '3'),
('1021255187421', '1019521412057', '1019840790435', 'F', '2'),
('1021255187421', '1019521412057', '1019841061316', 'D', '7'),
('1021255187421', '1019521412057', '1019730282074', 'L', '2'),
('1021255187421', '1019521412057', '1020389449332', 'L', '1'),
('1021255187421', '1019742207241', '1024934816818', 'F', '1'),
('1021255187421', '1019742207241', '1026409984574', 'D', '2'),
('1021255187421', '1019742207241', '1019745181654', 'L', '1'),
('1021255187421', '1019742207241', '1019746342396', 'L', '1'),
('1021255187421', '1019742207241', '1019746014215', 'L', '2'),
('1021255187421', '1019742207241', '1019743717416', 'L', '1'),
('1021255187421', '1019742207241', '1019742874857', 'L', '2'),
('1021255187421', '1019742207241', '1019746775672', 'L', '1'),
('1021255187421', '1019795057341', '1020224335081', 'F', '1'),
('1021255187421', '1019795057341', '1020223863529', 'D', '1'),
('1019087441845', '1019521412057', '1019842155120', 'L', '2'),
('1019087441845', '1019742207241', '1019742874857', 'L', '2'),
('1019087441845', '1019742207241', '1019746775672', 'L', '1'),
('1017145015032', '1019742207241', '1019742874857', 'L', '2'),
('1017145015032', '1019742207241', '1019746775672', 'L', '1'),
('1017145015032', '1025704105442', '1025704781499', 'D', '2'),
('1017752764345', '1019742207241', '1019742874857', 'L', '2'),
('1017752764345', '1019742207241', '1019746775672', 'L', '1'),
('1017752764345', '1024592802696', '1025216239540', 'D', '1'),
('1026141763486', '1024592802696', '1025216428534', 'D', '0'),
('1026141763486', '1024592802696', '1026163065926', 'F', '3'),
('1026141763486', '1024592802696', '1026319232417', 'F', '6'),
('1026141763486', '1024592802696', '1026241820579', 'D', '1'),
('1020369242464', '1024592802696', '1025216239540', 'D', '1'),
('1017523453083', '1019742207241', '1019742874857', 'L', '2'),
('1017523453083', '1019742207241', '1019746775672', 'L', '1'),
('1017523453083', '1024592802696', '1025216239540', 'D', '1'),
('1019476177508', '1015439199628', '1025179698958', 'F', '1'),
('1019476177508', '1015439199628', '1019929104096', 'F', '3'),
('1019476177508', '1015439199628', '1019521673978', 'F', '2'),
('1019476177508', '1015439199628', '1019078307412', 'D', '6'),
('1017770043725', '1024592802696', '1025216239540', 'D', '1'),
('1026218361696', '1016044335989', '1026231399030', 'F', '3'),
('1026218361696', '1016044335989', '1019489367134', 'D', '2'),
('1026218361696', '1016044335989', '1026230939305', 'L', '1'),
('1026218361696', '1016044335989', '1017770537488', 'L', '1'),
('1026218361696', '1016044335989', '1017770356770', 'L', '1'),
('1026218361696', '1016044335989', '1025212982938', 'L', '2'),
('1026218361696', '1016044335989', '1017826613995', 'L', '1'),
('1026218361696', '1025704105442', '1025704781499', 'D', '2'),
('1017232383457', '1019521412057', '1019842155120', 'L', '2'),
('1015438291312', '1019939868602', '1021058089792', 'F', '1'),
('1015438291312', '1019939868602', '1021719155697', 'D', '1'),
('1017230367133', '1024592802696', '1025216239540', 'D', '1'),
('1024583228543', '1019521412057', '1019842155120', 'L', '2'),
('1025801616515', '1024592802696', '1025216428534', 'D', '0'),
('1025801616515', '1024592802696', '1026163065926', 'F', '3'),
('1025801616515', '1024592802696', '1026319232417', 'F', '6'),
('1025801616515', '1024592802696', '1026241820579', 'D', '1'),
('1018445108826', '1024592802696', '1025216428534', 'D', '0'),
('1018445108826', '1024592802696', '1025216239540', 'D', '1'),
('1025457270811', '1024592802696', '1026241820579', 'D', '1'),
('1025457270811', '1024592802696', '1025216428534', 'D', '0'),
('1025457270811', '1024592802696', '1025216239540', 'D', '1'),
('1018651691296', '1015618391913', '1019062890608', 'F', '0'),
('1018651691296', '1015618391913', '1017865042185', 'D', '0'),
('1018651691296', '1015618391913', '1017931586279', 'L', '2'),
('1018651691296', '1019503684356', '1019522197038', 'F', '5'),
('1026592468087', '1019742207241', '1024934816818', 'F', '1'),
('1026592468087', '1019742207241', '1026409984574', 'D', '2'),
('1026592468087', '1019742207241', '1019745181654', 'L', '1'),
('1026592468087', '1019742207241', '1019746342396', 'L', '1'),
('1026592468087', '1019742207241', '1019746014215', 'L', '2'),
('1026592468087', '1019742207241', '1019743717416', 'L', '1'),
('1026592468087', '1019742207241', '1019742874857', 'L', '2'),
('1026592468087', '1019742207241', '1019746775672', 'L', '1'),
('1026592468087', '1021497581156', '1021498062999', 'D', '1'),
('1019737602440', '1019742207241', '1019742874857', 'L', '2'),
('1019737602440', '1019742207241', '1019746775672', 'L', '1'),
('1019737602440', '1024592802696', '1025216239540', 'D', '1'),
('1017148443627', '1024592802696', '1026163065926', 'F', '3'),
('1017148443627', '1024592802696', '1026319232417', 'F', '6'),
('1017148443627', '1024592802696', '1026241820579', 'D', '1'),
('1017148443627', '1024592802696', '1025216428534', 'D', '0'),
('1017148443627', '1024592802696', '1025216239540', 'D', '1'),
('1021487095814', '1016044335989', '1025212982938', 'L', '2'),
('1021487095814', '1016044335989', '1017826613995', 'L', '2'),
('1021487095814', '1018630040414', '1019492658745', 'F', '2'),
('1021487095814', '1018630040414', '1018630474849', 'D', '1'),
('1021487095814', '1018630040414', '1019679086951', 'L', '1'),
('1021487095814', '1019521412057', '1019842155120', 'L', '2'),
('1021487095814', '1019742207241', '1024934816818', 'F', '1'),
('1021487095814', '1019742207241', '1026409984574', 'D', '2'),
('1021487095814', '1019742207241', '1019745181654', 'L', '1'),
('1021487095814', '1019742207241', '1019746342396', 'L', '1'),
('1021487095814', '1019742207241', '1019746014215', 'L', '2'),
('1021487095814', '1019742207241', '1019743717416', 'L', '1'),
('1021487095814', '1019742207241', '1019742874857', 'L', '2'),
('1021487095814', '1019742207241', '1019746775672', 'L', '1'),
('1021487095814', '1023427471602', '1024061253776', 'D', '6'),
('1021487095814', '1025704105442', '1025704781499', 'D', '2'),
('1020098106685', '1019521412057', '1019842155120', 'L', '2'),
('1020098106685', '1019742207241', '1019742874857', 'L', '2'),
('1020098106685', '1019742207241', '1019746775672', 'L', '1'),
('1018471144727', '1015439199628', '1019521673978', 'F', '2'),
('1018471144727', '1015439199628', '1019078307412', 'D', '6'),
('1018471144727', '1016044335989', '1017826613995', 'L', '1'),
('1018471144727', '1016044335989', '1017825799585', 'L', '1'),
('1018471144727', '1019521412057', '1019842155120', 'L', '2'),
('1018471144727', '1019742207241', '1019742874857', 'L', '2'),
('1018471144727', '1019742207241', '1019746775672', 'L', '1'),
('1021487095814', '1016045744316', '1019163453706', 'D', '5'),
('1021487095814', '1016045744316', '1027771450280', 'D', '1'),
('1021487095814', '1025028206102', '1028296370008', 'D', '1'),
('1019676386491', '1016044335989', '1017826613995', 'L', '2'),
('1019676386491', '1016044335989', '1017770537488', 'L', '1'),
('1019676386491', '1016044335989', '1017770356770', 'L', '1'),
('1026662649313', '1016045744316', '1019163453706', 'D', '5'),
('1026662649313', '1016045744316', '1027771450280', 'D', '1'),
('1026662649313', '1023427471602', '1025729124135', 'D', '3'),
('1016734899516', '1024592802696', '1025216239540', 'D', '1'),
('1019676386491', '1025028206102', '1028296370008', 'D', '1'),
('1017056954518', '1024592802696', '1025216428534', 'D', '0'),
('1017056954518', '1024592802696', '1025216239540', 'D', '1'),
('1022709335788', '1015618391913', '1019062890608', 'F', '0'),
('1022709335788', '1015618391913', '1017865042185', 'D', '0'),
('1022709335788', '1015618391913', '1017931586279', 'L', '2'),
('1022709335788', '1017690605883', '1019926448923', 'F', '0'),
('1022709335788', '1017690605883', '1017691290653', 'F', '3'),
('1022709335788', '1017690605883', '1017690928896', 'D', '3'),
('1022709335788', '1017690605883', '1019926154496', 'L', '1'),
('1022709335788', '1018630040414', '1019492658745', 'F', '2'),
('1022709335788', '1018630040414', '1018630474849', 'D', '1'),
('1022709335788', '1018630040414', '1019679086951', 'L', '1'),
('1022709335788', '1019521412057', '1024593863514', 'F', '0'),
('1022709335788', '1019521412057', '1020352978976', 'F', '0'),
('1022709335788', '1019521412057', '1020387870333', 'F', '3'),
('1022709335788', '1019521412057', '1019840790435', 'F', '2'),
('1022709335788', '1019521412057', '1019841061316', 'D', '7'),
('1022709335788', '1019521412057', '1019730282074', 'L', '2'),
('1022709335788', '1019521412057', '1020389449332', 'L', '1'),
('1022709335788', '1019521412057', '1019842155120', 'L', '2'),
('1022709335788', '1019742207241', '1024934816818', 'F', '1'),
('1022709335788', '1019742207241', '1026409984574', 'D', '2'),
('1022709335788', '1019742207241', '1019745181654', 'L', '1'),
('1022709335788', '1019742207241', '1019746342396', 'L', '1'),
('1022709335788', '1019742207241', '1019746014215', 'L', '2'),
('1022709335788', '1019742207241', '1019743717416', 'L', '1'),
('1022709335788', '1019742207241', '1019742874857', 'L', '2'),
('1022709335788', '1019742207241', '1019746775672', 'L', '1'),
('1022709335788', '1019795057341', '1020224335081', 'F', '1'),
('1022709335788', '1019795057341', '1020223863529', 'D', '1'),
('1022709335788', '1021497581156', '1021498062999', 'D', '1'),
('1024265573543', '1021497581156', '1021498062999', 'D', '1'),
('1015439644996', '1024592802696', '1025216428534', 'D', '0'),
('1015439644996', '1024592802696', '1025216239540', 'D', '1'),
('1018452384965', '1015439199628', '1025179698958', 'F', '1'),
('1018452384965', '1015439199628', '1019929104096', 'F', '3'),
('1018452384965', '1015439199628', '1019521673978', 'F', '2'),
('1018452384965', '1015439199628', '1019078307412', 'D', '6'),
('1018452384965', '1019503684356', '1019522197038', 'F', '5'),
('1018452384965', '1019521412057', '1024593863514', 'F', '1'),
('1018452384965', '1019521412057', '1020352978976', 'F', '1'),
('1018452384965', '1019521412057', '1020387870333', 'F', '5'),
('1018452384965', '1019521412057', '1019840790435', 'F', '2'),
('1018452384965', '1019521412057', '1019841061316', 'D', '7'),
('1018452384965', '1019521412057', '1019730282074', 'L', '2'),
('1018452384965', '1019521412057', '1020389449332', 'L', '1'),
('1026153126144', '1019795057341', '1020224335081', 'F', '1'),
('1026153126144', '1019795057341', '1020223863529', 'D', '1'),
('1017680882034', '1019521412057', '1019842155120', 'L', '2'),
('1019070831131', '1019742207241', '1019742874857', 'L', '2'),
('1019070831131', '1019742207241', '1019746775672', 'L', '1'),
('1019070831131', '1025028206102', '1028296370008', 'D', '1'),
('1019070831131', '1025704105442', '1025704781499', 'D', '2'),
('1021497701327', '1021497581156', '1021498062999', 'D', '1'),
('1026764171721', '1015618391913', '1019062890608', 'F', '0'),
('1026764171721', '1015618391913', '1017865042185', 'D', '0'),
('1026764171721', '1015618391913', '1017931586279', 'L', '2'),
('1026764171721', '1018630040414', '1019492658745', 'F', '2'),
('1026764171721', '1018630040414', '1018630474849', 'D', '1'),
('1026764171721', '1018630040414', '1019679086951', 'L', '1'),
('1026764171721', '1021497581156', '1021498062999', 'D', '1'),
('1024594709116', '1024592802696', '1026241820579', 'D', '1'),
('1024594709116', '1024592802696', '1025216428534', 'D', '0'),
('1024594709116', '1024592802696', '1025216239540', 'D', '1'),
('1019649511805', '1016045744316', '1019163453706', 'D', '5'),
('1019649511805', '1016045744316', '1020806576321', 'L', '1'),
('1026420891004', '1015618391913', '1019062890608', 'F', '0'),
('1026420891004', '1015618391913', '1017865042185', 'D', '0'),
('1026420891004', '1015618391913', '1017931586279', 'L', '2'),
('1026420891004', '1016045744316', '1019163453706', 'D', '5'),
('1026420891004', '1016045744316', '1027771450280', 'D', '1'),
('1026420891004', '1018630040414', '1019492658745', 'F', '2'),
('1026420891004', '1018630040414', '1018630474849', 'D', '1'),
('1026420891004', '1018630040414', '1019679086951', 'L', '1'),
('1026420891004', '1019742207241', '1024934816818', 'F', '1'),
('1026420891004', '1019742207241', '1026409984574', 'D', '2'),
('1026420891004', '1019742207241', '1019745181654', 'L', '1'),
('1026420891004', '1019742207241', '1019746342396', 'L', '1'),
('1026420891004', '1019742207241', '1019746014215', 'L', '2'),
('1026420891004', '1019742207241', '1019743717416', 'L', '1'),
('1026420891004', '1019742207241', '1019742874857', 'L', '2'),
('1026420891004', '1019742207241', '1019746775672', 'L', '1'),
('1026420891004', '1019795057341', '1020224335081', 'F', '1'),
('1026420891004', '1019795057341', '1020223863529', 'D', '1'),
('1026420891004', '1021497581156', '1021498062999', 'D', '1'),
('1026420891004', '1023427471602', '1025729124135', 'D', '3'),
('1026420891004', '1023427471602', '1024061253776', 'D', '4'),
('1026420891004', '1024592802696', '1026163065926', 'F', '3'),
('1026420891004', '1024592802696', '1026319232417', 'F', '6'),
('1026420891004', '1024592802696', '1026241820579', 'D', '1'),
('1026420891004', '1024592802696', '1025216428534', 'D', '0'),
('1026420891004', '1024592802696', '1025216239540', 'D', '1'),
('1017752939512', '1024592802696', '1026241820579', 'D', '1'),
('1017752939512', '1024592802696', '1025216428534', 'D', '0'),
('1017752939512', '1024592802696', '1025216239540', 'D', '1'),
('1025173937798', '1016044335989', '1017770356770', 'L', '1'),
('1016645351524', '1019521412057', '1020389449332', 'L', '1'),
('1016645351524', '1019742207241', '1024934816818', 'F', '1'),
('1016645351524', '1019742207241', '1026409984574', 'D', '2'),
('1016645351524', '1019742207241', '1019745181654', 'L', '1'),
('1016645351524', '1019742207241', '1019746342396', 'L', '1'),
('1016645351524', '1019742207241', '1019746014215', 'L', '2'),
('1016645351524', '1019742207241', '1019743717416', 'L', '1'),
('1016645351524', '1019742207241', '1019742874857', 'L', '2'),
('1016645351524', '1019742207241', '1019746775672', 'L', '1'),
('1016645351524', '1019795057341', '1020224335081', 'F', '1'),
('1016645351524', '1019795057341', '1020223863529', 'D', '1'),
('1016645351524', '1024592802696', '1026163065926', 'F', '3'),
('1016645351524', '1024592802696', '1026319232417', 'F', '6'),
('1016645351524', '1024592802696', '1026241820579', 'D', '1'),
('1016645351524', '1024592802696', '1025216428534', 'D', '0'),
('1016645351524', '1024592802696', '1025216239540', 'D', '1'),
('1019676386491', '1016044335989', '1025212982938', 'L', '2'),
('1026824697073', '1025280704476', '1026823508199', 'D', '0'),
('1019050994833', '1019795057341', '1020224335081', 'F', '1'),
('1019050994833', '1019795057341', '1020223863529', 'D', '1'),
('1025201469667', '1019742207241', '1019742874857', 'L', '2'),
('1025201469667', '1019742207241', '1019746775672', 'L', '1'),
('1019737602440', '1025280704476', '1026823508199', 'D', '0'),
('1019070831131', '1016044335989', '1025212982938', 'L', '2'),
('1019070831131', '1025280704476', '1026823508199', 'D', '1'),
('1016645622861', '1024592802696', '1026163065926', 'F', '3'),
('1016645622861', '1024592802696', '1026319232417', 'F', '6'),
('1016645622861', '1024592802696', '1026241820579', 'D', '1'),
('1016645622861', '1024592802696', '1025216428534', 'D', '0'),
('1016645622861', '1024592802696', '1025216239540', 'D', '1'),
('1024421269647', '1019503684356', '1019522197038', 'F', '5'),
('1024421269647', '1025704105442', '1025704781499', 'D', '2'),
('1019050866592', '1016044335989', '1017825799585', 'L', '1'),
('1019050866592', '1025280704476', '1026823508199', 'D', '1'),
('1017680882034', '1025280704476', '1026823508199', 'D', '1'),
('1016645351524', '1025280704476', '1026823508199', 'D', '1'),
('1026218361696', '1016044335989', '1017825799585', 'L', '1'),
('1015347803599', '1019521412057', '1020389449332', 'L', '1'),
('1015347803599', '1019521412057', '1019730282074', 'L', '2'),
('1015347803599', '1019742207241', '1019746775672', 'L', '1'),
('1015347803599', '1025280704476', '1026823508199', 'D', '1'),
('1026140650281', '1016044335989', '1017825799585', 'L', '1'),
('1026140650281', '1025280704476', '1026823508199', 'D', '0'),
('1020179615378', '1019503684356', '1019522197038', 'F', '5'),
('1020179615378', '1025028206102', '1028296370008', 'D', '1'),
('1025029389427', '1016044335989', '1017826613995', 'L', '2'),
('1025029389427', '1019521412057', '1024593863514', 'F', '0'),
('1025029389427', '1019521412057', '1020352978976', 'F', '0'),
('1025029389427', '1019521412057', '1020387870333', 'F', '3'),
('1025029389427', '1019521412057', '1019840790435', 'F', '2'),
('1025029389427', '1019521412057', '1019841061316', 'D', '7'),
('1025029389427', '1019521412057', '1019730282074', 'L', '2'),
('1025029389427', '1019521412057', '1020389449332', 'L', '1'),
('1025029389427', '1019521412057', '1019842155120', 'L', '2'),
('1018517966065', '1025280704476', '1026823508199', 'D', '0'),
('1020348347156', '1019742207241', '1019742874857', 'L', '2'),
('1020348347156', '1019742207241', '1019746775672', 'L', '1'),
('1020348347156', '1024592802696', '1025216428534', 'D', '0'),
('1020348347156', '1024592802696', '1025216239540', 'D', '1'),
('1017523453083', '1025028206102', '1028296370008', 'D', '1'),
('1017523453083', '1025280704476', '1026823508199', 'D', '0'),
('1025875265469', '1023427471602', '1026925052958', 'L', '1'),
('1020369242464', '1023427471602', '1026925052958', 'L', '1'),
('1015331789194', '1023427471602', '1026925052958', 'L', '1'),
('1016645351524', '1023427471602', '1025729124135', 'D', '3'),
('1016645351524', '1023427471602', '1024061253776', 'D', '6'),
('1017230367133', '1023427471602', '1026925052958', 'L', '1'),
('1026928000422', '1015439199628', '1025179698958', 'F', '1'),
('1026928000422', '1015439199628', '1019929104096', 'F', '3'),
('1026928000422', '1015439199628', '1019521673978', 'F', '2'),
('1026928000422', '1015439199628', '1019078307412', 'D', '6'),
('1026928000422', '1016044335989', '1026231399030', 'F', '3'),
('1026928000422', '1016044335989', '1019489367134', 'D', '2'),
('1026928000422', '1016044335989', '1026230939305', 'L', '1'),
('1026928000422', '1016044335989', '1017770537488', 'L', '1'),
('1026928000422', '1016044335989', '1017770356770', 'L', '1'),
('1026928000422', '1016044335989', '1025212982938', 'L', '2'),
('1026928000422', '1016044335989', '1017826613995', 'L', '2'),
('1026928000422', '1019503684356', '1019522197038', 'F', '5'),
('1026928000422', '1019521412057', '1024593863514', 'F', '1'),
('1026928000422', '1019521412057', '1020352978976', 'F', '1'),
('1026928000422', '1019521412057', '1020387870333', 'F', '5'),
('1026928000422', '1019521412057', '1019840790435', 'F', '2'),
('1026928000422', '1019521412057', '1019841061316', 'D', '7'),
('1026928000422', '1019521412057', '1019730282074', 'L', '2'),
('1026928000422', '1019521412057', '1020389449332', 'L', '1'),
('1026928000422', '1019742207241', '1024934816818', 'F', '1'),
('1026928000422', '1019742207241', '1026409984574', 'D', '2'),
('1026928000422', '1019742207241', '1019745181654', 'L', '1'),
('1026928000422', '1019742207241', '1019746342396', 'L', '1'),
('1026928000422', '1019742207241', '1019746014215', 'L', '2'),
('1026928000422', '1019742207241', '1019743717416', 'L', '1'),
('1026928000422', '1019742207241', '1019742874857', 'L', '2'),
('1026928000422', '1019742207241', '1019746775672', 'L', '1'),
('1026928000422', '1019795057341', '1020224335081', 'F', '1'),
('1026928000422', '1019795057341', '1020223863529', 'D', '1'),
('1026928000422', '1023427471602', '1024061253776', 'D', '4'),
('1026928000422', '1023427471602', '1025729124135', 'D', '3'),
('1026928000422', '1023427471602', '1026925052958', 'L', '1'),
('1026928000422', '1025280704476', '1026823508199', 'D', '1'),
('1026928000422', '1025704105442', '1025704781499', 'D', '2'),
('1026149751572', '1023427471602', '1026925052958', 'L', '1'),
('1019700068942', '1023427471602', '1026925052958', 'L', '1'),
('1026933242802', '1015618391913', '1019062890608', 'F', '0'),
('1026933242802', '1015618391913', '1017865042185', 'D', '0'),
('1026933242802', '1015618391913', '1017931586279', 'L', '2'),
('1026933242802', '1019503684356', '1019522197038', 'F', '5'),
('1026933242802', '1019521412057', '1024593863514', 'F', '0'),
('1026933242802', '1019521412057', '1020352978976', 'F', '0'),
('1026933242802', '1019521412057', '1020387870333', 'F', '3'),
('1026933242802', '1019521412057', '1019840790435', 'F', '2'),
('1026933242802', '1019521412057', '1019841061316', 'D', '7'),
('1026933242802', '1019521412057', '1019730282074', 'L', '2'),
('1026933242802', '1019521412057', '1020389449332', 'L', '1'),
('1026933242802', '1019521412057', '1019842155120', 'L', '2'),
('1026933242802', '1019742207241', '1024934816818', 'F', '1'),
('1026933242802', '1019742207241', '1026409984574', 'D', '2'),
('1026933242802', '1019742207241', '1019745181654', 'L', '1'),
('1026933242802', '1019742207241', '1019746342396', 'L', '1'),
('1026933242802', '1019742207241', '1019746014215', 'L', '2'),
('1026933242802', '1019742207241', '1019743717416', 'L', '1'),
('1026933242802', '1019742207241', '1019742874857', 'L', '2'),
('1026933242802', '1019742207241', '1019746775672', 'L', '1'),
('1026933242802', '1021497581156', '1021498062999', 'D', '1'),
('1026933242802', '1025028206102', '1025117940382', 'D', '3'),
('1024336496530', '1023427471602', '1026925052958', 'L', '1'),
('1024519872238', '1023427471602', '1024061253776', 'D', '6'),
('1024519872238', '1018630040414', '1019492658745', 'F', '2'),
('1024519872238', '1018630040414', '1018630474849', 'D', '1'),
('1024519872238', '1018630040414', '1019679086951', 'L', '1'),
('1021497701327', '1019742207241', '1024934816818', 'F', '1'),
('1021497701327', '1019742207241', '1026409984574', 'D', '2'),
('1021497701327', '1019742207241', '1019745181654', 'L', '1'),
('1021497701327', '1019742207241', '1019746342396', 'L', '1'),
('1021497701327', '1019742207241', '1019746014215', 'L', '2'),
('1021497701327', '1019742207241', '1019743717416', 'L', '1'),
('1021497701327', '1019742207241', '1019742874857', 'L', '2'),
('1021497701327', '1019742207241', '1019746775672', 'L', '1'),
('1017919219114', '1015618391913', '1019062890608', 'F', '0'),
('1017919219114', '1015618391913', '1017865042185', 'D', '0'),
('1017919219114', '1015618391913', '1017931586279', 'L', '2'),
('1017919219114', '1017690605883', '1019926448923', 'F', '0'),
('1017919219114', '1017690605883', '1017691290653', 'F', '3'),
('1017919219114', '1017690605883', '1017690928896', 'D', '3'),
('1017919219114', '1017690605883', '1019926154496', 'L', '1'),
('1017919219114', '1021497581156', '1021498062999', 'D', '1'),
('1019139944399', '1025280704476', '1026823508199', 'D', '1'),
('1018878153623', '1019521412057', '1019842155120', 'L', '2'),
('1018878153623', '1025280704476', '1026823508199', 'D', '0'),
('1017056954518', '1023427471602', '1024061253776', 'D', '6'),
('1025056925487', '1023427471602', '1026925052958', 'L', '1'),
('1019499371730', '1016044335989', '1026231399030', 'F', '2'),
('1019499371730', '1016044335989', '1019489367134', 'D', '2'),
('1019499371730', '1016044335989', '1026230939305', 'L', '1'),
('1019499371730', '1016044335989', '1017770537488', 'L', '1'),
('1019499371730', '1016044335989', '1017770356770', 'L', '1'),
('1019499371730', '1016044335989', '1025212982938', 'L', '2'),
('1019499371730', '1016044335989', '1017826613995', 'L', '1'),
('1019499371730', '1016044335989', '1017825799585', 'L', '1'),
('1017752764345', '1023427471602', '1026925052958', 'L', '1'),
('1026141763486', '1023427471602', '1026925052958', 'L', '1'),
('1026141763486', '1024592802696', '1025216239540', 'D', '1'),
('1017770043725', '1023427471602', '1026925052958', 'L', '1'),
('1017523453083', '1023427471602', '1024061253776', 'D', '6'),
('1024583228543', '1016044335989', '1017826613995', 'L', '2'),
('1024583228543', '1023427471602', '1024061253776', 'D', '6'),
('1017232383457', '1023427471602', '1026925052958', 'L', '1'),
('1017232383457', '1016045744316', '1019163453706', 'D', '5'),
('1017232383457', '1016045744316', '1027771450280', 'D', '1'),
('1019050994833', '1024592802696', '1026163065926', 'F', '3'),
('1019050994833', '1024592802696', '1026319232417', 'F', '6'),
('1019050994833', '1024592802696', '1026241820579', 'D', '1'),
('1019050994833', '1024592802696', '1025216428534', 'D', '0'),
('1019050994833', '1024592802696', '1025216239540', 'D', '1'),
('1027005176702', '1019503684356', '1019522197038', 'F', '5'),
('1027005176702', '1025280704476', '1026823508199', 'D', '1'),
('1024583349330', '1016044335989', '1025212982938', 'L', '2'),
('1024583349330', '1016044335989', '1017826613995', 'L', '2'),
('1017752939512', '1023427471602', '1026925052958', 'L', '1'),
('1019476177508', '1025280704476', '1026823508199', 'D', '0'),
('1019049525378', '1015439199628', '1025179698958', 'F', '1'),
('1019049525378', '1015439199628', '1019929104096', 'F', '3'),
('1019049525378', '1015439199628', '1019521673978', 'F', '2'),
('1019049525378', '1015439199628', '1019078307412', 'D', '6'),
('1019049525378', '1019503684356', '1019522197038', 'F', '5'),
('1019049525378', '1025280704476', '1026823508199', 'D', '1'),
('1015331789194', '1026427482871', '1028754502738', 'F', '1'),
('1016645622861', '1023427471602', '1026925052958', 'L', '1'),
('1027032530488', '1016044335989', '1026231399030', 'F', '3'),
('1027032530488', '1016044335989', '1029862185675', 'D', '1'),
('1027032530488', '1016044335989', '1019489367134', 'D', '2'),
('1027032530488', '1016044335989', '1026230939305', 'L', '1'),
('1027032530488', '1016044335989', '1017770537488', 'L', '1'),
('1027032530488', '1016044335989', '1017770356770', 'L', '1'),
('1027032530488', '1016044335989', '1025212982938', 'L', '2'),
('1027032530488', '1023427471602', '1024061253776', 'D', '6'),
('1027032530488', '1023427471602', '1025729124135', 'D', '3'),
('1027032530488', '1025704105442', '1025704781499', 'D', '2'),
('1020369242464', '1026427482871', '1028754502738', 'F', '1'),
('1024594709116', '1023427471602', '1024061253776', 'D', '6'),
('1017230367133', '1026427482871', '1028754502738', 'F', '1'),
('1017752939512', '1026427482871', '1028754502738', 'F', '1'),
('1017523453083', '1026427482871', '1028754502738', 'F', '1'),
('1019071557673', '1019742207241', '1024934816818', 'F', '1'),
('1019071557673', '1019742207241', '1026409984574', 'D', '2'),
('1019071557673', '1019742207241', '1019745181654', 'L', '1'),
('1019071557673', '1019742207241', '1019746342396', 'L', '1'),
('1019071557673', '1019742207241', '1019746014215', 'L', '2'),
('1019071557673', '1019742207241', '1019743717416', 'L', '1'),
('1019071557673', '1019742207241', '1019742874857', 'L', '2'),
('1019071557673', '1019742207241', '1019746775672', 'L', '1'),
('1019071557673', '1019795057341', '1020224335081', 'F', '1'),
('1019071557673', '1019795057341', '1020223863529', 'D', '1'),
('1019071557673', '1021497581156', '1021498062999', 'D', '1'),
('1019071557673', '1025280704476', '1026823508199', 'D', '0'),
('1017232383457', '1026427482871', '1028754502738', 'F', '1'),
('1022090270729', '1019521412057', '1019842155120', 'L', '2'),
('1022090270729', '1019521412057', '1020387870333', 'F', '5'),
('1022090270729', '1019742207241', '1019746775672', 'L', '1'),
('1019740508186', '1016045744316', '1019163453706', 'D', '5'),
('1019740508186', '1016045744316', '1020806576321', 'L', '1'),
('1021487095814', '1023427471602', '1026925052958', 'L', '1'),
('1021487095814', '1026427482871', '1028754502738', 'F', '1'),
('1017752764345', '1026427482871', '1028754502738', 'F', '1'),
('1016645351524', '1026427482871', '1028754502738', 'F', '1'),
('1025192798723', '1023427471602', '1024061253776', 'D', '6'),
('1025709950535', '1025280704476', '1026823508199', 'D', '1'),
('1019087441845', '1023427471602', '1026925052958', 'L', '1'),
('1018466256322', '1015439199628', '1025179698958', 'F', '1'),
('1018466256322', '1015439199628', '1019929104096', 'F', '3'),
('1018466256322', '1015439199628', '1019521673978', 'F', '2'),
('1018466256322', '1015439199628', '1019078307412', 'D', '6'),
('1018466256322', '1016044335989', '1026231399030', 'F', '3'),
('1018466256322', '1016044335989', '1019489367134', 'D', '2'),
('1018466256322', '1016044335989', '1026230939305', 'L', '1'),
('1018466256322', '1016044335989', '1017770537488', 'L', '1'),
('1018466256322', '1016044335989', '1017770356770', 'L', '1'),
('1018466256322', '1016044335989', '1025212982938', 'L', '2'),
('1018466256322', '1016044335989', '1017826613995', 'L', '2'),
('1018466256322', '1026427482871', '1028754502738', 'F', '1'),
('1019476177508', '1019503684356', '1019522197038', 'F', '5'),
('1016734899516', '1023427471602', '1026925052958', 'L', '1'),
('1018517966065', '1023427471602', '1026925052958', 'L', '1'),
('1018517966065', '1026427482871', '1028754502738', 'F', '1'),
('1018362443321', '1016044335989', '1017825799585', 'L', '1'),
('1018362443321', '1019521412057', '1019730282074', 'L', '2'),
('1018362443321', '1019521412057', '1020389449332', 'L', '1'),
('1018362443321', '1019521412057', '1019842155120', 'L', '2'),
('1026662649313', '1023427471602', '1026925052958', 'L', '1'),
('1026662649313', '1026427482871', '1028754502738', 'F', '1'),
('1024583349330', '1026427482871', '1027028302121', 'F', '1'),
('1020007158410', '1025280704476', '1026823508199', 'D', '1'),
('1025030216215', '1019742207241', '1019742874857', 'L', '2'),
('1025030216215', '1019742207241', '1019746775672', 'L', '1'),
('1025030216215', '1023427471602', '1026925052958', 'L', '1'),
('1025801616515', '1023427471602', '1026925052958', 'L', '1'),
('1025801616515', '1024592802696', '1025216239540', 'D', '1'),
('1025801616515', '1025280704476', '1026823508199', 'D', '0'),
('1025801616515', '1025280704476', '1027195308669', 'D', '2'),
('1018517966065', '1025280704476', '1027195308669', 'D', '2'),
('1021263388215', '1019503684356', '1019522197038', 'F', '5'),
('1021263388215', '1025280704476', '1026823508199', 'D', '0'),
('1021263388215', '1025280704476', '1027195308669', 'D', '2'),
('1017148443627', '1023427471602', '1026925052958', 'L', '1'),
('1019928394169', '1016044335989', '1017826613995', 'L', '2'),
('1019928394169', '1016044335989', '1017770356770', 'L', '1'),
('1019928394169', '1016044335989', '1025212982938', 'L', '2'),
('1019928394169', '1025280704476', '1026823508199', 'D', '0'),
('1019928394169', '1025280704476', '1027195308669', 'D', '2'),
('1026824697073', '1025280704476', '1027195308669', 'D', '2'),
('1018452384965', '1025280704476', '1026823508199', 'D', '0'),
('1018452384965', '1025280704476', '1027195308669', 'D', '2'),
('1018619379980', '1015439199628', '1019521673978', 'F', '2'),
('1018619379980', '1015439199628', '1019078307412', 'D', '6'),
('1018619379980', '1019521412057', '1024593863514', 'F', '0'),
('1018619379980', '1019521412057', '1020352978976', 'F', '0'),
('1018619379980', '1019521412057', '1020387870333', 'F', '3'),
('1018619379980', '1019521412057', '1019840790435', 'F', '2'),
('1018619379980', '1019521412057', '1019841061316', 'D', '7'),
('1018619379980', '1019521412057', '1019730282074', 'L', '2'),
('1018619379980', '1019521412057', '1020389449332', 'L', '1'),
('1018619379980', '1019521412057', '1019842155120', 'L', '2'),
('1018445108826', '1023427471602', '1026925052958', 'L', '1'),
('1019070885655', '1019521412057', '1019842155120', 'L', '2'),
('1019070885655', '1019521412057', '1020387870333', 'F', '5'),
('1019070885655', '1025028206102', '1028296370008', 'D', '1'),
('1019070885655', '1025280704476', '1026823508199', 'D', '0'),
('1019070885655', '1025280704476', '1027195308669', 'D', '2'),
('1020348347156', '1023427471602', '1026925052958', 'L', '1'),
('1020348347156', '1026427482871', '1028754502738', 'F', '1'),
('1023459951983', '1019521412057', '1019842155120', 'L', '2'),
('1023459951983', '1019521412057', '1020387870333', 'F', '5'),
('1023459951983', '1023427471602', '1024061253776', 'D', '6'),
('1018878153623', '1025280704476', '1027195308669', 'D', '2'),
('1025702865556', '1016044335989', '1017826613995', 'L', '1'),
('1025702865556', '1016044335989', '1017825799585', 'L', '1'),
('1019600236718', '1016045744316', '1019163453706', 'D', '5'),
('1019600236718', '1016045744316', '1027771450280', 'D', '1'),
('1027349267540', '1016044335989', '1026231399030', 'F', '3'),
('1027349267540', '1016044335989', '1029862185675', 'D', '1'),
('1027349267540', '1016044335989', '1019489367134', 'D', '2'),
('1027349267540', '1016044335989', '1026230939305', 'L', '1'),
('1027349267540', '1016044335989', '1017770537488', 'L', '1'),
('1027349267540', '1016044335989', '1017770356770', 'L', '1'),
('1027349267540', '1016044335989', '1025212982938', 'L', '2'),
('1019476177508', '1025280704476', '1027195308669', 'D', '2'),
('1017523453083', '1025280704476', '1027195308669', 'D', '2'),
('1026140650281', '1023427471602', '1026925052958', 'L', '1'),
('1026140650281', '1025280704476', '1027195308669', 'D', '2'),
('1026153126144', '1023427471602', '1024061253776', 'D', '6'),
('1025203222825', '1019521412057', '1019842155120', 'L', '2'),
('1025203222825', '1019742207241', '1019742874857', 'L', '2'),
('1025203222825', '1019742207241', '1019746775672', 'L', '1'),
('1025203222825', '1023427471602', '1026925052958', 'L', '1'),
('1025203222825', '1025280704476', '1026823508199', 'D', '0'),
('1025203222825', '1025280704476', '1027195308669', 'D', '2'),
('1025203222825', '1026427482871', '1028754502738', 'F', '1'),
('1025203222825', '1027220991149', '1027386189782', 'D', '1'),
('1025203222825', '1027220991149', '1027385689839', 'L', '3'),
('1019737602440', '1025280704476', '1027195308669', 'D', '2'),
('1025173937798', '1016045744316', '1019163453706', 'D', '5'),
('1025173937798', '1016045744316', '1027771450280', 'D', '1'),
('1025173937798', '1026427482871', '1028754502738', 'F', '1'),
('1019071557673', '1019503684356', '1019522197038', 'F', '5'),
('1019071557673', '1025028206102', '1028296370008', 'D', '1'),
('1019071557673', '1025280704476', '1027195308669', 'D', '2'),
('1018995994873', '1027220991149', '1027386189782', 'D', '1'),
('1018995994873', '1027220991149', '1027385689839', 'L', '3'),
('1027427649591', '1025280704476', '1026823508199', 'D', '0'),
('1027427649591', '1025280704476', '1027195308669', 'D', '2'),
('1015331789194', '1027220991149', '1027386189782', 'D', '1'),
('1015331789194', '1027220991149', '1027385689839', 'L', '3'),
('1023459951983', '1027220991149', '1027386189782', 'D', '1'),
('1023459951983', '1027220991149', '1027385689839', 'L', '3'),
('1017230367133', '1027220991149', '1027386189782', 'D', '1'),
('1017230367133', '1027220991149', '1027385689839', 'L', '3'),
('1017523453083', '1027220991149', '1027386189782', 'D', '1'),
('1017523453083', '1027220991149', '1027385689839', 'L', '3'),
('1015439644996', '1023427471602', '1026925052958', 'L', '1'),
('1015439644996', '1025280704476', '1027195308669', 'D', '3'),
('1027427649591', '1016044335989', '1026231399030', 'F', '3'),
('1027427649591', '1016044335989', '1029862185675', 'D', '1'),
('1027427649591', '1016044335989', '1019489367134', 'D', '2'),
('1027427649591', '1016044335989', '1026230939305', 'L', '1'),
('1027427649591', '1016044335989', '1017770537488', 'L', '1'),
('1027427649591', '1016044335989', '1017770356770', 'L', '1'),
('1027427649591', '1016044335989', '1025212982938', 'L', '2'),
('1027427649591', '1023427471602', '1024061253776', 'D', '6'),
('1027427649591', '1023427471602', '1025729124135', 'D', '3'),
('1027427649591', '1026427482871', '1028754502738', 'F', '1'),
('1018517966065', '1027220991149', '1027386189782', 'D', '1'),
('1018517966065', '1027220991149', '1027385689839', 'L', '3'),
('1027431809250', '1016044335989', '1026231399030', 'F', '3'),
('1027431809250', '1016044335989', '1029862185675', 'D', '1'),
('1027431809250', '1016044335989', '1019489367134', 'D', '2'),
('1027431809250', '1016044335989', '1026230939305', 'L', '1'),
('1027431809250', '1016044335989', '1017770537488', 'L', '1'),
('1027431809250', '1016044335989', '1017770356770', 'L', '1'),
('1027431809250', '1016044335989', '1025212982938', 'L', '2'),
('1027431809250', '1025280704476', '1027195308669', 'D', '3'),
('1016563792202', '1016044335989', '1017825799585', 'L', '1'),
('1019050994833', '1027220991149', '1027386189782', 'D', '1'),
('1019050994833', '1027220991149', '1027385689839', 'L', '3'),
('1019579917706', '1016045744316', '1019163453706', 'D', '5'),
('1019579917706', '1016045744316', '1020806576321', 'L', '1'),
('1018471180982', '1016044335989', '1017826613995', 'L', '1'),
('1018471180982', '1016044335989', '1017825799585', 'L', '1'),
('1018471180982', '1019521412057', '1019842155120', 'L', '2'),
('1019700068942', '1026427482871', '1028754502738', 'F', '1'),
('1018369114777', '1023427471602', '1026925052958', 'L', '1'),
('1018369114777', '1025280704476', '1027195308669', 'D', '3'),
('1027537680086', '1025280704476', '1027195308669', 'D', '3'),
('1026928000422', '1016044335989', '1017825799585', 'L', '1'),
('1027018223235', '1025280704476', '1027195308669', 'D', '3'),
('1015347803599', '1023427471602', '1026925052958', 'L', '1'),
('1018362443321', '1025704105442', '1025704781499', 'D', '2'),
('1016224005196', '1016044335989', '1026231399030', 'F', '3'),
('1016224005196', '1016044335989', '1019489367134', 'D', '2'),
('1016224005196', '1016044335989', '1026230939305', 'L', '1'),
('1016224005196', '1016044335989', '1017770537488', 'L', '1'),
('1016224005196', '1016044335989', '1017770356770', 'L', '1'),
('1016224005196', '1016044335989', '1025212982938', 'L', '2'),
('1016224005196', '1016044335989', '1017826613995', 'L', '2'),
('1016224005196', '1026427482871', '1027028302121', 'F', '3'),
('1021255187421', '1019521412057', '1019842155120', 'L', '2'),
('1021255187421', '1025280704476', '1027195308669', 'D', '3'),
('1025801616515', '1026427482871', '1028754502738', 'F', '1'),
('1027431809250', '1016044335989', '1017826613995', 'L', '2'),
('1019737602440', '1025028206102', '1028296370008', 'D', '1'),
('1018466256322', '1016044335989', '1017825799585', 'L', '1'),
('1017056954518', '1026427482871', '1028754502738', 'F', '1'),
('1018531000848', '1019742207241', '1024934816818', 'F', '1'),
('1018531000848', '1019742207241', '1026409984574', 'D', '2'),
('1018531000848', '1019742207241', '1019745181654', 'L', '1'),
('1018531000848', '1019742207241', '1019746342396', 'L', '1'),
('1018531000848', '1019742207241', '1019746014215', 'L', '2'),
('1018531000848', '1019742207241', '1019743717416', 'L', '1'),
('1018531000848', '1019742207241', '1019742874857', 'L', '2'),
('1018531000848', '1019742207241', '1019746775672', 'L', '1'),
('1027427649591', '1016044335989', '1017826613995', 'L', '2'),
('1018531000848', '1025280704476', '1027195308669', 'D', '3'),
('1027615339793', '1025280704476', '1027195308669', 'D', '3'),
('1027615720118', '1015618391913', '1019062890608', 'F', '0'),
('1027615720118', '1015618391913', '1017865042185', 'D', '0'),
('1027615720118', '1015618391913', '1017931586279', 'L', '2'),
('1027615720118', '1018630040414', '1019492658745', 'F', '2'),
('1027615720118', '1018630040414', '1018630474849', 'D', '1'),
('1027615720118', '1018630040414', '1019679086951', 'L', '1'),
('1027615720118', '1019742207241', '1024934816818', 'F', '1'),
('1027615720118', '1019742207241', '1026409984574', 'D', '2'),
('1027615720118', '1019742207241', '1019745181654', 'L', '1'),
('1027615720118', '1019742207241', '1019746342396', 'L', '1'),
('1027615720118', '1019742207241', '1019746014215', 'L', '2'),
('1027615720118', '1019742207241', '1019743717416', 'L', '1'),
('1027615720118', '1019742207241', '1019742874857', 'L', '2'),
('1027615720118', '1019742207241', '1019746775672', 'L', '1'),
('1027615720118', '1019795057341', '1020224335081', 'F', '1'),
('1027615720118', '1019795057341', '1020223863529', 'D', '1'),
('1027615720118', '1021497581156', '1021498062999', 'D', '1'),
('1027615720118', '1027220991149', '1027386189782', 'D', '1'),
('1027615720118', '1027220991149', '1027385689839', 'L', '3'),
('1021547530655', '1019742207241', '1019743717416', 'L', '1'),
('1021547530655', '1019742207241', '1019742874857', 'L', '2'),
('1021547530655', '1019742207241', '1019746775672', 'L', '1'),
('1027615410516', '1025280704476', '1027195308669', 'D', '3'),
('1024938674289', '1016044335989', '1017770356770', 'L', '1'),
('1018369114777', '1015618391913', '1019062890608', 'F', '0'),
('1018369114777', '1015618391913', '1017865042185', 'D', '0'),
('1018369114777', '1015618391913', '1017931586279', 'L', '2'),
('1018369114777', '1018630040414', '1019492658745', 'F', '2'),
('1018369114777', '1018630040414', '1018630474849', 'D', '1'),
('1018369114777', '1018630040414', '1019679086951', 'L', '1'),
('1018369114777', '1019939868602', '1021058089792', 'F', '1'),
('1018369114777', '1019939868602', '1021719155697', 'D', '1'),
('1018369114777', '1021497581156', '1021498062999', 'D', '1'),
('1018369114777', '1026427482871', '1028754502738', 'F', '1'),
('1018369114777', '1027220991149', '1027386189782', 'D', '1'),
('1018369114777', '1027220991149', '1027385689839', 'L', '3'),
('1018995994873', '1015439199628', '1025179698958', 'F', '1'),
('1018995994873', '1015439199628', '1019929104096', 'F', '3'),
('1018995994873', '1015439199628', '1019521673978', 'F', '2'),
('1018995994873', '1015439199628', '1019078307412', 'D', '6'),
('1016302913498', '1023427471602', '1024061253776', 'D', '5'),
('1016302913498', '1024592802696', '1025216239540', 'D', '1'),
('1016734899516', '1026427482871', '1028754502738', 'F', '1'),
('1019072257712', '1016044335989', '1017826613995', 'L', '1'),
('1019072257712', '1016044335989', '1017825799585', 'L', '1'),
('1019072257712', '1019521412057', '1019842155120', 'L', '2'),
('1019072257712', '1023427471602', '1026925052958', 'L', '1'),
('1019072257712', '1025280704476', '1027195308669', 'D', '3'),
('1025056925487', '1026427482871', '1028754502738', 'F', '1'),
('1025801616515', '1019503684356', '1019522197038', 'F', '5'),
('1018445108826', '1026427482871', '1028754502738', 'F', '1'),
('1025457270811', '1023427471602', '1025729124135', 'D', '3'),
('1025457270811', '1023427471602', '1024061253776', 'D', '5'),
('1025457270811', '1026427482871', '1028754502738', 'F', '1'),
('1027689874394', '1015618391913', '1019062890608', 'F', '0'),
('1027689874394', '1015618391913', '1017865042185', 'D', '0'),
('1027689874394', '1015618391913', '1017931586279', 'L', '2'),
('1027689874394', '1021497581156', '1021498062999', 'D', '1'),
('1027005176702', '1015439199628', '1025179698958', 'F', '1'),
('1027005176702', '1015439199628', '1019929104096', 'F', '3'),
('1027005176702', '1015439199628', '1019521673978', 'F', '2'),
('1027005176702', '1015439199628', '1019078307412', 'D', '6'),
('1027005176702', '1016044335989', '1026231399030', 'F', '3'),
('1027005176702', '1016044335989', '1019489367134', 'D', '2'),
('1027005176702', '1016044335989', '1026230939305', 'L', '1'),
('1027005176702', '1016044335989', '1017770537488', 'L', '1'),
('1027005176702', '1016044335989', '1017770356770', 'L', '1'),
('1027005176702', '1016044335989', '1025212982938', 'L', '2'),
('1027005176702', '1016044335989', '1017826613995', 'L', '1'),
('1027005176702', '1016044335989', '1017825799585', 'L', '1'),
('1027005176702', '1016045744316', '1019163453706', 'D', '5'),
('1027005176702', '1016045744316', '1020806576321', 'L', '1'),
('1027005176702', '1019521412057', '1024593863514', 'F', '0'),
('1027005176702', '1019521412057', '1020352978976', 'F', '0'),
('1027005176702', '1019521412057', '1020387870333', 'F', '3'),
('1027005176702', '1019521412057', '1019840790435', 'F', '2'),
('1027005176702', '1019521412057', '1019841061316', 'D', '7'),
('1027005176702', '1019521412057', '1019730282074', 'L', '2'),
('1027005176702', '1019521412057', '1020389449332', 'L', '1'),
('1027005176702', '1019521412057', '1019842155120', 'L', '2'),
('1027005176702', '1023427471602', '1024061253776', 'D', '4'),
('1027005176702', '1023427471602', '1025729124135', 'D', '3'),
('1027005176702', '1023427471602', '1026925052958', 'L', '1'),
('1027005176702', '1025028206102', '1025117940382', 'D', '3'),
('1027005176702', '1025704105442', '1025704781499', 'D', '2'),
('1027005176702', '1026427482871', '1027028302121', 'F', '2'),
('1016730061655', '1016044335989', '1017826613995', 'L', '2'),
('1016730061655', '1016044335989', '1017825799585', 'L', '1'),
('1016730061655', '1019742207241', '1019742874857', 'L', '2'),
('1016730061655', '1019742207241', '1019746775672', 'L', '1'),
('1016730061655', '1023427471602', '1026925052958', 'L', '1'),
('1016730061655', '1025280704476', '1027195308669', 'D', '3'),
('1025702315388', '1026427482871', '1028754502738', 'F', '1'),
('1019423755498', '1025280704476', '1027195308669', 'D', '3'),
('1018487936089', '1015439199628', '1025179698958', 'F', '1'),
('1018487936089', '1015439199628', '1019929104096', 'F', '3'),
('1018487936089', '1015439199628', '1019521673978', 'F', '2'),
('1018487936089', '1015439199628', '1019078307412', 'D', '6'),
('1018487936089', '1019521412057', '1024593863514', 'F', '1'),
('1018487936089', '1019521412057', '1020352978976', 'F', '1'),
('1018487936089', '1019521412057', '1020387870333', 'F', '5'),
('1018487936089', '1019521412057', '1019840790435', 'F', '2'),
('1018487936089', '1019521412057', '1019841061316', 'D', '7'),
('1018487936089', '1019521412057', '1019730282074', 'L', '2'),
('1018487936089', '1019521412057', '1020389449332', 'L', '1'),
('1018487936089', '1025280704476', '1027195308669', 'D', '3'),
('1019581119050', '1025280704476', '1027195308669', 'D', '3'),
('1017230367133', '1019521412057', '1019842155120', 'L', '2'),
('1019676386491', '1016045744316', '1020806576321', 'L', '1'),
('1019677327950', '1019521412057', '1024593863514', 'F', '1'),
('1019677327950', '1019521412057', '1020352978976', 'F', '1'),
('1019677327950', '1019521412057', '1020387870333', 'F', '5'),
('1019677327950', '1019521412057', '1019840790435', 'F', '2'),
('1019677327950', '1019521412057', '1019841061316', 'D', '7'),
('1019677327950', '1019521412057', '1019730282074', 'L', '2'),
('1019677327950', '1019521412057', '1020389449332', 'L', '1'),
('1019737602440', '1017690605883', '1019926448923', 'F', '0'),
('1019737602440', '1017690605883', '1017691290653', 'F', '3'),
('1019737602440', '1017690605883', '1017690928896', 'D', '3'),
('1019737602440', '1017690605883', '1019926154496', 'L', '1'),
('1019737602440', '1019521412057', '1019842155120', 'L', '2'),
('1020179615378', '1019521412057', '1024593863514', 'F', '1'),
('1020179615378', '1019521412057', '1020352978976', 'F', '1'),
('1020179615378', '1019521412057', '1020387870333', 'F', '5'),
('1020179615378', '1019521412057', '1019840790435', 'F', '2'),
('1020179615378', '1019521412057', '1019841061316', 'D', '7'),
('1020179615378', '1019521412057', '1019730282074', 'L', '2'),
('1020179615378', '1019521412057', '1020389449332', 'L', '1'),
('1020179615378', '1025280704476', '1027195308669', 'D', '3'),
('1025173937798', '1016045744316', '1020806576321', 'L', '1'),
('1021486913977', '1016044335989', '1017826613995', 'L', '2'),
('1020271910319', '1019742207241', '1019743717416', 'L', '1'),
('1020271910319', '1019742207241', '1019742874857', 'L', '2'),
('1020271910319', '1019742207241', '1019746775672', 'L', '1'),
('1019928394169', '1016044335989', '1017825799585', 'L', '1'),
('1017232383457', '1024592802696', '1025216428534', 'D', '0'),
('1017232383457', '1024592802696', '1025216239540', 'D', '1'),
('1027032530488', '1016044335989', '1017826613995', 'L', '2'),
('1024421269647', '1023427471602', '1026925052958', 'L', '1'),
('1024421269647', '1023427471602', '1025729124135', 'D', '3'),
('1024421269647', '1023427471602', '1024061253776', 'D', '5'),
('1024421269647', '1026427482871', '1028754502738', 'F', '1'),
('1017523453083', '1025028206102', '1025117940382', 'D', '5'),
('1028058430689', '1024592802696', '1026319232417', 'F', '6'),
('1028058430689', '1024592802696', '1026241820579', 'D', '1'),
('1028058430689', '1024592802696', '1025216428534', 'D', '0'),
('1028058430689', '1024592802696', '1025216239540', 'D', '1'),
('1025203222825', '1025028206102', '1025117940382', 'D', '5'),
('1028032720632', '1026427482871', '1027028302121', 'F', '3'),
('1028330120823', '1026427482871', '1027028302121', 'F', '3'),
('1020179615378', '1019521412057', '1019842155120', 'L', '2'),
('1020179615378', '1025028206102', '1025117940382', 'D', '5'),
('1016224005196', '1016044335989', '1017825799585', 'L', '1'),
('1016224005196', '1025280704476', '1027195308669', 'D', '3'),
('1018517966065', '1025028206102', '1025117940382', 'D', '5'),
('1024946109986', '1016044335989', '1017770356770', 'L', '1'),
('1024946109986', '1016044335989', '1025212982938', 'L', '2'),
('1024946109986', '1016044335989', '1017826613995', 'L', '2'),
('1024946109986', '1016044335989', '1017825799585', 'L', '1'),
('1024946109986', '1025028206102', '1025117940382', 'D', '5'),
('1027349267540', '1016044335989', '1017826613995', 'L', '2'),
('1019737602440', '1025028206102', '1025117940382', 'D', '5'),
('1017230367133', '1021497581156', '1021498062999', 'D', '1'),
('1019677327950', '1019521412057', '1019842155120', 'L', '2'),
('1019677327950', '1025280704476', '1027195308669', 'D', '3'),
('1018530537981', '1025028206102', '1025117940382', 'D', '5'),
('1021487095814', '1025028206102', '1025117940382', 'D', '5'),
('1027742288038', '1019521412057', '1024593863514', 'F', '1'),
('1027742288038', '1019521412057', '1020352978976', 'F', '1'),
('1027742288038', '1019521412057', '1020387870333', 'F', '5'),
('1027742288038', '1019521412057', '1019840790435', 'F', '2'),
('1027742288038', '1019521412057', '1019841061316', 'D', '7'),
('1027742288038', '1019521412057', '1019730282074', 'L', '2'),
('1027742288038', '1019521412057', '1020389449332', 'L', '1'),
('1027742288038', '1019521412057', '1019842155120', 'L', '2'),
('1019070885655', '1025028206102', '1025117940382', 'D', '5'),
('1025709950535', '1025028206102', '1025117940382', 'D', '5'),
('1026140650281', '1025028206102', '1025117940382', 'D', '5'),
('1015347803599', '1019521412057', '1019842155120', 'L', '2'),
('1017523453083', '1027970948483', '1028463831434', 'D', '1'),
('1017523453083', '1027970948483', '1028462355815', 'L', '1'),
('1025030216215', '1025028206102', '1025117940382', 'D', '5'),
('1018630512794', '1019742207241', '1019742874857', 'L', '2'),
('1018630512794', '1019742207241', '1019746775672', 'L', '1'),
('1026149751572', '1019521412057', '1024593863514', 'F', '1'),
('1026149751572', '1019521412057', '1020352978976', 'F', '1'),
('1026149751572', '1019521412057', '1020387870333', 'F', '5'),
('1026149751572', '1019521412057', '1019840790435', 'F', '2'),
('1026149751572', '1019521412057', '1019841061316', 'D', '7'),
('1026149751572', '1019521412057', '1019730282074', 'L', '2'),
('1026149751572', '1019521412057', '1020389449332', 'L', '1'),
('1026149751572', '1019521412057', '1019842155120', 'L', '2'),
('1019071557673', '1025028206102', '1025117940382', 'D', '5'),
('1028552144379', '1015439199628', '1025179698958', 'F', '1'),
('1028552144379', '1015439199628', '1019929104096', 'F', '3'),
('1028552144379', '1015439199628', '1019521673978', 'F', '2'),
('1028552144379', '1015439199628', '1019078307412', 'D', '6'),
('1028552144379', '1019503684356', '1019522197038', 'F', '5'),
('1028552144379', '1019521412057', '1024593863514', 'F', '1'),
('1028552144379', '1019521412057', '1020352978976', 'F', '1'),
('1028552144379', '1019521412057', '1020387870333', 'F', '5'),
('1028552144379', '1019521412057', '1019840790435', 'F', '2'),
('1028552144379', '1019521412057', '1019841061316', 'D', '7'),
('1028552144379', '1019521412057', '1019730282074', 'L', '2'),
('1028552144379', '1019521412057', '1020389449332', 'L', '1'),
('1028552144379', '1019521412057', '1019842155120', 'L', '2'),
('1028552144379', '1025028206102', '1028296370008', 'D', '1'),
('1028552144379', '1025028206102', '1025117940382', 'D', '5'),
('1028552144379', '1025280704476', '1027195308669', 'D', '3'),
('1021486913977', '1023427471602', '1024061253776', 'D', '6'),
('1021486913977', '1015618391913', '1019062890608', 'F', '0'),
('1021486913977', '1015618391913', '1017865042185', 'D', '0'),
('1021486913977', '1015618391913', '1017931586279', 'L', '2'),
('1021486913977', '1018630040414', '1019492658745', 'F', '2'),
('1021486913977', '1018630040414', '1018630474849', 'D', '1'),
('1021486913977', '1018630040414', '1019679086951', 'L', '1'),
('1021486913977', '1019742207241', '1024934816818', 'F', '1'),
('1021486913977', '1019742207241', '1026409984574', 'D', '2'),
('1021486913977', '1019742207241', '1019745181654', 'L', '1'),
('1021486913977', '1019742207241', '1019746342396', 'L', '1'),
('1021486913977', '1019742207241', '1019746014215', 'L', '2'),
('1021486913977', '1019742207241', '1019743717416', 'L', '1'),
('1021486913977', '1019742207241', '1019742874857', 'L', '2'),
('1021486913977', '1019742207241', '1019746775672', 'L', '1'),
('1021486913977', '1019795057341', '1020224335081', 'F', '1'),
('1021486913977', '1019795057341', '1020223863529', 'D', '1'),
('1021486913977', '1021497581156', '1021498062999', 'D', '1'),
('1021486913977', '1027970948483', '1028463831434', 'D', '1'),
('1021486913977', '1027970948483', '1028462355815', 'L', '1'),
('1018372172359', '1018034927150', '1022419585376', 'D', '3'),
('1018372172359', '1018034927150', '1022420056192', 'L', '1'),
('1018372172359', '1018034927150', '1022420328970', 'L', '4'),
('1018372172359', '1023427471602', '1026925052958', 'L', '1'),
('1018452532035', '1025280704476', '1027195308669', 'D', '3'),
('1017148443627', '1027970948483', '1028463831434', 'D', '1'),
('1017148443627', '1027970948483', '1028462355815', 'L', '1'),
('1019139944399', '1027970948483', '1028463831434', 'D', '1'),
('1019139944399', '1027970948483', '1028462355815', 'L', '1'),
('1019676386491', '1025028206102', '1025117940382', 'D', '5'),
('1019070831131', '1025028206102', '1025117940382', 'D', '5'),
('1027959213022', '1015439199628', '1025179698958', 'F', '1'),
('1027959213022', '1015439199628', '1019929104096', 'F', '3'),
('1027959213022', '1015439199628', '1019521673978', 'F', '2'),
('1027959213022', '1015439199628', '1019078307412', 'D', '6'),
('1027959213022', '1015618391913', '1019062890608', 'F', '0'),
('1027959213022', '1015618391913', '1017865042185', 'D', '0'),
('1027959213022', '1015618391913', '1017931586279', 'L', '2'),
('1027959213022', '1016044335989', '1026231399030', 'F', '3'),
('1027959213022', '1016044335989', '1029862185675', 'D', '1'),
('1027959213022', '1016044335989', '1019489367134', 'D', '2'),
('1027959213022', '1016044335989', '1026230939305', 'L', '1'),
('1027959213022', '1016044335989', '1017770537488', 'L', '1'),
('1027959213022', '1016044335989', '1017770356770', 'L', '1'),
('1027959213022', '1016044335989', '1025212982938', 'L', '2'),
('1027959213022', '1016045744316', '1027771450280', 'D', '1'),
('1027959213022', '1016045744316', '1019163453706', 'D', '5'),
('1027959213022', '1016045744316', '1020806576321', 'L', '1'),
('1027959213022', '1018630040414', '1019492658745', 'F', '2'),
('1027959213022', '1018630040414', '1018630474849', 'D', '1'),
('1027959213022', '1018630040414', '1019679086951', 'L', '1'),
('1027959213022', '1019503684356', '1019522197038', 'F', '5'),
('1027959213022', '1019521412057', '1024593863514', 'F', '1'),
('1027959213022', '1019521412057', '1020352978976', 'F', '1'),
('1027959213022', '1019521412057', '1020387870333', 'F', '5'),
('1027959213022', '1019521412057', '1019840790435', 'F', '2'),
('1027959213022', '1019521412057', '1019841061316', 'D', '7'),
('1027959213022', '1019521412057', '1019730282074', 'L', '2'),
('1027959213022', '1019521412057', '1020389449332', 'L', '1'),
('1027959213022', '1019521412057', '1019842155120', 'L', '2'),
('1027959213022', '1019742207241', '1024934816818', 'F', '1'),
('1027959213022', '1019742207241', '1026409984574', 'D', '2'),
('1027959213022', '1019742207241', '1019745181654', 'L', '1'),
('1027959213022', '1019742207241', '1019746342396', 'L', '1'),
('1027959213022', '1019742207241', '1019746014215', 'L', '2'),
('1027959213022', '1019742207241', '1019743717416', 'L', '1'),
('1027959213022', '1019742207241', '1019742874857', 'L', '2'),
('1027959213022', '1019742207241', '1019746775672', 'L', '1'),
('1027959213022', '1019795057341', '1020224335081', 'F', '1'),
('1027959213022', '1019795057341', '1020223863529', 'D', '1'),
('1027959213022', '1021497581156', '1021498062999', 'D', '1'),
('1027959213022', '1023427471602', '1026925052958', 'L', '1'),
('1027959213022', '1023427471602', '1025729124135', 'D', '3'),
('1027959213022', '1023427471602', '1024061253776', 'D', '6'),
('1027959213022', '1025028206102', '1028296370008', 'D', '1'),
('1027959213022', '1025028206102', '1025117940382', 'D', '5'),
('1027959213022', '1025280704476', '1027195308669', 'D', '3'),
('1027959213022', '1025704105442', '1025704781499', 'D', '2'),
('1027959213022', '1026427482871', '1028754502738', 'F', '1'),
('1027959213022', '1026932502854', '1027967475124', 'F', '2'),
('1027959213022', '1027220991149', '1027386189782', 'D', '1'),
('1027959213022', '1027220991149', '1027385689839', 'L', '3'),
('1016687252266', '1019521412057', '1024593863514', 'F', '1'),
('1016687252266', '1019521412057', '1020352978976', 'F', '1'),
('1016687252266', '1019521412057', '1020387870333', 'F', '5'),
('1016687252266', '1019521412057', '1019840790435', 'F', '2'),
('1016687252266', '1019521412057', '1019841061316', 'D', '7'),
('1016687252266', '1019521412057', '1019730282074', 'L', '2'),
('1016687252266', '1019521412057', '1020389449332', 'L', '1'),
('1016687252266', '1019521412057', '1019842155120', 'L', '2'),
('1016563792202', '1025028206102', '1025117940382', 'D', '5'),
('1021061041042', '1019939868602', '1021058089792', 'F', '1'),
('1021061041042', '1019939868602', '1021719155697', 'D', '1'),
('1027346931626', '1019795057341', '1020224335081', 'F', '1'),
('1027346931626', '1019795057341', '1020223863529', 'D', '1'),
('1015347803599', '1027970948483', '1028463831434', 'D', '1'),
('1015347803599', '1027970948483', '1028462355815', 'L', '1'),
('1025875265469', '1026932502854', '1027967475124', 'F', '1'),
('1025801616515', '1023427471602', '1024061253776', 'D', '6'),
('1028058430689', '1026427482871', '1027028302121', 'F', '3'),
('1020369242464', '1026427482871', '1027028302121', 'F', '3'),
('1023908912014', '1019521412057', '1024593863514', 'F', '1'),
('1023908912014', '1019521412057', '1020352978976', 'F', '1'),
('1023908912014', '1019521412057', '1020387870333', 'F', '5'),
('1023908912014', '1019521412057', '1019840790435', 'F', '2'),
('1023908912014', '1019521412057', '1019841061316', 'D', '7'),
('1023908912014', '1019521412057', '1019730282074', 'L', '2'),
('1023908912014', '1019521412057', '1020389449332', 'L', '1'),
('1023908912014', '1019521412057', '1019842155120', 'L', '2'),
('1026662649313', '1016045744316', '1020806576321', 'L', '1'),
('1026662649313', '1023427471602', '1024061253776', 'D', '6'),
('1026662649313', '1026427482871', '1027028302121', 'F', '3'),
('1018517966065', '1026427482871', '1027028302121', 'F', '3'),
('1025173937798', '1026427482871', '1027028302121', 'F', '3'),
('1022090270729', '1027970948483', '1028463831434', 'D', '1'),
('1022090270729', '1027970948483', '1028462355815', 'L', '1'),
('1020348347156', '1016045744316', '1020806576321', 'L', '1'),
('1020348347156', '1026427482871', '1027028302121', 'F', '3'),
('1021487095814', '1026427482871', '1027028302121', 'F', '3'),
('1027427649591', '1026427482871', '1027028302121', 'F', '3'),
('1018369114777', '1026427482871', '1027028302121', 'F', '3'),
('1017770512556', '1026427482871', '1027028302121', 'F', '3'),
('1016734899516', '1026427482871', '1027028302121', 'F', '3'),
('1027959213022', '1026427482871', '1027028302121', 'F', '3'),
('1017752939512', '1026427482871', '1027028302121', 'F', '3'),
('1015331789194', '1026427482871', '1027028302121', 'F', '3'),
('1019700068942', '1026427482871', '1027028302121', 'F', '3'),
('1028898290944', '1016044335989', '1026231399030', 'F', '3'),
('1028898290944', '1016044335989', '1019489367134', 'D', '2'),
('1028898290944', '1016044335989', '1026230939305', 'L', '1'),
('1028898290944', '1016044335989', '1017770537488', 'L', '1'),
('1028898290944', '1016044335989', '1017770356770', 'L', '1'),
('1028898290944', '1016044335989', '1025212982938', 'L', '2'),
('1028898290944', '1016044335989', '1017826613995', 'L', '2'),
('1028898290944', '1016044335989', '1017825799585', 'L', '1'),
('1025203222825', '1026427482871', '1027028302121', 'F', '3'),
('1025056925487', '1026427482871', '1027028302121', 'F', '3'),
('1026149751572', '1026427482871', '1027028302121', 'F', '3'),
('1016730061655', '1023427471602', '1024061253776', 'D', '6'),
('1016730061655', '1026427482871', '1027028302121', 'F', '3'),
('1017232383457', '1026427482871', '1027028302121', 'F', '3'),
('1028922916146', '1016044335989', '1026231399030', 'F', '3'),
('1028922916146', '1016044335989', '1029862185675', 'D', '1'),
('1028922916146', '1016044335989', '1019489367134', 'D', '2'),
('1028922916146', '1016044335989', '1026230939305', 'L', '1'),
('1028922916146', '1016044335989', '1017770537488', 'L', '1'),
('1028922916146', '1016044335989', '1017770356770', 'L', '1'),
('1028922916146', '1016044335989', '1025212982938', 'L', '2'),
('1028922916146', '1025704105442', '1025704781499', 'D', '2'),
('1019600236718', '1016045744316', '1020806576321', 'L', '1'),
('1025457270811', '1016045744316', '1020806576321', 'L', '1'),
('1025457270811', '1026427482871', '1027028302121', 'F', '3'),
('1028847084321', '1015618391913', '1019062890608', 'F', '0'),
('1028847084321', '1015618391913', '1017865042185', 'D', '0'),
('1028847084321', '1015618391913', '1017931586279', 'L', '2'),
('1028847084321', '1018630040414', '1019492658745', 'F', '2'),
('1028847084321', '1018630040414', '1018630474849', 'D', '1'),
('1028847084321', '1018630040414', '1019679086951', 'L', '1'),
('1028847084321', '1019742207241', '1024934816818', 'F', '1'),
('1028847084321', '1019742207241', '1026409984574', 'D', '2'),
('1028847084321', '1019742207241', '1019745181654', 'L', '1'),
('1028847084321', '1019742207241', '1019746342396', 'L', '1'),
('1028847084321', '1019742207241', '1019746014215', 'L', '2'),
('1028847084321', '1019742207241', '1019743717416', 'L', '1'),
('1028847084321', '1019742207241', '1019742874857', 'L', '2'),
('1028847084321', '1019742207241', '1019746775672', 'L', '1'),
('1028847084321', '1019795057341', '1020224335081', 'F', '1'),
('1028847084321', '1019795057341', '1020223863529', 'D', '1'),
('1028847084321', '1021497581156', '1021498062999', 'D', '1'),
('1028847084321', '1026932502854', '1027967475124', 'F', '1'),
('1028847084321', '1027220991149', '1027386189782', 'D', '1'),
('1028847084321', '1027220991149', '1027385689839', 'L', '3'),
('1028847084321', '1027970948483', '1028463831434', 'D', '1'),
('1028847084321', '1027970948483', '1028462355815', 'L', '1'),
('1022090270729', '1026427482871', '1028754502738', 'F', '1'),
('1022090270729', '1026427482871', '1027028302121', 'F', '3'),
('1024421269647', '1026427482871', '1027028302121', 'F', '3'),
('1017230367133', '1026427482871', '1027028302121', 'F', '3'),
('1019070831131', '1026427482871', '1027028302121', 'F', '3'),
('1025030216215', '1025280704476', '1027195308669', 'D', '3'),
('1025030216215', '1026427482871', '1028754502738', 'F', '1'),
('1025030216215', '1026427482871', '1027028302121', 'F', '3'),
('1020098106685', '1027970948483', '1028463831434', 'D', '1'),
('1020098106685', '1027970948483', '1028462355815', 'L', '1'),
('1017148443627', '1026427482871', '1028754502738', 'F', '1'),
('1017148443627', '1026427482871', '1027028302121', 'F', '3'),
('1027964508169', '1026427482871', '1027028302121', 'F', '3'),
('1018487936089', '1019521412057', '1019842155120', 'L', '2'),
('1027032530488', '1023427471602', '1026925052958', 'L', '1'),
('1027530335040', '1016045744316', '1027771450280', 'D', '1'),
('1027530335040', '1016045744316', '1019163453706', 'D', '5'),
('1027530335040', '1016045744316', '1020806576321', 'L', '1'),
('1027530335040', '1023427471602', '1024061253776', 'D', '6'),
('1027530335040', '1023427471602', '1025729124135', 'D', '3'),
('1027530335040', '1023427471602', '1026925052958', 'L', '1'),
('1027530335040', '1026427482871', '1028754502738', 'F', '1'),
('1027530335040', '1026427482871', '1027028302121', 'F', '3'),
('1028729089301', '1016045744316', '1027771450280', 'D', '1'),
('1028729089301', '1016045744316', '1019163453706', 'D', '5'),
('1028729089301', '1016045744316', '1020806576321', 'L', '1'),
('1028729089301', '1023427471602', '1024061253776', 'D', '6'),
('1028729089301', '1023427471602', '1025729124135', 'D', '3'),
('1028729089301', '1023427471602', '1026925052958', 'L', '1'),
('1028729089301', '1026427482871', '1028754502738', 'F', '1'),
('1028729089301', '1026427482871', '1027028302121', 'F', '3'),
('1025709453428', '1016044335989', '1017826613995', 'L', '2'),
('1025709453428', '1016044335989', '1017825799585', 'L', '1'),
('1018466256322', '1026427482871', '1027028302121', 'F', '3'),
('1018271591200', '1026427482871', '1028754502738', 'F', '1'),
('1018271591200', '1026427482871', '1027028302121', 'F', '3'),
('1028036739479', '1019503684356', '1019522197038', 'F', '5'),
('1028036739479', '1019521412057', '1024593863514', 'F', '1'),
('1028036739479', '1019521412057', '1020352978976', 'F', '1'),
('1028036739479', '1019521412057', '1020387870333', 'F', '5'),
('1028036739479', '1019521412057', '1019840790435', 'F', '2'),
('1028036739479', '1019521412057', '1019841061316', 'D', '7'),
('1028036739479', '1019521412057', '1019730282074', 'L', '2'),
('1028036739479', '1019521412057', '1020389449332', 'L', '1'),
('1028036739479', '1019521412057', '1019842155120', 'L', '2'),
('1028036739479', '1025280704476', '1027195308669', 'D', '3'),
('1017523453083', '1026427482871', '1027028302121', 'F', '3'),
('1029331712317', '1019742207241', '1024934816818', 'F', '1'),
('1029331712317', '1019742207241', '1026409984574', 'D', '2'),
('1029331712317', '1019742207241', '1019745181654', 'L', '1'),
('1029331712317', '1019742207241', '1019746342396', 'L', '1'),
('1029331712317', '1019742207241', '1019746014215', 'L', '2'),
('1029331712317', '1019742207241', '1019743717416', 'L', '1'),
('1029331712317', '1019742207241', '1019742874857', 'L', '2'),
('1029331712317', '1019742207241', '1019746775672', 'L', '1'),
('1029331712317', '1019795057341', '1020224335081', 'F', '1'),
('1029331712317', '1019795057341', '1020223863529', 'D', '1'),
('1029331712317', '1027970948483', '1028463831434', 'D', '1'),
('1029331712317', '1027970948483', '1028462355815', 'L', '1'),
('1025803404829', '1023427471602', '1026925052958', 'L', '1'),
('1019050994833', '1026427482871', '1027028302121', 'F', '3'),
('1029345274591', '1026932502854', '1027967475124', 'F', '1'),
('1025875265469', '1026427482871', '1027028302121', 'F', '3'),
('1016645351524', '1026427482871', '1027028302121', 'F', '3'),
('1016645351524', '1027970948483', '1028463831434', 'D', '1'),
('1016645351524', '1027970948483', '1028462355815', 'L', '1'),
('1019700068942', '1027970948483', '1028463831434', 'D', '1'),
('1019700068942', '1027970948483', '1028462355815', 'L', '1'),
('1025801616515', '1026427482871', '1027028302121', 'F', '3'),
('1017752939512', '1029320981135', '1029360153116', 'F', '1'),
('1017752939512', '1029320981135', '1029359733161', 'F', '1'),
('1017752939512', '1029320981135', '1029361031715', 'D', '1'),
('1017752939512', '1029320981135', '1029358233861', 'L', '1'),
('1017752939512', '1029320981135', '1029358190259', 'L', '1'),
('1017752939512', '1029320981135', '1029358038708', 'L', '1'),
('1017770043725', '1029320981135', '1029358233861', 'L', '1'),
('1017770043725', '1029320981135', '1029358190259', 'L', '1'),
('1017770043725', '1029320981135', '1029361031715', 'D', '1'),
('1017770043725', '1029320981135', '1029360153116', 'F', '2'),
('1017770043725', '1029320981135', '1029359733161', 'F', '5'),
('1025029436714', '1025704105442', '1025704781499', 'D', '2'),
('1017752764345', '1026427482871', '1027028302121', 'F', '3'),
('1017770512556', '1029320981135', '1029358233861', 'L', '1'),
('1017770512556', '1029320981135', '1029358190259', 'L', '1'),
('1017770512556', '1029320981135', '1029360153116', 'F', '3'),
('1017770512556', '1029320981135', '1029359733161', 'F', '5'),
('1017770512556', '1029320981135', '1029361031715', 'D', '1'),
('1018445108826', '1026427482871', '1027028302121', 'F', '3'),
('1017056954518', '1026427482871', '1027028302121', 'F', '3'),
('1028033625449', '1025280704476', '1027195308669', 'D', '3'),
('1015331789194', '1029320981135', '1029360153116', 'F', '1'),
('1015331789194', '1029320981135', '1029359733161', 'F', '1'),
('1015331789194', '1029320981135', '1029361031715', 'D', '1'),
('1015331789194', '1029320981135', '1029358233861', 'L', '1'),
('1015331789194', '1029320981135', '1029358190259', 'L', '1'),
('1015331789194', '1029320981135', '1029358038708', 'L', '1'),
('1027427649591', '1023427471602', '1026925052958', 'L', '1'),
('1019700068942', '1029320981135', '1029358233861', 'L', '1'),
('1019700068942', '1029320981135', '1029358190259', 'L', '1'),
('1019700068942', '1029320981135', '1029359733161', 'F', '5'),
('1019700068942', '1029320981135', '1029361031715', 'D', '1'),
('1019700068942', '1029320981135', '1029360153116', 'F', '3'),
('1026928000422', '1019521412057', '1019842155120', 'L', '2'),
('1017230367133', '1029320981135', '1029358233861', 'L', '1'),
('1017230367133', '1029320981135', '1029358190259', 'L', '1'),
('1017230367133', '1029320981135', '1029360153116', 'F', '2'),
('1017230367133', '1029320981135', '1029359733161', 'F', '5'),
('1017230367133', '1029320981135', '1029361031715', 'D', '1'),
('1018369114777', '1029320981135', '1029358233861', 'L', '1'),
('1018369114777', '1029320981135', '1029358190259', 'L', '1'),
('1018369114777', '1029320981135', '1029360153116', 'F', '3'),
('1018369114777', '1029320981135', '1029359733161', 'F', '5'),
('1018369114777', '1029320981135', '1029361031715', 'D', '1'),
('1015439644996', '1021497581156', '1021498062999', 'D', '1'),
('1015439644996', '1026427482871', '1028754502738', 'F', '1'),
('1015439644996', '1026427482871', '1027028302121', 'F', '3'),
('1015439644996', '1029320981135', '1029358233861', 'L', '1'),
('1015439644996', '1029320981135', '1029358190259', 'L', '1'),
('1015439644996', '1029320981135', '1029361031715', 'D', '1'),
('1015439644996', '1029320981135', '1029360153116', 'F', '3'),
('1015439644996', '1029320981135', '1029359733161', 'F', '5'),
('1018995994873', '1025028206102', '1028296370008', 'D', '1'),
('1018995994873', '1025028206102', '1025117940382', 'D', '5'),
('1016730061655', '1029320981135', '1029358233861', 'L', '1'),
('1016730061655', '1029320981135', '1029358190259', 'L', '1'),
('1016730061655', '1029320981135', '1029359733161', 'F', '5'),
('1016730061655', '1029320981135', '1029361031715', 'D', '1'),
('1016730061655', '1029320981135', '1029360153116', 'F', '2'),
('1018369114777', '1027970948483', '1028463831434', 'D', '1'),
('1018369114777', '1027970948483', '1028462355815', 'L', '1'),
('1016730061655', '1029320981135', '1029358038708', 'L', '1'),
('1017230367133', '1029320981135', '1029358038708', 'L', '1'),
('1015347803599', '1028572556325', '1029511090381', 'D', '5'),
('1015347803599', '1029320981135', '1029360153116', 'F', '2'),
('1015347803599', '1029320981135', '1029359733161', 'F', '3'),
('1015347803599', '1029320981135', '1029361031715', 'D', '1'),
('1015347803599', '1029320981135', '1029358233861', 'L', '1'),
('1015347803599', '1029320981135', '1029358190259', 'L', '1'),
('1015347803599', '1029320981135', '1029358038708', 'L', '1'),
('1028209117615', '1026427482871', '1028754502738', 'F', '1'),
('1028209117615', '1026427482871', '1027028302121', 'F', '3'),
('1017770043725', '1029320981135', '1029358038708', 'L', '1'),
('1017148443627', '1015618391913', '1019062890608', 'F', '0'),
('1017148443627', '1015618391913', '1017865042185', 'D', '0'),
('1017148443627', '1015618391913', '1017931586279', 'L', '2'),
('1017148443627', '1026932502854', '1027967475124', 'F', '2'),
('1017148443627', '1028572556325', '1029511090381', 'D', '5'),
('1017148443627', '1029320981135', '1029358233861', 'L', '1'),
('1017148443627', '1029320981135', '1029358190259', 'L', '1'),
('1017148443627', '1029320981135', '1029360153116', 'F', '2'),
('1017148443627', '1029320981135', '1029359733161', 'F', '5'),
('1017148443627', '1029320981135', '1029361031715', 'D', '1'),
('1025702315388', '1026427482871', '1027028302121', 'F', '3'),
('1027742288038', '1028572556325', '1029511090381', 'D', '5'),
('1021487095814', '1028572556325', '1029511090381', 'D', '5'),
('1018530537981', '1019503684356', '1019522197038', 'F', '5'),
('1024583228543', '1028572556325', '1029511090381', 'D', '5'),
('1021487095814', '1015439199628', '1025179698958', 'F', '1'),
('1021487095814', '1015439199628', '1019929104096', 'F', '3'),
('1021487095814', '1015439199628', '1019521673978', 'F', '2'),
('1021487095814', '1015439199628', '1019078307412', 'D', '6'),
('1015439644996', '1029320981135', '1029358038708', 'L', '1'),
('1023908912014', '1028572556325', '1029511090381', 'D', '5'),
('1026140650281', '1028572556325', '1029511090381', 'D', '5'),
('1017148443627', '1029320981135', '1029358038708', 'L', '1'),
('1021486913977', '1028572556325', '1029511090381', 'D', '5'),
('1024519872238', '1026427482871', '1027028302121', 'F', '3'),
('1016730061655', '1024592802696', '1026163065926', 'F', '3'),
('1016730061655', '1024592802696', '1026319232417', 'F', '6'),
('1016730061655', '1024592802696', '1026241820579', 'D', '1'),
('1016730061655', '1024592802696', '1025216428534', 'D', '0'),
('1016730061655', '1024592802696', '1025216239540', 'D', '1'),
('1019700068942', '1029320981135', '1029358038708', 'L', '1'),
('1024583349330', '1028572556325', '1029511090381', 'D', '5'),
('1024583349330', '1016045744316', '1027771450280', 'D', '1'),
('1024583349330', '1016045744316', '1019163453706', 'D', '5'),
('1024583349330', '1016045744316', '1020806576321', 'L', '1'),
('1025029389427', '1028572556325', '1029511090381', 'D', '5'),
('1023459951983', '1016044335989', '1017825799585', 'L', '1'),
('1023459951983', '1028572556325', '1029511090381', 'D', '5'),
('1025030216215', '1028572556325', '1029511090381', 'D', '5'),
('1020356685078', '1019742207241', '1019742874857', 'L', '2'),
('1020356685078', '1019742207241', '1019746775672', 'L', '1'),
('1028922916146', '1028572556325', '1029511090381', 'D', '5'),
('1024938674289', '1016044335989', '1017825799585', 'L', '1'),
('1018369114777', '1016044335989', '1017825799585', 'L', '1'),
('1027431809250', '1016044335989', '1017825799585', 'L', '1'),
('1028922916146', '1016044335989', '1017826613995', 'L', '2'),
('1028922916146', '1016044335989', '1017825799585', 'L', '1'),
('1024938674289', '1019503684356', '1019522197038', 'F', '5'),
('1024938674289', '1025028206102', '1028296370008', 'D', '1'),
('1024938674289', '1025028206102', '1025117940382', 'D', '5'),
('1027427649591', '1016044335989', '1017825799585', 'L', '1'),
('1021487095814', '1016044335989', '1017825799585', 'L', '1'),
('1023908912014', '1016044335989', '1017825799585', 'L', '1'),
('1027959213022', '1016044335989', '1017826613995', 'L', '2'),
('1027959213022', '1016044335989', '1017825799585', 'L', '1'),
('1019070831131', '1016044335989', '1017825799585', 'L', '1'),
('1027964508169', '1024592802696', '1026163065926', 'F', '3'),
('1027964508169', '1024592802696', '1026319232417', 'F', '6'),
('1027964508169', '1024592802696', '1026241820579', 'D', '1'),
('1027964508169', '1024592802696', '1025216428534', 'D', '0'),
('1027964508169', '1024592802696', '1025216239540', 'D', '1'),
('1025173937798', '1016044335989', '1017825799585', 'L', '1'),
('1025173937798', '1028572556325', '1029511090381', 'D', '5'),
('1025029436714', '1016044335989', '1017825799585', 'L', '1'),
('1025029436714', '1028572556325', '1029511090381', 'D', '5'),
('1025030216215', '1016044335989', '1017825799585', 'L', '1'),
('1024583349330', '1016044335989', '1017825799585', 'L', '1'),
('1025203222825', '1016044335989', '1017825799585', 'L', '1'),
('1019843336128', '1016044335989', '1017825799585', 'L', '1'),
('1027032530488', '1016044335989', '1017825799585', 'L', '1'),
('1025702315388', '1016044335989', '1017825799585', 'L', '1'),
('1021547530655', '1018630040414', '1019492658745', 'F', '2'),
('1021547530655', '1018630040414', '1018630474849', 'D', '1'),
('1021547530655', '1018630040414', '1019679086951', 'L', '1'),
('1021547530655', '1026932502854', '1027967475124', 'F', '2'),
('1021547530655', '1027220991149', '1027386189782', 'D', '1'),
('1021547530655', '1027220991149', '1027385689839', 'L', '3'),
('1021547530655', '1029320981135', '1029360153116', 'F', '3'),
('1021547530655', '1029320981135', '1029359733161', 'F', '5'),
('1021547530655', '1029320981135', '1029361031715', 'D', '1'),
('1021547530655', '1029320981135', '1029358233861', 'L', '1'),
('1021547530655', '1029320981135', '1029358190259', 'L', '1'),
('1021547530655', '1029320981135', '1029358038708', 'L', '1'),
('1025201469667', '1016044335989', '1017825799585', 'L', '1'),
('1025201469667', '1025028206102', '1025117940382', 'D', '5'),
('1027349267540', '1016044335989', '1017825799585', 'L', '1'),
('1024583228543', '1016044335989', '1017825799585', 'L', '1'),
('1024336496530', '1016044335989', '1017825799585', 'L', '1'),
('1017770512556', '1016044335989', '1017825799585', 'L', '1'),
('1017770512556', '1029320981135', '1029358038708', 'L', '1'),
('1017770512556', '1019742207241', '1024934816818', 'F', '1'),
('1017770512556', '1019742207241', '1026409984574', 'D', '2'),
('1017770512556', '1019742207241', '1019745181654', 'L', '1'),
('1017770512556', '1019742207241', '1019746342396', 'L', '1'),
('1017770512556', '1019742207241', '1019746014215', 'L', '2'),
('1017770512556', '1019742207241', '1019743717416', 'L', '1'),
('1017770512556', '1019742207241', '1019742874857', 'L', '2'),
('1017770512556', '1019742207241', '1019746775672', 'L', '1'),
('1028729089301', '1028572556325', '1029511090381', 'D', '5'),
('1025029389427', '1016044335989', '1017825799585', 'L', '1'),
('1021486913977', '1016044335989', '1017825799585', 'L', '1'),
('1017145015032', '1016044335989', '1017825799585', 'L', '1'),
('1018995994873', '1016044335989', '1017825799585', 'L', '1'),
('1019676386491', '1016044335989', '1017825799585', 'L', '1'),
('1027742288038', '1016044335989', '1017825799585', 'L', '1'),
('1025056925487', '1015618391913', '1019062890608', 'F', '0'),
('1025056925487', '1015618391913', '1017865042185', 'D', '0'),
('1025056925487', '1015618391913', '1017931586279', 'L', '2'),
('1025056925487', '1019521412057', '1024593863514', 'F', '1'),
('1025056925487', '1019521412057', '1020352978976', 'F', '1'),
('1025056925487', '1019521412057', '1020387870333', 'F', '5'),
('1025056925487', '1019521412057', '1019840790435', 'F', '2'),
('1025056925487', '1019521412057', '1019841061316', 'D', '7'),
('1025056925487', '1019521412057', '1019730282074', 'L', '2'),
('1025056925487', '1019521412057', '1020389449332', 'L', '1'),
('1025056925487', '1019521412057', '1019842155120', 'L', '2'),
('1025056925487', '1019742207241', '1024934816818', 'F', '1'),
('1025056925487', '1019742207241', '1026409984574', 'D', '2'),
('1025056925487', '1019742207241', '1019745181654', 'L', '1'),
('1025056925487', '1019742207241', '1019746342396', 'L', '1'),
('1025056925487', '1019742207241', '1019746014215', 'L', '2'),
('1025056925487', '1019742207241', '1019743717416', 'L', '1'),
('1025056925487', '1019742207241', '1019742874857', 'L', '2'),
('1025056925487', '1019742207241', '1019746775672', 'L', '1'),
('1025056925487', '1019795057341', '1020224335081', 'F', '1'),
('1025056925487', '1019795057341', '1020223863529', 'D', '1'),
('1025056925487', '1021497581156', '1021498062999', 'D', '1'),
('1025056925487', '1027970948483', '1028463831434', 'D', '1'),
('1025056925487', '1027970948483', '1028462355815', 'L', '1'),
('1025056925487', '1029320981135', '1029360153116', 'F', '3'),
('1025056925487', '1029320981135', '1029359733161', 'F', '5'),
('1025056925487', '1029320981135', '1029361031715', 'D', '1'),
('1025056925487', '1029320981135', '1029358233861', 'L', '1'),
('1025056925487', '1029320981135', '1029358190259', 'L', '1'),
('1025056925487', '1029320981135', '1029358038708', 'L', '1'),
('1019737602440', '1016044335989', '1017825799585', 'L', '1'),
('1018517966065', '1016044335989', '1017825799585', 'L', '1'),
('1018517966065', '1027970948483', '1028463831434', 'D', '1'),
('1018517966065', '1027970948483', '1028462355815', 'L', '1'),
('1018517966065', '1028572556325', '1029511090381', 'D', '5'),
('1018517966065', '1029320981135', '1029360153116', 'F', '3'),
('1018517966065', '1029320981135', '1029359733161', 'F', '5'),
('1018517966065', '1029320981135', '1029361031715', 'D', '1'),
('1018517966065', '1029320981135', '1029358233861', 'L', '1'),
('1018517966065', '1029320981135', '1029358190259', 'L', '1'),
('1018517966065', '1029320981135', '1029358038708', 'L', '1');
# --------------------------------------------------------

#
# Estrutura da tabela `usercommunitystate`
#

DROP TABLE IF EXISTS `usercommunitystate`;
CREATE TABLE `usercommunitystate` (
  `userID` varchar(25) NOT NULL default '',
  `communityID` varchar(25) NOT NULL default '',
  `quantityUsers` varchar(5) NOT NULL default '',
  PRIMARY KEY  (`userID`,`communityID`)
) TYPE=MyISAM COMMENT='Representa o estado do usuário em relação as comunidades.';

#
# Extraindo dados da tabela `usercommunitystate`
#

INSERT INTO `usercommunitystate` (`userID`, `communityID`, `quantityUsers`) VALUES ('1021487095814', '1024947765737', '19'),
('1021487095814', '1023427471602', '63'),
('1021487095814', '1019521412057', '62'),
('1021487095814', '1019503684356', '49'),
('1021487095814', '1016044335989', '67'),
('1015331789194', '1025280704476', '30'),
('1023459951983', '1023427471602', '63'),
('1017056954518', '1023427471602', '63'),
('1017056954518', '1019795057341', '47'),
('1015331789194', '1015439199628', '34'),
('1015331789194', '1015618391913', '49'),
('1015331789194', '1016044335989', '51'),
('1015331789194', '1016045744316', '61'),
('1015331789194', '1017690605883', '38'),
('1015331789194', '1018034927150', '12'),
('1015331789194', '1018630040414', '50'),
('1015331789194', '1019503684356', '28'),
('1015331789194', '1019521412057', '61'),
('1015331789194', '1019742207241', '29'),
('1015331789194', '1021497581156', '46'),
('1017927390789', '1016045744316', '66'),
('1017927390789', '1017690605883', '38'),
('1017927390789', '1018630040414', '49'),
('1019139944399', '1015439199628', '34'),
('1019139944399', '1015618391913', '51'),
('1019139944399', '1016044335989', '37'),
('1019139944399', '1016045744316', '43'),
('1019139944399', '1017690605883', '38'),
('1019139944399', '1018630040414', '51'),
('1019139944399', '1019503684356', '28'),
('1019139944399', '1019521412057', '61'),
('1019139944399', '1019795057341', '47'),
('1022090270729', '1015618391913', '49'),
('1022090270729', '1016044335989', '66'),
('1022090270729', '1019503684356', '45'),
('1022090270729', '1019521412057', '61'),
('1022090270729', '1019742207241', '55'),
('1022090270729', '1019795057341', '46'),
('1022090270729', '1021497581156', '45'),
('1019139944399', '1021497581156', '47'),
('1021547530655', '1019742207241', '55'),
('1021547530655', '1019795057341', '46'),
('1021547530655', '1021497581156', '46'),
('1017770512556', '1016044335989', '67'),
('1016575802563', '1015439199628', '34'),
('1016575802563', '1015618391913', '36'),
('1016575802563', '1016045744316', '37'),
('1018372172359', '1017690605883', '37'),
('1018372172359', '1021497581156', '43'),
('1021250054245', '1017690605883', '30'),
('1023459951983', '1015439199628', '40'),
('1023459951983', '1016044335989', '67'),
('1023459951983', '1019503684356', '49'),
('1023459951983', '1019521412057', '61'),
('1017056954518', '1016045744316', '71'),
('1015347803599', '1015439199628', '39'),
('1015347803599', '1016044335989', '67'),
('1015347803599', '1016045744316', '69'),
('1015347803599', '1017690605883', '38'),
('1015347803599', '1018630040414', '50'),
('1015347803599', '1019503684356', '47'),
('1015347803599', '1019521412057', '61'),
('1015347803599', '1019742207241', '55'),
('1015347803599', '1019795057341', '46'),
('1015347803599', '1023427471602', '62'),
('1019502819145', '1016045744316', '52'),
('1019700068942', '1016045744316', '57'),
('1019700068942', '1023427471602', '63'),
('1018619379980', '1015439199628', '36'),
('1019139944399', '1023427471602', '18'),
('1019070885655', '1019521412057', '58'),
('1018362443321', '1016044335989', '61'),
('1018362443321', '1019503684356', '43'),
('1018362443321', '1019521412057', '52'),
('1018369114777', '1017690605883', '38'),
('1018369114777', '1017949971802', '11'),
('1017863472602', '1015618391913', '51'),
('1017863472602', '1018034927150', '12'),
('1020271910319', '1018034927150', '9'),
('1020271910319', '1019742207241', '51'),
('1020271910319', '1019795057341', '42'),
('1016302913498', '1015618391913', '48'),
('1016302913498', '1016044335989', '57'),
('1016302913498', '1016045744316', '68'),
('1016302913498', '1017690605883', '38'),
('1016302913498', '1018630040414', '49'),
('1016302913498', '1021497581156', '43'),
('1016302913498', '1023427471602', '60'),
('1018369114777', '1023427471602', '62'),
('1016734899516', '1016045744316', '71'),
('1016734899516', '1023427471602', '63'),
('1017770512556', '1016045744316', '71'),
('1017770512556', '1023427471602', '63'),
('1024585782347', '1015618391913', '40'),
('1024519872238', '1015618391913', '50'),
('1024519872238', '1016045744316', '70'),
('1024519872238', '1019521412057', '61'),
('1024519872238', '1021497581156', '46'),
('1024519872238', '1023427471602', '62'),
('1019492177417', '1016045744316', '61'),
('1017056954518', '1016044335989', '45'),
('1024583228543', '1016044335989', '67'),
('1024583228543', '1023427471602', '63'),
('1024594709116', '1016045744316', '70'),
('1024594709116', '1023427471602', '62'),
('1018445108826', '1016044335989', '57'),
('1018445108826', '1016045744316', '69'),
('1018445108826', '1023427471602', '62'),
('1019503912147', '1015618391913', '38'),
('1019503912147', '1016044335989', '37'),
('1019503912147', '1016045744316', '43'),
('1019503912147', '1017690605883', '30'),
('1019503912147', '1018630040414', '36'),
('1019503912147', '1019521412057', '29'),
('1024938674289', '1016044335989', '67'),
('1018471144727', '1015439199628', '39'),
('1018471144727', '1015618391913', '49'),
('1018471144727', '1016044335989', '56'),
('1018471144727', '1016045744316', '63'),
('1018471144727', '1017690605883', '30'),
('1018471144727', '1018630040414', '45'),
('1018471144727', '1019503684356', '48'),
('1018471144727', '1019521412057', '61'),
('1018471144727', '1019742207241', '54'),
('1024583228543', '1019521412057', '62'),
('1018372172359', '1023427471602', '60'),
('1018369114777', '1016044335989', '67'),
('1015331789194', '1023427471602', '62'),
('1019484142388', '1019521412057', '61'),
('1025029389427', '1016044335989', '67'),
('1025029436714', '1016044335989', '67'),
('1025029436714', '1019521412057', '61'),
('1024336496530', '1016044335989', '67'),
('1024336496530', '1023427471602', '63'),
('1018630512794', '1015618391913', '50'),
('1018630512794', '1017690605883', '37'),
('1018630512794', '1017949971802', '11'),
('1018630512794', '1018034927150', '12'),
('1018630512794', '1018630040414', '50'),
('1018630512794', '1019742207241', '55'),
('1021486913977', '1016044335989', '67'),
('1025192798723', '1016045744316', '71'),
('1025192798723', '1023427471602', '63'),
('1017752939512', '1016044335989', '50'),
('1017752939512', '1016045744316', '69'),
('1017752939512', '1019503684356', '37'),
('1017752939512', '1023427471602', '62'),
('1025201469667', '1016044335989', '67'),
('1018471180982', '1015439199628', '38'),
('1018471180982', '1016044335989', '63'),
('1018471180982', '1016045744316', '66'),
('1018471180982', '1019503684356', '46'),
('1018471180982', '1019521412057', '56'),
('1017770043725', '1023427471602', '62'),
('1025203222825', '1015439199628', '40'),
('1025203222825', '1015618391913', '50'),
('1025203222825', '1016044335989', '67'),
('1025203222825', '1016045744316', '71'),
('1025203222825', '1018630040414', '50'),
('1025203222825', '1019503684356', '49'),
('1025203222825', '1019521412057', '61'),
('1025203222825', '1019742207241', '55'),
('1025203222825', '1019795057341', '46'),
('1025203222825', '1021497581156', '46'),
('1025203222825', '1023427471602', '63'),
('1025203222825', '1024947765737', '19'),
('1025203222825', '1025028206102', '27'),
('1025056925487', '1016045744316', '71'),
('1025056925487', '1023427471602', '63'),
('1016734899516', '1024592802696', '33'),
('1019139944399', '1024972883359', '4'),
('1017752939512', '1024592802696', '30'),
('1019139944399', '1025280704476', '34'),
('1025030216215', '1015439199628', '40'),
('1025030216215', '1016044335989', '67'),
('1025030216215', '1019503684356', '49'),
('1025030216215', '1023427471602', '63'),
('1025030216215', '1025028206102', '27'),
('1024594709116', '1024592802696', '32'),
('1019830851073', '1016045744316', '47'),
('1019830851073', '1019521412057', '36'),
('1024938674289', '1015439199628', '40'),
('1024938674289', '1019521412057', '61'),
('1025203222825', '1025280704476', '37'),
('1016302913498', '1024592802696', '32'),
('1025702315388', '1016044335989', '67'),
('1025702865556', '1016044335989', '58'),
('1023459951983', '1025704105442', '44'),
('1017927390789', '1019521412057', '55'),
('1024583349330', '1016044335989', '67'),
('1024583349330', '1025704105442', '44'),
('1025709453428', '1016044335989', '66'),
('1025709453428', '1025704105442', '42'),
('1025709950535', '1016044335989', '66'),
('1025709950535', '1025028206102', '26'),
('1019737602440', '1021497581156', '47'),
('1018878153623', '1015439199628', '38'),
('1018878153623', '1019503684356', '45'),
('1018878153623', '1019521412057', '55'),
('1018878153623', '1024947765737', '18'),
('1018878153623', '1025280704476', '37'),
('1019737602440', '1018630040414', '51'),
('1019737602440', '1019742207241', '57'),
('1019737602440', '1019795057341', '47'),
('1018995994873', '1016044335989', '67'),
('1018995994873', '1019503684356', '44'),
('1025709950535', '1025280704476', '36'),
('1017770043725', '1024592802696', '32'),
('1019423755498', '1015439199628', '37'),
('1019423755498', '1019503684356', '43'),
('1019423755498', '1025028206102', '24'),
('1019423755498', '1025280704476', '48'),
('1021486913977', '1016045744316', '70'),
('1021486913977', '1019503684356', '49'),
('1021486913977', '1019521412057', '62'),
('1021486913977', '1023427471602', '63'),
('1021486913977', '1024947765737', '19'),
('1021486913977', '1025280704476', '61'),
('1021486913977', '1025704105442', '44'),
('1024336496530', '1019521412057', '62'),
('1024336496530', '1025704105442', '44'),
('1025203222825', '1025704105442', '44'),
('1025801616515', '1016045744316', '69'),
('1025801616515', '1025280704476', '36'),
('1025803404829', '1023427471602', '62'),
('1016687252266', '1015618391913', '49'),
('1016687252266', '1016044335989', '66'),
('1015347803599', '1025280704476', '32'),
('1015347803599', '1025704105442', '43'),
('1018369114777', '1025280704476', '60'),
('1018369114777', '1025704105442', '44'),
('1017770043725', '1016045744316', '69'),
('1017230367133', '1016045744316', '71'),
('1017230367133', '1023427471602', '62'),
('1020369242464', '1016045744316', '71'),
('1020369242464', '1023427471602', '63'),
('1016645351524', '1016045744316', '69'),
('1016645351524', '1023427471602', '62'),
('1016645351524', '1025280704476', '36'),
('1015439644996', '1015439199628', '40'),
('1015439644996', '1015618391913', '51'),
('1015439644996', '1016044335989', '50'),
('1015439644996', '1016045744316', '71'),
('1015439644996', '1017690605883', '38'),
('1015439644996', '1017949971802', '11'),
('1015439644996', '1018034927150', '12'),
('1015439644996', '1018630040414', '51'),
('1015439644996', '1019503684356', '49'),
('1015439644996', '1019521412057', '62'),
('1015439644996', '1023427471602', '63'),
('1015439644996', '1024592802696', '32'),
('1015439644996', '1024947765737', '19'),
('1016645622861', '1015439199628', '36'),
('1016645622861', '1023427471602', '55'),
('1025779965235', '1025704105442', '34'),
('1017056954518', '1024592802696', '33'),
('1015439644996', '1025280704476', '60'),
('1018517966065', '1015439199628', '40'),
('1018517966065', '1015618391913', '51'),
('1018517966065', '1016044335989', '67'),
('1018517966065', '1016045744316', '71'),
('1018517966065', '1017690605883', '38'),
('1018517966065', '1018630040414', '51'),
('1018517966065', '1019503684356', '49'),
('1018517966065', '1019795057341', '47'),
('1025173937798', '1016044335989', '67'),
('1025173937798', '1025704105442', '44'),
('1019072257712', '1015439199628', '37'),
('1019072257712', '1015618391913', '46'),
('1019072257712', '1016044335989', '62'),
('1019072257712', '1016045744316', '65'),
('1019072257712', '1019503684356', '43'),
('1019072257712', '1019521412057', '53'),
('1019072257712', '1023427471602', '56'),
('1019072257712', '1024947765737', '17'),
('1019072257712', '1025028206102', '24'),
('1019072257712', '1025280704476', '48'),
('1017148443627', '1016044335989', '67'),
('1017148443627', '1016045744316', '70'),
('1017148443627', '1023427471602', '62'),
('1025875265469', '1016045744316', '69'),
('1025875265469', '1023427471602', '62'),
('1017523453083', '1015439199628', '39'),
('1017523453083', '1015618391913', '49'),
('1017523453083', '1016044335989', '66'),
('1017523453083', '1016045744316', '69'),
('1017523453083', '1017690605883', '38'),
('1017523453083', '1018034927150', '12'),
('1017523453083', '1018630040414', '50'),
('1017523453083', '1019503684356', '47'),
('1017523453083', '1019521412057', '61'),
('1017523453083', '1019742207241', '55'),
('1017523453083', '1019795057341', '46'),
('1017523453083', '1023427471602', '62'),
('1017523453083', '1025704105442', '42'),
('1017752764345', '1015618391913', '49'),
('1017752764345', '1016044335989', '66'),
('1017752764345', '1016045744316', '69'),
('1017752764345', '1019521412057', '61'),
('1017752764345', '1023427471602', '62'),
('1025877060139', '1023427471602', '45'),
('1016687252266', '1025704105442', '42'),
('1016730061655', '1016044335989', '67'),
('1016730061655', '1016045744316', '71'),
('1016730061655', '1017690605883', '38'),
('1016730061655', '1017949971802', '11'),
('1016730061655', '1018034927150', '12'),
('1016730061655', '1018630040414', '50'),
('1016730061655', '1019742207241', '55'),
('1016730061655', '1019795057341', '46'),
('1016730061655', '1023427471602', '62'),
('1018286709116', '1015618391913', '50'),
('1018286709116', '1017690605883', '38'),
('1016645351524', '1019521412057', '61'),
('1016645351524', '1021497581156', '45'),
('1017232383457', '1019521412057', '62'),
('1017232383457', '1023427471602', '63'),
('1024583228543', '1019795057341', '47'),
('1024583228543', '1025704105442', '44'),
('1025056925487', '1024592802696', '33'),
('1025029389427', '1025704105442', '44'),
('1019087441845', '1016044335989', '67'),
('1019087441845', '1016045744316', '69'),
('1019087441845', '1019503684356', '33'),
('1019087441845', '1019521412057', '47'),
('1019087441845', '1019742207241', '55'),
('1019087441845', '1019795057341', '46'),
('1019087441845', '1023427471602', '62'),
('1019087441845', '1024592802696', '32'),
('1025954574702', '1019742207241', '36'),
('1018445108826', '1024592802696', '32'),
('1018995994873', '1025704105442', '44'),
('1020098106685', '1016044335989', '66'),
('1020098106685', '1019742207241', '54'),
('1020098106685', '1021497581156', '44'),
('1020098106685', '1025704105442', '42'),
('1020098106685', '1024972883359', '3'),
('1019928394169', '1016044335989', '67'),
('1019928394169', '1025280704476', '37'),
('1019072257712', '1025704105442', '39'),
('1017752764345', '1018630040414', '50'),
('1017752764345', '1019742207241', '55'),
('1017752764345', '1019795057341', '46'),
('1017752764345', '1021497581156', '45'),
('1025030216215', '1019521412057', '61'),
('1025030216215', '1019742207241', '55'),
('1025030216215', '1019795057341', '46'),
('1025030216215', '1025704105442', '44'),
('1024946109986', '1016044335989', '64'),
('1024946109986', '1025028206102', '26'),
('1024946109986', '1025704105442', '41'),
('1019511473814', '1017949971802', '11'),
('1015331789194', '1026141445052', '40'),
('1019050866592', '1016044335989', '66'),
('1026141763486', '1026141445052', '35'),
('1019050866592', '1019503684356', '47'),
('1019050866592', '1019521412057', '61'),
('1019050866592', '1024947765737', '19'),
('1019050866592', '1025280704476', '31'),
('1019050866592', '1025704105442', '43'),
('1019737602440', '1024592802696', '33'),
('1018530873710', '1015439199628', '32'),
('1018530873710', '1025280704476', '20'),
('1017145015032', '1016044335989', '67'),
('1017145015032', '1019742207241', '57'),
('1018369114777', '1026141445052', '40'),
('1017523453083', '1021497581156', '45'),
('1019737602440', '1016044335989', '67'),
('1019737602440', '1019521412057', '61'),
('1019737602440', '1025280704476', '37'),
('1019737602440', '1025704105442', '44'),
('1019676386491', '1015439199628', '40'),
('1019676386491', '1015618391913', '51'),
('1019676386491', '1016044335989', '67'),
('1019676386491', '1016045744316', '71'),
('1019676386491', '1018630040414', '51'),
('1019676386491', '1019503684356', '49'),
('1026140650281', '1016044335989', '67'),
('1026140650281', '1025704105442', '44'),
('1026140650281', '1019521412057', '61'),
('1018286709116', '1018630040414', '50'),
('1015331789194', '1024592802696', '27'),
('1019843336128', '1019503684356', '49'),
('1019843336128', '1019521412057', '61'),
('1019843336128', '1016044335989', '67'),
('1019843336128', '1025704105442', '44'),
('1019700068942', '1025704105442', '28'),
('1019700068942', '1026141445052', '40'),
('1026140650281', '1015439199628', '40'),
('1026140650281', '1019503684356', '48'),
('1026140650281', '1023427471602', '62'),
('1026140650281', '1024947765737', '19'),
('1026140650281', '1025028206102', '26'),
('1026140650281', '1025280704476', '37'),
('1020348347156', '1015618391913', '49'),
('1020348347156', '1016045744316', '69'),
('1020348347156', '1018630040414', '50'),
('1020348347156', '1019742207241', '55'),
('1020348347156', '1019795057341', '46'),
('1020348347156', '1021497581156', '45'),
('1020348347156', '1023427471602', '62'),
('1019070831131', '1015439199628', '40'),
('1019070831131', '1015618391913', '50'),
('1019070831131', '1016044335989', '67'),
('1019070831131', '1016045744316', '71'),
('1019070831131', '1018630040414', '50'),
('1019070831131', '1019503684356', '49'),
('1019070831131', '1019521412057', '61'),
('1019070831131', '1019742207241', '55'),
('1019070831131', '1019795057341', '46'),
('1019070831131', '1021497581156', '46'),
('1019070831131', '1023427471602', '62'),
('1019070831131', '1024947765737', '19'),
('1025201469667', '1019503684356', '49'),
('1025201469667', '1019742207241', '55'),
('1025201469667', '1025028206102', '27'),
('1025201469667', '1025704105442', '44'),
('1025457270811', '1016045744316', '68'),
('1025457270811', '1023427471602', '60'),
('1025457270811', '1024592802696', '30'),
('1017752764345', '1024592802696', '32'),
('1019070885655', '1015439199628', '38'),
('1019070885655', '1019503684356', '46'),
('1020356685078', '1015618391913', '50'),
('1020356685078', '1017690605883', '37'),
('1020356685078', '1018630040414', '50'),
('1020356685078', '1019742207241', '55'),
('1020356685078', '1019795057341', '46'),
('1020356685078', '1021497581156', '46'),
('1017770512556', '1024592802696', '33'),
('1020369242464', '1024592802696', '33'),
('1019087441845', '1026141445052', '40'),
('1023908912014', '1016044335989', '67'),
('1023908912014', '1025704105442', '44'),
('1026149751572', '1016045744316', '69'),
('1026149751572', '1023427471602', '62'),
('1026149751572', '1026141445052', '40'),
('1016563792202', '1016044335989', '64'),
('1016563792202', '1025028206102', '26'),
('1020369242464', '1026141445052', '40'),
('1018517966065', '1019742207241', '57'),
('1018517966065', '1021497581156', '47'),
('1018517966065', '1023427471602', '63'),
('1018517966065', '1024947765737', '19'),
('1018517966065', '1025028206102', '27'),
('1018517966065', '1025280704476', '37'),
('1018517966065', '1025704105442', '44'),
('1020348347156', '1024592802696', '30'),
('1025702315388', '1025704105442', '44'),
('1019513721235', '1015439199628', '33'),
('1026312316718', '1019503684356', '36'),
('1019700068942', '1024592802696', '33'),
('1016645622861', '1026141445052', '27'),
('1017230367133', '1019795057341', '46'),
('1017230367133', '1026141445052', '40'),
('1017523453083', '1024592802696', '32'),
('1017770043725', '1026141445052', '40'),
('1026141763486', '1016045744316', '67'),
('1026141763486', '1023427471602', '58'),
('1020098106685', '1019521412057', '61'),
('1020098106685', '1023427471602', '62'),
('1017230367133', '1024592802696', '33'),
('1017759684113', '1015618391913', '39'),
('1017759684113', '1017690605883', '30'),
('1017759684113', '1018630040414', '41'),
('1017759684113', '1019742207241', '39'),
('1017759684113', '1021497581156', '30'),
('1025801616515', '1023427471602', '62'),
('1025801616515', '1026141445052', '40'),
('1026407249700', '1025280704476', '27'),
('1017680882034', '1015439199628', '40'),
('1017680882034', '1019503684356', '49'),
('1017680882034', '1019521412057', '61'),
('1017680882034', '1025280704476', '36'),
('1026153126144', '1016045744316', '69'),
('1026153126144', '1023427471602', '62'),
('1017148443627', '1018630040414', '50'),
('1017148443627', '1019742207241', '55'),
('1017148443627', '1019795057341', '46'),
('1017148443627', '1021497581156', '46'),
('1017148443627', '1026141445052', '40'),
('1026407249700', '1019503684356', '37'),
('1026407249700', '1019521412057', '47'),
('1026407249700', '1025028206102', '15'),
('1019050994833', '1016045744316', '69'),
('1026421917400', '1019742207241', '43'),
('1026423723630', '1015618391913', '41'),
('1026423723630', '1018630040414', '44'),
('1026423723630', '1019742207241', '44'),
('1026423723630', '1019795057341', '36'),
('1026423723630', '1021497581156', '34'),
('1021255187421', '1018630040414', '47'),
('1021255187421', '1019503684356', '44'),
('1021255187421', '1019521412057', '54'),
('1021255187421', '1019742207241', '49'),
('1021255187421', '1019795057341', '40'),
('1021255187421', '1025280704476', '51'),
('1017145015032', '1025704105442', '44'),
('1026141763486', '1024592802696', '29'),
('1019476177508', '1015439199628', '40'),
('1019476177508', '1025280704476', '37'),
('1026218361696', '1016044335989', '62'),
('1026218361696', '1025704105442', '39'),
('1015438291312', '1019939868602', '4'),
('1025801616515', '1024592802696', '32'),
('1018651691296', '1015618391913', '50'),
('1018651691296', '1019503684356', '48'),
('1018651691296', '1025280704476', '60'),
('1026592468087', '1019742207241', '44'),
('1026592468087', '1021497581156', '34'),
('1015331789194', '1026427482871', '50'),
('1017148443627', '1024592802696', '32'),
('1021487095814', '1018630040414', '51'),
('1021487095814', '1019742207241', '57'),
('1021487095814', '1025704105442', '44'),
('1021487095814', '1016045744316', '71'),
('1021487095814', '1025028206102', '27'),
('1021487095814', '1026427482871', '51'),
('1026662649313', '1016045744316', '69'),
('1026662649313', '1023427471602', '62'),
('1026662649313', '1026141445052', '39'),
('1026662649313', '1026427482871', '49'),
('1019676386491', '1024947765737', '19'),
('1019676386491', '1025028206102', '27'),
('1018517966065', '1026141445052', '40'),
('1018517966065', '1026427482871', '51'),
('1022709335788', '1015618391913', '40'),
('1022709335788', '1017690605883', '30'),
('1022709335788', '1018630040414', '43'),
('1022709335788', '1019521412057', '47'),
('1022709335788', '1019742207241', '44'),
('1022709335788', '1019795057341', '35'),
('1022709335788', '1021497581156', '34'),
('1024265573543', '1021497581156', '34'),
('1018452384965', '1015439199628', '39'),
('1018452384965', '1019503684356', '47'),
('1018452384965', '1019521412057', '61'),
('1026153126144', '1019795057341', '45'),
('1019070831131', '1025028206102', '27'),
('1019070831131', '1025280704476', '31'),
('1019070831131', '1025704105442', '44'),
('1019070831131', '1026141445052', '40'),
('1021497701327', '1021497581156', '36'),
('1026764171721', '1015618391913', '41'),
('1026764171721', '1018630040414', '45'),
('1026764171721', '1021497581156', '35'),
('1025779965235', '1026427482871', '14'),
('1019649511805', '1016045744316', '63'),
('1026420891004', '1015618391913', '48'),
('1026420891004', '1016045744316', '67'),
('1026420891004', '1018630040414', '49'),
('1026420891004', '1019742207241', '51'),
('1026420891004', '1019795057341', '42'),
('1026420891004', '1021497581156', '41'),
('1026420891004', '1023427471602', '58'),
('1026420891004', '1024592802696', '29'),
('1016645351524', '1019742207241', '55'),
('1016645351524', '1019795057341', '46'),
('1016645351524', '1024592802696', '30'),
('1016645351524', '1026141445052', '39'),
('1016645351524', '1026427482871', '49'),
('1017752939512', '1026141445052', '40'),
('1017752939512', '1026427482871', '50'),
('1026824697073', '1025280704476', '37'),
('1019050994833', '1019795057341', '46'),
('1019070831131', '1026427482871', '51'),
('1016645622861', '1024592802696', '29'),
('1024421269647', '1019503684356', '47'),
('1024421269647', '1025704105442', '42'),
('1020179615378', '1019503684356', '46'),
('1020179615378', '1025028206102', '25'),
('1025029389427', '1019521412057', '53'),
('1017056954518', '1026141445052', '40'),
('1017056954518', '1026427482871', '51'),
('1017523453083', '1024947765737', '19'),
('1017523453083', '1025028206102', '26'),
('1017523453083', '1025280704476', '37'),
('1017523453083', '1026141445052', '39'),
('1017523453083', '1026427482871', '49'),
('1026928000422', '1015439199628', '39'),
('1026928000422', '1016044335989', '66'),
('1026928000422', '1019503684356', '47'),
('1026928000422', '1019521412057', '61'),
('1026928000422', '1019742207241', '55'),
('1026928000422', '1019795057341', '46'),
('1026928000422', '1023427471602', '56'),
('1026928000422', '1024947765737', '19'),
('1026928000422', '1025280704476', '36'),
('1026928000422', '1025704105442', '43'),
('1016645351524', '1026806480296', '16'),
('1026933242802', '1015618391913', '46'),
('1026933242802', '1019503684356', '44'),
('1026933242802', '1019521412057', '54'),
('1026933242802', '1019742207241', '49'),
('1026933242802', '1021497581156', '40'),
('1026933242802', '1024947765737', '17'),
('1026933242802', '1025028206102', '24'),
('1026933242802', '1026806480296', '11'),
('1024519872238', '1018630040414', '50'),
('1024519872238', '1026141445052', '40'),
('1024519872238', '1026427482871', '51'),
('1024519872238', '1026806480296', '17'),
('1021497701327', '1019742207241', '48'),
('1017919219114', '1015618391913', '51'),
('1017919219114', '1017690605883', '37'),
('1017919219114', '1017949971802', '11'),
('1017919219114', '1021497581156', '47'),
('1019499371730', '1016044335989', '57'),
('1017523453083', '1026806480296', '15'),
('1017523453083', '1026932502854', '14'),
('1015331789194', '1026932502854', '15'),
('1017232383457', '1016045744316', '71'),
('1017232383457', '1026141445052', '40'),
('1017232383457', '1026427482871', '51'),
('1019050994833', '1024592802696', '32'),
('1027005176702', '1019503684356', '43'),
('1027005176702', '1025280704476', '36'),
('1019049525378', '1015439199628', '39'),
('1019049525378', '1019503684356', '47'),
('1019049525378', '1025280704476', '36'),
('1027032530488', '1016044335989', '67'),
('1027032530488', '1023427471602', '63'),
('1027032530488', '1025704105442', '44'),
('1020369242464', '1026427482871', '51'),
('1017230367133', '1026427482871', '51'),
('1019071557673', '1019742207241', '55'),
('1019071557673', '1019795057341', '46'),
('1019071557673', '1021497581156', '46'),
('1019071557673', '1025280704476', '37'),
('1019740508186', '1016045744316', '64'),
('1021487095814', '1026806480296', '18'),
('1017752764345', '1026141445052', '39'),
('1017752764345', '1026427482871', '49'),
('1018466256322', '1015439199628', '39'),
('1018466256322', '1016044335989', '66'),
('1018466256322', '1026427482871', '48'),
('1019476177508', '1019503684356', '49'),
('1024583349330', '1026427482871', '19'),
('1020007158410', '1025280704476', '36'),
('1021263388215', '1019503684356', '43'),
('1021263388215', '1025280704476', '37'),
('1018452384965', '1025280704476', '37'),
('1018619379980', '1019521412057', '52'),
('1019070885655', '1025028206102', '25'),
('1019070885655', '1025280704476', '37'),
('1020348347156', '1026141445052', '39'),
('1020348347156', '1026427482871', '49'),
('1020348347156', '1026806480296', '16'),
('1023459951983', '1027220991149', '17'),
('1015331789194', '1027220991149', '12'),
('1019050994833', '1027220991149', '16'),
('1019600236718', '1016045744316', '69'),
('1027349267540', '1016044335989', '67'),
('1017230367133', '1027220991149', '16'),
('1018995994873', '1024947765737', '19'),
('1025203222825', '1026427482871', '51'),
('1025203222825', '1026806480296', '17'),
('1025203222825', '1026932502854', '16'),
('1025203222825', '1027220991149', '16'),
('1025173937798', '1016045744316', '71'),
('1025173937798', '1026427482871', '51'),
('1019071557673', '1019503684356', '49'),
('1019071557673', '1025028206102', '27'),
('1018995994873', '1027220991149', '17'),
('1027427649591', '1025280704476', '38'),
('1017523453083', '1027220991149', '16'),
('1027427649591', '1016044335989', '67'),
('1027427649591', '1023427471602', '63'),
('1027427649591', '1026427482871', '51'),
('1018517966065', '1026806480296', '18'),
('1018517966065', '1026932502854', '17'),
('1018517966065', '1027220991149', '17'),
('1027431809250', '1016044335989', '67'),
('1027431809250', '1025280704476', '60'),
('1019579917706', '1016045744316', '65'),
('1027537680086', '1025280704476', '60'),
('1019700068942', '1026427482871', '51'),
('1027018223235', '1025280704476', '60'),
('1018362443321', '1025704105442', '37'),
('1016224005196', '1016044335989', '64'),
('1016224005196', '1026427482871', '43'),
('1025801616515', '1026427482871', '50'),
('1019737602440', '1025028206102', '27'),
('1017056954518', '1026932502854', '17'),
('1018531000848', '1019742207241', '50'),
('1018531000848', '1025280704476', '60'),
('1027615339793', '1025280704476', '60'),
('1027615720118', '1015618391913', '44'),
('1027615720118', '1018630040414', '46'),
('1027615720118', '1019742207241', '50'),
('1027615720118', '1019795057341', '40'),
('1027615720118', '1021497581156', '38'),
('1027615720118', '1026806480296', '10'),
('1027615720118', '1026932502854', '8'),
('1027615720118', '1027220991149', '11'),
('1027615410516', '1025280704476', '61'),
('1018369114777', '1015618391913', '48'),
('1018369114777', '1018630040414', '49'),
('1018369114777', '1019939868602', '4'),
('1018369114777', '1021497581156', '46'),
('1018369114777', '1026427482871', '51'),
('1018369114777', '1026932502854', '16'),
('1018369114777', '1027220991149', '16'),
('1018995994873', '1015439199628', '40'),
('1016302913498', '1026141445052', '37'),
('1016734899516', '1026141445052', '40'),
('1016734899516', '1026427482871', '51'),
('1025056925487', '1026141445052', '40'),
('1025056925487', '1026427482871', '51'),
('1025801616515', '1019503684356', '47'),
('1018445108826', '1026427482871', '51'),
('1025457270811', '1026427482871', '44'),
('1027689874394', '1015618391913', '46'),
('1027689874394', '1021497581156', '40'),
('1027005176702', '1015439199628', '37'),
('1027005176702', '1016044335989', '61'),
('1027005176702', '1016045744316', '65'),
('1027005176702', '1019521412057', '52'),
('1027005176702', '1023427471602', '56'),
('1027005176702', '1024947765737', '17'),
('1027005176702', '1025028206102', '24'),
('1027005176702', '1025704105442', '37'),
('1027005176702', '1026141445052', '29'),
('1027005176702', '1026427482871', '30'),
('1016730061655', '1025280704476', '60'),
('1025702315388', '1026427482871', '51'),
('1018487936089', '1015439199628', '40'),
('1018487936089', '1019521412057', '62'),
('1018487936089', '1025280704476', '60'),
('1019581119050', '1025280704476', '48'),
('1017230367133', '1019521412057', '61'),
('1018530537981', '1025028206102', '27'),
('1018530537981', '1025280704476', '60'),
('1019071557673', '1027220991149', '16'),
('1022090270729', '1025704105442', '42'),
('1018445108826', '1026141445052', '40'),
('1019070831131', '1017690605883', '38'),
('1027742288038', '1016044335989', '67'),
('1027742288038', '1025704105442', '44'),
('1019677327950', '1015439199628', '40'),
('1019677327950', '1019503684356', '49'),
('1019677327950', '1019521412057', '61'),
('1019737602440', '1017690605883', '38'),
('1020179615378', '1019521412057', '57'),
('1020179615378', '1025280704476', '56'),
('1027949734075', '1025280704476', '60'),
('1027949734075', '1019503684356', '49'),
('1025875265469', '1026141445052', '39'),
('1025875265469', '1026427482871', '49'),
('1020369242464', '1026932502854', '14'),
('1017770512556', '1026141445052', '40'),
('1017770512556', '1026427482871', '51'),
('1027964508169', '1023427471602', '63'),
('1027964508169', '1026427482871', '51'),
('1022090270729', '1026806480296', '16'),
('1022090270729', '1027970948483', '14'),
('1028033173808', '1018630040414', '49'),
('1028033173808', '1019742207241', '51'),
('1028033173808', '1019795057341', '42'),
('1028033173808', '1026932502854', '14'),
('1016730061655', '1026141445052', '40'),
('1016730061655', '1026427482871', '51'),
('1016645351524', '1026932502854', '15'),
('1017680882034', '1018034927150', '12'),
('1016645351524', '1027220991149', '16'),
('1016645351524', '1027970948483', '14'),
('1026669832520', '1015618391913', '50'),
('1026669832520', '1027802681692', '5'),
('1018471180982', '1025280704476', '53'),
('1028058536040', '1027970948483', '4'),
('1016302913498', '1018034927150', '12'),
('1025203222825', '1017690605883', '38'),
('1019050994833', '1026427482871', '49'),
('1028120564568', '1027427225488', '5'),
('1028121364681', '1027427225488', '5'),
('1017752764345', '1017690605883', '38'),
('1026149751572', '1026427482871', '50'),
('1028058430689', '1015618391913', '50'),
('1028058430689', '1016045744316', '71'),
('1028058430689', '1023427471602', '62'),
('1028058430689', '1026141445052', '40'),
('1028058430689', '1026427482871', '51'),
('1026141763486', '1026427482871', '40'),
('1020098106685', '1027970948483', '13'),
('1028225756045', '1025280704476', '59'),
('1028285814803', '1025280704476', '55'),
('1015347803599', '1026141445052', '40'),
('1028300893273', '1027427225488', '4'),
('1024519872238', '1017690605883', '38'),
('1016730061655', '1019503684356', '48'),
('1028209117615', '1016045744316', '69'),
('1028209117615', '1023427471602', '62'),
('1019139944399', '1026806480296', '18'),
('1019139944399', '1026932502854', '17'),
('1019139944399', '1027220991149', '17'),
('1017232383457', '1024592802696', '33'),
('1024421269647', '1023427471602', '60'),
('1024421269647', '1026427482871', '44'),
('1028058430689', '1024592802696', '33'),
('1028032720632', '1026427482871', '42'),
('1028330120823', '1026141445052', '37'),
('1028330120823', '1026427482871', '43'),
('1016224005196', '1025280704476', '57'),
('1017230367133', '1021497581156', '46'),
('1019677327950', '1025280704476', '60'),
('1027742288038', '1019521412057', '62'),
('1017523453083', '1027970948483', '14'),
('1026149751572', '1019521412057', '61'),
('1025029389427', '1028572556325', '23'),
('1028552144379', '1015439199628', '40'),
('1028552144379', '1019503684356', '49'),
('1028552144379', '1019521412057', '61'),
('1028552144379', '1024947765737', '19'),
('1028552144379', '1025028206102', '27'),
('1028552144379', '1025280704476', '60'),
('1025173937798', '1028572556325', '24'),
('1021486913977', '1028572556325', '23'),
('1021486913977', '1015618391913', '51'),
('1021486913977', '1018630040414', '51'),
('1021486913977', '1019742207241', '57'),
('1021486913977', '1019795057341', '47'),
('1021486913977', '1021497581156', '47'),
('1021486913977', '1026806480296', '18'),
('1021486913977', '1027970948483', '18'),
('1018372172359', '1018034927150', '12'),
('1026676958393', '1027802681692', '5'),
('1018452532035', '1025280704476', '60'),
('1026751861756', '1027802681692', '5'),
('1017148443627', '1027970948483', '17'),
('1019139944399', '1027970948483', '18'),
('1027959213022', '1015439199628', '40'),
('1027959213022', '1015618391913', '50'),
('1027959213022', '1016044335989', '67'),
('1027959213022', '1016045744316', '71'),
('1027959213022', '1018630040414', '50'),
('1027959213022', '1019503684356', '49'),
('1027959213022', '1019521412057', '61'),
('1027959213022', '1019742207241', '55'),
('1027959213022', '1019795057341', '46'),
('1027959213022', '1021497581156', '46'),
('1027959213022', '1023427471602', '62'),
('1027959213022', '1024947765737', '19'),
('1027959213022', '1025028206102', '27'),
('1027959213022', '1025280704476', '61'),
('1027959213022', '1025704105442', '44'),
('1027959213022', '1026141445052', '40'),
('1027959213022', '1026427482871', '51'),
('1027959213022', '1026806480296', '17'),
('1027959213022', '1026932502854', '16'),
('1027959213022', '1027220991149', '16'),
('1016687252266', '1019521412057', '61'),
('1016687252266', '1028572556325', '15'),
('1021061041042', '1017949971802', '11'),
('1021061041042', '1019939868602', '3'),
('1027346931626', '1019795057341', '44'),
('1027346931626', '1027802681692', '5'),
('1018369114777', '1028572556325', '24'),
('1015347803599', '1027970948483', '16'),
('1015347803599', '1028572556325', '21'),
('1026140650281', '1028572556325', '23'),
('1025875265469', '1026932502854', '15'),
('1023908912014', '1019521412057', '61'),
('1023908912014', '1028572556325', '24'),
('1027303215000', '1027197159583', '2'),
('1027742288038', '1028572556325', '23'),
('1021487095814', '1028572556325', '24'),
('1019050866592', '1028572556325', '21'),
('1024583349330', '1028572556325', '24'),
('1028898290944', '1016044335989', '65'),
('1024336496530', '1028572556325', '24'),
('1028922916146', '1016044335989', '67'),
('1028922916146', '1025704105442', '44'),
('1028922916146', '1028572556325', '24'),
('1028847084321', '1015618391913', '49'),
('1028847084321', '1018630040414', '50'),
('1028847084321', '1019742207241', '54'),
('1028847084321', '1019795057341', '45'),
('1028847084321', '1021497581156', '44'),
('1028847084321', '1026806480296', '15'),
('1028847084321', '1026932502854', '14'),
('1028847084321', '1027220991149', '16'),
('1028847084321', '1027970948483', '13'),
('1022090270729', '1026427482871', '49'),
('1025030216215', '1025280704476', '60'),
('1025030216215', '1026427482871', '51'),
('1025030216215', '1028572556325', '24'),
('1017148443627', '1026427482871', '51'),
('1017148443627', '1028572556325', '23'),
('1027530335040', '1016045744316', '71'),
('1027530335040', '1023427471602', '63'),
('1027530335040', '1026141445052', '40'),
('1027530335040', '1026427482871', '51'),
('1028729089301', '1016045744316', '71'),
('1028729089301', '1023427471602', '63'),
('1028729089301', '1026141445052', '40'),
('1028729089301', '1026427482871', '51'),
('1028729089301', '1028572556325', '24'),
('1025709453428', '1028572556325', '19'),
('1018271591200', '1017949971802', '11'),
('1018271591200', '1026427482871', '49'),
('1028036739479', '1019503684356', '48'),
('1028036739479', '1019521412057', '61'),
('1028036739479', '1025280704476', '60'),
('1029331712317', '1019742207241', '55'),
('1029331712317', '1019795057341', '46'),
('1029331712317', '1027970948483', '14'),
('1029331712317', '1024972883359', '4'),
('1029345274591', '1026806480296', '16'),
('1029345274591', '1026932502854', '15'),
('1015331789194', '1029320981135', '11'),
('1019700068942', '1027970948483', '18'),
('1016645351524', '1029320981135', '3'),
('1017770043725', '1029320981135', '14'),
('1018369114777', '1029320981135', '15'),
('1017752939512', '1029320981135', '12'),
('1022090270729', '1028572556325', '20'),
('1022090270729', '1028959798347', '2'),
('1025029436714', '1025704105442', '44'),
('1025029436714', '1028572556325', '24'),
('1025029436714', '1028959798347', '17'),
('1025029436714', '1029240591946', '7'),
('1017770512556', '1029320981135', '16'),
('1025030216215', '1028959798347', '17'),
('1025030216215', '1029240591946', '7'),
('1028033625449', '1025280704476', '60'),
('1019700068942', '1029320981135', '17'),
('1017230367133', '1029320981135', '15'),
('1015439644996', '1021497581156', '47'),
('1015439644996', '1026141445052', '40'),
('1015439644996', '1026427482871', '51'),
('1015439644996', '1029320981135', '17'),
('1018995994873', '1025028206102', '27'),
('1027431809250', '1028959798347', '17'),
('1016730061655', '1027970948483', '17'),
('1016730061655', '1029320981135', '14'),
('1016730061655', '1029445174429', '5'),
('1018369114777', '1027970948483', '17'),
('1018369114777', '1029445174429', '5'),
('1015347803599', '1028959798347', '6'),
('1015347803599', '1029320981135', '13'),
('1028209117615', '1026427482871', '51'),
('1017148443627', '1015618391913', '50'),
('1017148443627', '1026806480296', '17'),
('1017148443627', '1026932502854', '16'),
('1017148443627', '1029320981135', '14'),
('1017148443627', '1029445174429', '5'),
('1025702315388', '1028959798347', '17'),
('1027742288038', '1028959798347', '14'),
('1018530537981', '1019503684356', '49'),
('1024583228543', '1028572556325', '24'),
('1021487095814', '1015439199628', '40'),
('1021487095814', '1028959798347', '17'),
('1021487095814', '1029240591946', '7'),
('1026140650281', '1028959798347', '13'),
('1017148443627', '1028959798347', '14'),
('1015439644996', '1028959798347', '17'),
('1016730061655', '1024592802696', '33'),
('1024583349330', '1016045744316', '71'),
('1024583349330', '1029240591946', '7'),
('1025029389427', '1028959798347', '16'),
('1025029389427', '1029240591946', '7'),
('1023459951983', '1028572556325', '24'),
('1023459951983', '1028959798347', '17'),
('1024938674289', '1019503684356', '49'),
('1024938674289', '1025028206102', '27'),
('1027964508169', '1024592802696', '33'),
('1015439644996', '1029940747770', '5'),
('1021547530655', '1018630040414', '51'),
('1021547530655', '1026932502854', '17'),
('1021547530655', '1027220991149', '17'),
('1021547530655', '1029320981135', '16'),
('1023459951983', '1029940909128', '3'),
('1025030216215', '1029940909128', '3'),
('1017770512556', '1019742207241', '56'),
('1017770512556', '1029445174429', '6'),
('1017770512556', '1029940747770', '3'),
('1028729089301', '1029940747770', '4'),
('1021487095814', '1029940909128', '4'),
('1027742288038', '1029940909128', '5'),
('1025056925487', '1015618391913', '51'),
('1025056925487', '1019521412057', '61'),
('1025056925487', '1019742207241', '57'),
('1025056925487', '1019795057341', '47'),
('1025056925487', '1021497581156', '47'),
('1025056925487', '1026806480296', '18'),
('1025056925487', '1027970948483', '18'),
('1025056925487', '1029320981135', '17'),
('1025056925487', '1029445174429', '7'),
('1025056925487', '1029940747770', '5'),
('1019737602440', '1028959798347', '13'),
('1018517966065', '1027970948483', '18'),
('1018517966065', '1028572556325', '23'),
('1018517966065', '1028959798347', '13'),
('1018517966065', '1029240591946', '7'),
('1018517966065', '1029320981135', '17'),
('1018517966065', '1029445174429', '7');
# --------------------------------------------------------

#
# Estrutura da tabela `userstate`
#

DROP TABLE IF EXISTS `userstate`;
CREATE TABLE `userstate` (
  `userID` varchar(25) NOT NULL default '',
  `lastAccessIP` varchar(30) NOT NULL default '',
  `lastAccessTime` varchar(25) NOT NULL default '0',
  PRIMARY KEY  (`userID`)
) TYPE=MyISAM COMMENT='Representa o estado do usuário na sua ultima visita';

#
# Extraindo dados da tabela `userstate`
#

INSERT INTO `userstate` (`userID`, `lastAccessIP`, `lastAccessTime`) VALUES ('1015439644996', '192.168.10.40', '1030063634507'),
('1015331789194', '192.168.10.14', '1029450834852'),
('1017927390789', '200.241.160.10', '1028038624244'),
('1019139944399', '200.199.62.96', '1030050336899'),
('1020369242464', '200.199.64.202', '1030047075940'),
('1022090270729', '200.199.51.77', '1029389710075'),
('1019581119050', '200.151.194.106', '1027809181981'),
('1021547530655', '200.133.126.54', '1029949727945'),
('1017770512556', '192.168.10.12', '1029963167167'),
('1016575802563', '200.241.149.17', '1024512164423'),
('1016734899516', '200.199.95.104', '1030073698742'),
('1018372172359', '150.161.2.4', '1028645500963'),
('1019503247967', '200.241.149.34', '1029347503850'),
('1021250054245', '200.252.60.141', '1024058072435'),
('1023459951983', '192.168.10.16', '1029957760116'),
('1015347803599', '192.168.10.13', '1029521567103'),
('1019502819145', '200.241.146.219', '1025812221341'),
('1019700068942', '200.252.31.15', '1030039524624'),
('1018619379980', '200.227.134.109', '1027286637035'),
('1019070885655', '200.199.51.5', '1028478833846'),
('1018362443321', '200.199.95.137', '1027552896640'),
('1018377048288', '192.168.10.15', '1024415250541'),
('1024421269647', '200.151.214.194', '1028959911864'),
('1018369114777', '200.151.222.250', '1029881092758'),
('1017863472602', '200.241.149.17', '1030105116734'),
('1020271910319', '200.241.149.17', '1028157053640'),
('1024519872238', '200.241.149.233', '1029785421071'),
('1016302913498', '200.241.169.206', '1028896055770'),
('1024585782347', '200.129.64.99', '1026746007408'),
('1024594709116', '200.151.203.63', '1029424191203'),
('1019492177417', '200.244.150.4', '1026502378655'),
('1017056954518', '192.168.10.40', '1030031155680'),
('1016563792202', '200.151.157.223', '1028714786865'),
('1024583228543', '200.241.149.140', '1030020018927'),
('1018445108826', '200.241.161.141', '1029705239517'),
('1019503912147', '200.199.63.248', '1024930628543'),
('1024938674289', '200.133.126.11', '1029880510986'),
('1018471144727', '200.165.88.40', '1029120011341'),
('1024972245024', '200.129.64.97', '1028153844792'),
('1025029389427', '200.199.95.62', '1029968598425'),
('1024963137982', '150.165.75.143', '1025031974095'),
('1025030216215', '200.241.149.17', '1029954506220'),
('1019484142388', '192.168.10.21', '1030114497991'),
('1025029436714', '200.244.150.19', '1029925337899'),
('1024336496530', '200.241.150.34', '1030021643348'),
('1018630512794', '150.161.2.4', '1029798151914'),
('1021486913977', '200.17.115.144', '1030019576182'),
('1025192798723', '200.241.149.17', '1029952962657'),
('1017752939512', '200.241.149.233', '1029496484696'),
('1025201469667', '200.241.150.19', '1029956248621'),
('1018471180982', '192.168.10.11', '1028059339677'),
('1017770043725', '200.241.149.233', '1029778771654'),
('1025203222825', '200.199.140.14', '1029934127338'),
('1025056925487', '200.199.87.9', '1030101490769'),
('1018466256322', '198.81.9.2', '1029236250495'),
('1021487095814', '200.17.115.142', '1030019572409'),
('1019830851073', '200.151.167.71', '1025573109097'),
('1025702315388', '200.244.150.19', '1029944267001'),
('1024583349330', '200.241.149.140', '1029933285074'),
('1025702865556', '200.241.149.194', '1027353226159'),
('1025703910562', '200.241.161.123', '1026427542460'),
('1025709453428', '200.151.154.27', '1029165538537'),
('1025709950535', '200.199.62.56', '1029078536349'),
('1019737602440', '200.241.161.131', '1030106587249'),
('1018878153623', '200.241.149.194', '1028048864988'),
('1025753135892', '200.151.177.76', '1026964631323'),
('1018995994873', '200.151.155.28', '1030033031440'),
('1019423755498', '200.241.161.137', '1027774209913'),
('1025801616515', '200.241.169.206', '1029445513210'),
('1025803404829', '200.199.71.109', '1029340191205'),
('1016687252266', '192.168.10.111', '1029016367468'),
('1017230367133', '200.241.149.17', '1029865404271'),
('1016645351524', '200.241.149.17', '1029354439225'),
('1016645622861', '192.168.10.19', '1027115366969'),
('1025779965235', '200.241.161.213', '1029843251365'),
('1018517966065', '200.241.149.135', '1030114769573'),
('1025173937798', '200.244.150.19', '1030103535097'),
('1019072257712', '200.151.214.5', '1027831415681'),
('1017148443627', '200.241.161.191', '1029711513963'),
('1025875265469', '200.199.64.202', '1029348808722'),
('1017523453083', '200.199.64.170', '1029340517557'),
('1017752764345', '200.241.149.233', '1029412642459'),
('1025877060139', '200.227.207.40', '1026221329179'),
('1016730061655', '192.168.10.14', '1029795737722'),
('1025887954643', '200.241.149.233', '1025888200199'),
('1018286709116', '200.241.154.130', '1029799451431'),
('1017232383457', '200.241.60.2', '1030025852775'),
('1019087441845', '200.199.72.199', '1029692736708'),
('1025954574702', '200.192.112.12', '1025954758276'),
('1020098106685', '200.151.202.4', '1029262233679'),
('1019928394169', '200.151.189.6', '1029607554033'),
('1024946109986', '200.199.58.83', '1028762048298'),
('1026140650281', '200.191.223.32', '1029702927425'),
('1019511473814', '192.168.10.14', '1026141673537'),
('1019050866592', '192.168.10.11', '1029437724957'),
('1026141763486', '200.241.149.233', '1028205955073'),
('1018530873710', '200.241.149.226', '1026144817133'),
('1017145015032', '200.199.95.139', '1030026866984'),
('1019676386491', '200.151.152.2', '1030048017063'),
('1026171950528', '192.168.10.15', '1026172134218'),
('1019843336128', '192.168.10.48', '1029938446860'),
('1020348347156', '200.241.160.21', '1029411225543'),
('1019070831131', '200.199.72.226', '1029901419940'),
('1025457270811', '200.241.161.41', '1029014447104'),
('1020356685078', '200.241.149.50', '1029847643621'),
('1023908912014', '200.151.202.125', '1029903572408'),
('1026149751572', '200.199.53.88', '1029454504285'),
('1020206016225', '200.191.20.28', '1026927525665'),
('1019513721235', '200.241.149.226', '1026311394745'),
('1026312316718', '192.168.10.15', '1026312500526'),
('1019492372246', '200.244.150.4', '1027966667319'),
('1026153126144', '192.168.10.14', '1029262840302'),
('1026398326573', '200.199.87.10', '1026398374716'),
('1017759684113', '200.199.82.198', '1026398935033'),
('1026407249700', '200.241.149.226', '1026424048912'),
('1017680882034', '200.241.149.17', '1030114754432'),
('1019071557673', '200.227.208.7', '1029894034079'),
('1026420891004', '200.151.156.188', '1028217317253'),
('1019050994833', '200.241.149.17', '1029344266443'),
('1026421917400', '200.129.64.96', '1026422333746'),
('1026423723630', '192.168.10.14', '1026423893889'),
('1021255187421', '200.241.164.114', '1027982536454'),
('1018530537981', '200.199.61.170', '1029897823186'),
('1019476177508', '200.199.64.146', '1030044267783'),
('1026218361696', '200.254.113.21', '1027972923884'),
('1015438291312', '192.168.10.15', '1027801328897'),
('1026507269625', '200.241.149.226', '1026508394462'),
('1018651691296', '200.227.200.89', '1029610821983'),
('1026592468087', '200.241.146.134', '1026592872773'),
('1020381165976', '200.241.146.111', '1026593361930'),
('1026626061856', '200.181.154.46', '1026626604546'),
('1026056656300', '192.168.10.14', '1026661946059'),
('1026662649313', '200.227.207.20', '1029433604331'),
('1026669832520', '150.165.61.11', '1029945340604'),
('1026676958393', '150.165.75.144', '1029326085281'),
('1022709335788', '200.129.64.99', '1026740471493'),
('1024265573543', '200.241.149.226', '1026742522936'),
('1025794822125', '200.241.149.226', '1026753589185'),
('1018452384965', '200.199.61.153', '1029469480312'),
('1026751356336', '200.129.64.97', '1028729991546'),
('1026763133129', '200.129.64.99', '1026913898394'),
('1021497701327', '200.241.169.206', '1026942901246'),
('1026764171721', '200.199.64.147', '1026765562941'),
('1019649511805', '200.199.88.68', '1026779415741'),
('1026751861756', '150.165.85.69', '1030031327646'),
('1026824697073', '200.151.168.94', '1027280734184'),
('1017081590858', '152.163.188.225', '1026837957189'),
('1020007158410', '200.151.159.81', '1029340219738'),
('1026838991512', '200.129.64.10', '1026839449098'),
('1020179615378', '200.241.146.127', '1028342528997'),
('1026928000422', '200.241.149.17', '1029430169126'),
('1026933242802', '200.199.95.143', '1027982240966'),
('1017919219114', '200.252.60.137', '1030030401982'),
('1019499371730', '200.244.150.4', '1026995989002'),
('1020375000771', '200.199.87.3', '1027079811339'),
('1027005176702', '200.199.87.3', '1027705312585'),
('1027018223235', '200.241.172.3', '1030019945050'),
('1019049525378', '24.219.114.216', '1029452364264'),
('1027032530488', '200.151.216.201', '1029943547115'),
('1019740508186', '200.244.150.4', '1027088643158'),
('1027094873530', '150.165.75.51', '1027095083108'),
('1027101429236', '200.151.218.216', '1028513449770'),
('1021263388215', '200.191.62.164', '1027901423318'),
('1027275442610', '200.227.39.118', '1027277653412'),
('1027303215000', '200.241.161.25', '1028777462884'),
('1027346931626', '200.222.81.1', '1028732304213'),
('1019600236718', '200.227.200.66', '1029549548737'),
('1027349267540', '200.241.169.206', '1029961938739'),
('1027427649591', '200.199.56.189', '1030031719907'),
('1027431809250', '200.151.191.121', '1030059973110'),
('1019579917706', '200.227.208.59', '1027527361326'),
('1027537680086', '200.151.204.46', '1029959136224'),
('1016224005196', '200.151.178.241', '1028345816974'),
('1018531000848', '200.199.58.94', '1029373500081'),
('1027615410516', '200.199.87.133', '1029504447520'),
('1027615339793', '200.151.199.202', '1029624057269'),
('1027615720118', '200.133.126.117', '1027616780586'),
('1027689874394', '200.199.64.147', '1027690266200'),
('1027699233787', '200.241.160.21', '1027699319001'),
('1017928354457', '200.241.160.21', '1027700289934'),
('1027721717791', '200.199.65.25', '1027721885016'),
('1018487936089', '200.170.57.139', '1030043703579'),
('1027795156435', '198.81.8.1', '1027795682681'),
('1027802201421', '192.168.10.15', '1027802748475'),
('1027742288038', '200.227.208.25', '1030049877973'),
('1019677327950', '200.199.63.2', '1029924874437'),
('1020488632086', '200.151.170.49', '1027910600615'),
('1027946520577', '200.199.64.147', '1027946698471'),
('1027949734075', '200.241.149.50', '1029931734579'),
('1027700234406', '200.241.160.10', '1028038357476'),
('1027953641429', '150.163.25.44', '1027953786886'),
('1027959213022', '200.151.154.174', '1029901199070'),
('1027964508169', '200.199.95.147', '1029924751900'),
('1026841972196', '200.151.215.74', '1027978167365'),
('1028033173808', '200.199.80.42', '1028040348353'),
('1028036096193', '200.241.161.246', '1028567418250'),
('1028036739479', '192.168.10.48', '1029252073437'),
('1028036932694', '192.168.10.18', '1028037339468'),
('1028058430689', '200.241.146.200', '1029852299283'),
('1028058536040', '200.227.134.138', '1028060034844'),
('1028120564568', '200.241.149.146', '1029438394008'),
('1028121364681', '200.241.149.146', '1029508645497'),
('1028134962805', '192.168.10.40', '1030029831216'),
('1028173095899', '200.199.51.1', '1028173536002'),
('1028209117615', '200.252.157.100', '1029528737427'),
('1028225756045', '200.221.180.188', '1028634853263'),
('1028285814803', '192.168.10.14', '1028286005856'),
('1028286094826', '192.168.10.14', '1028286261718'),
('1028300893273', '200.241.149.146', '1028309264069'),
('1028309076561', '200.241.149.146', '1028310585978'),
('1028310968201', '200.241.149.146', '1028311342125'),
('1028310980341', '200.241.149.146', '1028313093703'),
('1028226143453', '200.241.150.98', '1028315931884'),
('1028032720632', '200.241.149.17', '1028330306752'),
('1028330120823', '200.241.149.17', '1028330611601'),
('1028511608067', '200.151.218.216', '1028512523263'),
('1018452532035', '200.241.146.225', '1029544636245'),
('1028572422016', '200.241.169.206', '1029519353901'),
('1028552144379', '200.151.196.174', '1030074677342'),
('1021061041042', '200.133.126.11', '1028730140131'),
('1028033625449', '200.133.126.127', '1029759847583'),
('1028898290944', '192.168.10.50', '1028898529901'),
('1028847916546', '200.199.57.83', '1029254144654'),
('1028922916146', '200.191.61.26', '1029877851360'),
('1028847084321', '200.133.126.89', '1028933083930'),
('1027530335040', '200.133.17.34', '1029949883995'),
('1028729089301', '200.199.65.25', '1029968016550'),
('1029165715004', '200.222.81.1', '1029179070422'),
('1018271591200', '200.241.149.226', '1029258969423'),
('1029263222063', '200.202.168.13', '1029326822117'),
('1029330490802', '200.179.151.122', '1029331524142'),
('1029331712317', '200.199.64.147', '1029332645953'),
('1029345274591', '200.255.122.8', '1029345702520'),
('1029683671061', '200.199.71.58', '1029683780101'),
('1029784654979', '200.241.149.34', '1029785185301'),
('1029897991245', '192.168.10.40', '1029940125953');

